browser,browser_version,scenario,repeat,phase,status,elapsed_ms,load_ms,network_fetch_ms,module_import_ms,runtime_init_ms,pure_js_compute_ms,serialization_ms,js_heap_bytes,observed_peak_js_heap_bytes,sdk_module_fetch_ms,public_spectrum_fetch_ms,public_catalog_fetch_ms,native_fit_ms,adapter_fit_ms,qc_evidence_ms,bootstrap_ms,plot_render_ms,report_serialization_ms,result_serialization_ms,pyodide_initialization_ms,webR_initialization_ms,wrapped_package_import_ms,stage_availability,sample_count,signature_count,rank_selection_ms,extraction_ms,error
chrome,150.0.7871.187,single_sample_fit_report,1,cold,completed,4653.575000047684,4649.450000047684,4646.375,4649.445000171661,,3.6650002002716064,0.45999979972839355,20664820,20664820,4646.375,,,2.620000123977661,,0.934999942779541,,,0.45999979972839355,,,,,"{""sdkModuleFetchImport"":""measured in cold phase; warm phase reuses the loaded module"",""pyodideInitialization"":""not_applicable_native_javascript_path"",""webRInitialization"":""not_applicable_native_javascript_path"",""wrappedPackageImport"":""not_applicable_native_javascript_path"",""publicSpectrumCatalogFetch"":""not_measured_synthetic_inputs_are_in_memory"",""nativeFitting"":""measured where the scenario uses native NNLS"",""adapterFitting"":""not_applicable_native_javascript_path"",""qcEvidence"":""measured only for single_sample_fit_report"",""bootstrap"":""measured only for bootstrap_500"",""plotRendering"":""not_measured"",""reportSerialization"":""measured only for single_sample_fit_report"",""endToEndElapsed"":""measured"",""memory"":""observed JS heap sampled at stage boundaries where performance.memory is exposed; not OS process peak""}",1,9,,,
chrome,150.0.7871.187,single_sample_fit_report,1,warm,completed,1.0950000286102295,,0,0,,1.0199999809265137,0.07500004768371582,20664820,20664820,,,,0.5399999618530273,,0.440000057220459,,,0.07500004768371582,,,,,"{""sdkModuleFetchImport"":""measured in cold phase; warm phase reuses the loaded module"",""pyodideInitialization"":""not_applicable_native_javascript_path"",""webRInitialization"":""not_applicable_native_javascript_path"",""wrappedPackageImport"":""not_applicable_native_javascript_path"",""publicSpectrumCatalogFetch"":""not_measured_synthetic_inputs_are_in_memory"",""nativeFitting"":""measured where the scenario uses native NNLS"",""adapterFitting"":""not_applicable_native_javascript_path"",""qcEvidence"":""measured only for single_sample_fit_report"",""bootstrap"":""measured only for bootstrap_500"",""plotRendering"":""not_measured"",""reportSerialization"":""measured only for single_sample_fit_report"",""endToEndElapsed"":""measured"",""memory"":""observed JS heap sampled at stage boundaries where performance.memory is exposed; not OS process peak""}",1,9,,,
chrome,150.0.7871.187,single_sample_fit_report,2,cold,completed,2966.130000114441,2958.975000143051,2954.6449999809265,2958.9700000286102,,6.4750001430511475,0.679999828338623,20627968,20627968,2954.6449999809265,,,4.570000171661377,,1.6949999332427979,,,0.679999828338623,,,,,"{""sdkModuleFetchImport"":""measured in cold phase; warm phase reuses the loaded module"",""pyodideInitialization"":""not_applicable_native_javascript_path"",""webRInitialization"":""not_applicable_native_javascript_path"",""wrappedPackageImport"":""not_applicable_native_javascript_path"",""publicSpectrumCatalogFetch"":""not_measured_synthetic_inputs_are_in_memory"",""nativeFitting"":""measured where the scenario uses native NNLS"",""adapterFitting"":""not_applicable_native_javascript_path"",""qcEvidence"":""measured only for single_sample_fit_report"",""bootstrap"":""measured only for bootstrap_500"",""plotRendering"":""not_measured"",""reportSerialization"":""measured only for single_sample_fit_report"",""endToEndElapsed"":""measured"",""memory"":""observed JS heap sampled at stage boundaries where performance.memory is exposed; not OS process peak""}",1,9,,,
chrome,150.0.7871.187,single_sample_fit_report,2,warm,completed,2.195000171661377,,0,0,,2.0350000858306885,0.16000008583068848,20627968,20627968,,,,1.0550000667572021,,0.9149999618530273,,,0.16000008583068848,,,,,"{""sdkModuleFetchImport"":""measured in cold phase; warm phase reuses the loaded module"",""pyodideInitialization"":""not_applicable_native_javascript_path"",""webRInitialization"":""not_applicable_native_javascript_path"",""wrappedPackageImport"":""not_applicable_native_javascript_path"",""publicSpectrumCatalogFetch"":""not_measured_synthetic_inputs_are_in_memory"",""nativeFitting"":""measured where the scenario uses native NNLS"",""adapterFitting"":""not_applicable_native_javascript_path"",""qcEvidence"":""measured only for single_sample_fit_report"",""bootstrap"":""measured only for bootstrap_500"",""plotRendering"":""not_measured"",""reportSerialization"":""measured only for single_sample_fit_report"",""endToEndElapsed"":""measured"",""memory"":""observed JS heap sampled at stage boundaries where performance.memory is exposed; not OS process peak""}",1,9,,,
chrome,150.0.7871.187,single_sample_fit_report,3,cold,completed,5310.060000181198,5305.080000162125,5302.1449999809265,5305.069999933243,,4.414999961853027,0.565000057220459,20670176,20670176,5302.1449999809265,,,3.0299999713897705,,1.2300000190734863,,,0.565000057220459,,,,,"{""sdkModuleFetchImport"":""measured in cold phase; warm phase reuses the loaded module"",""pyodideInitialization"":""not_applicable_native_javascript_path"",""webRInitialization"":""not_applicable_native_javascript_path"",""wrappedPackageImport"":""not_applicable_native_javascript_path"",""publicSpectrumCatalogFetch"":""not_measured_synthetic_inputs_are_in_memory"",""nativeFitting"":""measured where the scenario uses native NNLS"",""adapterFitting"":""not_applicable_native_javascript_path"",""qcEvidence"":""measured only for single_sample_fit_report"",""bootstrap"":""measured only for bootstrap_500"",""plotRendering"":""not_measured"",""reportSerialization"":""measured only for single_sample_fit_report"",""endToEndElapsed"":""measured"",""memory"":""observed JS heap sampled at stage boundaries where performance.memory is exposed; not OS process peak""}",1,9,,,
chrome,150.0.7871.187,single_sample_fit_report,3,warm,completed,1.565000057220459,,0,0,,1.4750001430511475,0.08999991416931152,20670176,20670176,,,,0.7749998569488525,,0.625,,,0.08999991416931152,,,,,"{""sdkModuleFetchImport"":""measured in cold phase; warm phase reuses the loaded module"",""pyodideInitialization"":""not_applicable_native_javascript_path"",""webRInitialization"":""not_applicable_native_javascript_path"",""wrappedPackageImport"":""not_applicable_native_javascript_path"",""publicSpectrumCatalogFetch"":""not_measured_synthetic_inputs_are_in_memory"",""nativeFitting"":""measured where the scenario uses native NNLS"",""adapterFitting"":""not_applicable_native_javascript_path"",""qcEvidence"":""measured only for single_sample_fit_report"",""bootstrap"":""measured only for bootstrap_500"",""plotRendering"":""not_measured"",""reportSerialization"":""measured only for single_sample_fit_report"",""endToEndElapsed"":""measured"",""memory"":""observed JS heap sampled at stage boundaries where performance.memory is exposed; not OS process peak""}",1,9,,,
chrome,150.0.7871.187,single_sample_fit_report,4,cold,completed,1554.1800000667572,1549.6500000953674,1546.0999999046326,1549.6500000953674,,3.9649999141693115,0.565000057220459,20635976,20635976,1546.0999999046326,,,2.759999990463257,,1.0699999332427979,,,0.565000057220459,,,,,"{""sdkModuleFetchImport"":""measured in cold phase; warm phase reuses the loaded module"",""pyodideInitialization"":""not_applicable_native_javascript_path"",""webRInitialization"":""not_applicable_native_javascript_path"",""wrappedPackageImport"":""not_applicable_native_javascript_path"",""publicSpectrumCatalogFetch"":""not_measured_synthetic_inputs_are_in_memory"",""nativeFitting"":""measured where the scenario uses native NNLS"",""adapterFitting"":""not_applicable_native_javascript_path"",""qcEvidence"":""measured only for single_sample_fit_report"",""bootstrap"":""measured only for bootstrap_500"",""plotRendering"":""not_measured"",""reportSerialization"":""measured only for single_sample_fit_report"",""endToEndElapsed"":""measured"",""memory"":""observed JS heap sampled at stage boundaries where performance.memory is exposed; not OS process peak""}",1,9,,,
chrome,150.0.7871.187,single_sample_fit_report,4,warm,completed,1.2100000381469727,,0,0,,1.125,0.08500003814697266,20635976,20635976,,,,0.5800001621246338,,0.49499988555908203,,,0.08500003814697266,,,,,"{""sdkModuleFetchImport"":""measured in cold phase; warm phase reuses the loaded module"",""pyodideInitialization"":""not_applicable_native_javascript_path"",""webRInitialization"":""not_applicable_native_javascript_path"",""wrappedPackageImport"":""not_applicable_native_javascript_path"",""publicSpectrumCatalogFetch"":""not_measured_synthetic_inputs_are_in_memory"",""nativeFitting"":""measured where the scenario uses native NNLS"",""adapterFitting"":""not_applicable_native_javascript_path"",""qcEvidence"":""measured only for single_sample_fit_report"",""bootstrap"":""measured only for bootstrap_500"",""plotRendering"":""not_measured"",""reportSerialization"":""measured only for single_sample_fit_report"",""endToEndElapsed"":""measured"",""memory"":""observed JS heap sampled at stage boundaries where performance.memory is exposed; not OS process peak""}",1,9,,,
chrome,150.0.7871.187,single_sample_fit_report,5,cold,completed,5678.984999895096,5672.149999856949,5668.539999961853,5672.149999856949,,6.170000076293945,0.6649999618530273,20656584,20656584,5668.539999961853,,,4.484999895095825,,1.4900000095367432,,,0.6649999618530273,,,,,"{""sdkModuleFetchImport"":""measured in cold phase; warm phase reuses the loaded module"",""pyodideInitialization"":""not_applicable_native_javascript_path"",""webRInitialization"":""not_applicable_native_javascript_path"",""wrappedPackageImport"":""not_applicable_native_javascript_path"",""publicSpectrumCatalogFetch"":""not_measured_synthetic_inputs_are_in_memory"",""nativeFitting"":""measured where the scenario uses native NNLS"",""adapterFitting"":""not_applicable_native_javascript_path"",""qcEvidence"":""measured only for single_sample_fit_report"",""bootstrap"":""measured only for bootstrap_500"",""plotRendering"":""not_measured"",""reportSerialization"":""measured only for single_sample_fit_report"",""endToEndElapsed"":""measured"",""memory"":""observed JS heap sampled at stage boundaries where performance.memory is exposed; not OS process peak""}",1,9,,,
chrome,150.0.7871.187,single_sample_fit_report,5,warm,completed,2.004999876022339,,0,0,,1.8399999141693115,0.16499996185302734,20656584,20656584,,,,1.0099999904632568,,0.7400000095367432,,,0.16499996185302734,,,,,"{""sdkModuleFetchImport"":""measured in cold phase; warm phase reuses the loaded module"",""pyodideInitialization"":""not_applicable_native_javascript_path"",""webRInitialization"":""not_applicable_native_javascript_path"",""wrappedPackageImport"":""not_applicable_native_javascript_path"",""publicSpectrumCatalogFetch"":""not_measured_synthetic_inputs_are_in_memory"",""nativeFitting"":""measured where the scenario uses native NNLS"",""adapterFitting"":""not_applicable_native_javascript_path"",""qcEvidence"":""measured only for single_sample_fit_report"",""bootstrap"":""measured only for bootstrap_500"",""plotRendering"":""not_measured"",""reportSerialization"":""measured only for single_sample_fit_report"",""endToEndElapsed"":""measured"",""memory"":""observed JS heap sampled at stage boundaries where performance.memory is exposed; not OS process peak""}",1,9,,,
chrome,150.0.7871.187,single_sample_fit_report,6,cold,completed,1669.4400000572205,1663.920000076294,1660.6800000667572,1663.920000076294,,4.894999980926514,0.625,20642176,20642176,1660.6800000667572,,,3.490000009536743,,1.2599999904632568,,,0.625,,,,,"{""sdkModuleFetchImport"":""measured in cold phase; warm phase reuses the loaded module"",""pyodideInitialization"":""not_applicable_native_javascript_path"",""webRInitialization"":""not_applicable_native_javascript_path"",""wrappedPackageImport"":""not_applicable_native_javascript_path"",""publicSpectrumCatalogFetch"":""not_measured_synthetic_inputs_are_in_memory"",""nativeFitting"":""measured where the scenario uses native NNLS"",""adapterFitting"":""not_applicable_native_javascript_path"",""qcEvidence"":""measured only for single_sample_fit_report"",""bootstrap"":""measured only for bootstrap_500"",""plotRendering"":""not_measured"",""reportSerialization"":""measured only for single_sample_fit_report"",""endToEndElapsed"":""measured"",""memory"":""observed JS heap sampled at stage boundaries where performance.memory is exposed; not OS process peak""}",1,9,,,
chrome,150.0.7871.187,single_sample_fit_report,6,warm,completed,1.4549999237060547,,0,0,,1.3650000095367432,0.08999991416931152,20642176,20642176,,,,0.6150000095367432,,0.6949999332427979,,,0.08999991416931152,,,,,"{""sdkModuleFetchImport"":""measured in cold phase; warm phase reuses the loaded module"",""pyodideInitialization"":""not_applicable_native_javascript_path"",""webRInitialization"":""not_applicable_native_javascript_path"",""wrappedPackageImport"":""not_applicable_native_javascript_path"",""publicSpectrumCatalogFetch"":""not_measured_synthetic_inputs_are_in_memory"",""nativeFitting"":""measured where the scenario uses native NNLS"",""adapterFitting"":""not_applicable_native_javascript_path"",""qcEvidence"":""measured only for single_sample_fit_report"",""bootstrap"":""measured only for bootstrap_500"",""plotRendering"":""not_measured"",""reportSerialization"":""measured only for single_sample_fit_report"",""endToEndElapsed"":""measured"",""memory"":""observed JS heap sampled at stage boundaries where performance.memory is exposed; not OS process peak""}",1,9,,,
chrome,150.0.7871.187,single_sample_fit_report,7,cold,completed,3131.0199999809265,3122.789999961853,3118.800000190735,3122.789999961853,,7.545000076293945,0.684999942779541,20644956,20644956,3118.800000190735,,,5.715000152587891,,1.619999885559082,,,0.684999942779541,,,,,"{""sdkModuleFetchImport"":""measured in cold phase; warm phase reuses the loaded module"",""pyodideInitialization"":""not_applicable_native_javascript_path"",""webRInitialization"":""not_applicable_native_javascript_path"",""wrappedPackageImport"":""not_applicable_native_javascript_path"",""publicSpectrumCatalogFetch"":""not_measured_synthetic_inputs_are_in_memory"",""nativeFitting"":""measured where the scenario uses native NNLS"",""adapterFitting"":""not_applicable_native_javascript_path"",""qcEvidence"":""measured only for single_sample_fit_report"",""bootstrap"":""measured only for bootstrap_500"",""plotRendering"":""not_measured"",""reportSerialization"":""measured only for single_sample_fit_report"",""endToEndElapsed"":""measured"",""memory"":""observed JS heap sampled at stage boundaries where performance.memory is exposed; not OS process peak""}",1,9,,,
chrome,150.0.7871.187,single_sample_fit_report,7,warm,completed,1.7350001335144043,,0,0,,1.6100001335144043,0.125,20644956,20644956,,,,0.880000114440918,,0.6750001907348633,,,0.125,,,,,"{""sdkModuleFetchImport"":""measured in cold phase; warm phase reuses the loaded module"",""pyodideInitialization"":""not_applicable_native_javascript_path"",""webRInitialization"":""not_applicable_native_javascript_path"",""wrappedPackageImport"":""not_applicable_native_javascript_path"",""publicSpectrumCatalogFetch"":""not_measured_synthetic_inputs_are_in_memory"",""nativeFitting"":""measured where the scenario uses native NNLS"",""adapterFitting"":""not_applicable_native_javascript_path"",""qcEvidence"":""measured only for single_sample_fit_report"",""bootstrap"":""measured only for bootstrap_500"",""plotRendering"":""not_measured"",""reportSerialization"":""measured only for single_sample_fit_report"",""endToEndElapsed"":""measured"",""memory"":""observed JS heap sampled at stage boundaries where performance.memory is exposed; not OS process peak""}",1,9,,,
chrome,150.0.7871.187,single_sample_fit_report,8,cold,completed,4074.444999933243,4069.359999895096,4065.1500000953674,4069.359999895096,,4.6000001430511475,0.4849998950958252,20679536,20679536,4065.1500000953674,,,3.3450000286102295,,1.0950000286102295,,,0.4849998950958252,,,,,"{""sdkModuleFetchImport"":""measured in cold phase; warm phase reuses the loaded module"",""pyodideInitialization"":""not_applicable_native_javascript_path"",""webRInitialization"":""not_applicable_native_javascript_path"",""wrappedPackageImport"":""not_applicable_native_javascript_path"",""publicSpectrumCatalogFetch"":""not_measured_synthetic_inputs_are_in_memory"",""nativeFitting"":""measured where the scenario uses native NNLS"",""adapterFitting"":""not_applicable_native_javascript_path"",""qcEvidence"":""measured only for single_sample_fit_report"",""bootstrap"":""measured only for bootstrap_500"",""plotRendering"":""not_measured"",""reportSerialization"":""measured only for single_sample_fit_report"",""endToEndElapsed"":""measured"",""memory"":""observed JS heap sampled at stage boundaries where performance.memory is exposed; not OS process peak""}",1,9,,,
chrome,150.0.7871.187,single_sample_fit_report,8,warm,completed,1.3250000476837158,,0,0,,1.2150001525878906,0.1099998950958252,20679536,20679536,,,,0.5799999237060547,,0.5799999237060547,,,0.1099998950958252,,,,,"{""sdkModuleFetchImport"":""measured in cold phase; warm phase reuses the loaded module"",""pyodideInitialization"":""not_applicable_native_javascript_path"",""webRInitialization"":""not_applicable_native_javascript_path"",""wrappedPackageImport"":""not_applicable_native_javascript_path"",""publicSpectrumCatalogFetch"":""not_measured_synthetic_inputs_are_in_memory"",""nativeFitting"":""measured where the scenario uses native NNLS"",""adapterFitting"":""not_applicable_native_javascript_path"",""qcEvidence"":""measured only for single_sample_fit_report"",""bootstrap"":""measured only for bootstrap_500"",""plotRendering"":""not_measured"",""reportSerialization"":""measured only for single_sample_fit_report"",""endToEndElapsed"":""measured"",""memory"":""observed JS heap sampled at stage boundaries where performance.memory is exposed; not OS process peak""}",1,9,,,
chrome,150.0.7871.187,single_sample_fit_report,9,cold,completed,4583.4400000572205,4578.240000009537,4574.960000038147,4578.240000009537,,4.5350000858306885,0.6649999618530273,20638936,20638936,4574.960000038147,,,3.234999895095825,,1.1449999809265137,,,0.6649999618530273,,,,,"{""sdkModuleFetchImport"":""measured in cold phase; warm phase reuses the loaded module"",""pyodideInitialization"":""not_applicable_native_javascript_path"",""webRInitialization"":""not_applicable_native_javascript_path"",""wrappedPackageImport"":""not_applicable_native_javascript_path"",""publicSpectrumCatalogFetch"":""not_measured_synthetic_inputs_are_in_memory"",""nativeFitting"":""measured where the scenario uses native NNLS"",""adapterFitting"":""not_applicable_native_javascript_path"",""qcEvidence"":""measured only for single_sample_fit_report"",""bootstrap"":""measured only for bootstrap_500"",""plotRendering"":""not_measured"",""reportSerialization"":""measured only for single_sample_fit_report"",""endToEndElapsed"":""measured"",""memory"":""observed JS heap sampled at stage boundaries where performance.memory is exposed; not OS process peak""}",1,9,,,
chrome,150.0.7871.187,single_sample_fit_report,9,warm,completed,1.4000000953674316,,0,0,,1.315000295639038,0.08499979972839355,20638936,20638936,,,,0.7799999713897705,,0.47499990463256836,,,0.08499979972839355,,,,,"{""sdkModuleFetchImport"":""measured in cold phase; warm phase reuses the loaded module"",""pyodideInitialization"":""not_applicable_native_javascript_path"",""webRInitialization"":""not_applicable_native_javascript_path"",""wrappedPackageImport"":""not_applicable_native_javascript_path"",""publicSpectrumCatalogFetch"":""not_measured_synthetic_inputs_are_in_memory"",""nativeFitting"":""measured where the scenario uses native NNLS"",""adapterFitting"":""not_applicable_native_javascript_path"",""qcEvidence"":""measured only for single_sample_fit_report"",""bootstrap"":""measured only for bootstrap_500"",""plotRendering"":""not_measured"",""reportSerialization"":""measured only for single_sample_fit_report"",""endToEndElapsed"":""measured"",""memory"":""observed JS heap sampled at stage boundaries where performance.memory is exposed; not OS process peak""}",1,9,,,
chrome,150.0.7871.187,single_sample_fit_report,10,cold,completed,4123.75,4115.65499997139,4111,4115.650000095367,,7.3450000286102295,0.75,20667945,20667945,4111,,,5.355000019073486,,1.75,,,0.75,,,,,"{""sdkModuleFetchImport"":""measured in cold phase; warm phase reuses the loaded module"",""pyodideInitialization"":""not_applicable_native_javascript_path"",""webRInitialization"":""not_applicable_native_javascript_path"",""wrappedPackageImport"":""not_applicable_native_javascript_path"",""publicSpectrumCatalogFetch"":""not_measured_synthetic_inputs_are_in_memory"",""nativeFitting"":""measured where the scenario uses native NNLS"",""adapterFitting"":""not_applicable_native_javascript_path"",""qcEvidence"":""measured only for single_sample_fit_report"",""bootstrap"":""measured only for bootstrap_500"",""plotRendering"":""not_measured"",""reportSerialization"":""measured only for single_sample_fit_report"",""endToEndElapsed"":""measured"",""memory"":""observed JS heap sampled at stage boundaries where performance.memory is exposed; not OS process peak""}",1,9,,,
chrome,150.0.7871.187,single_sample_fit_report,10,warm,completed,3.484999895095825,,0,0,,2.2099997997283936,1.2750000953674316,20667945,20667945,,,,1.2999999523162842,,0.8199999332427979,,,1.2750000953674316,,,,,"{""sdkModuleFetchImport"":""measured in cold phase; warm phase reuses the loaded module"",""pyodideInitialization"":""not_applicable_native_javascript_path"",""webRInitialization"":""not_applicable_native_javascript_path"",""wrappedPackageImport"":""not_applicable_native_javascript_path"",""publicSpectrumCatalogFetch"":""not_measured_synthetic_inputs_are_in_memory"",""nativeFitting"":""measured where the scenario uses native NNLS"",""adapterFitting"":""not_applicable_native_javascript_path"",""qcEvidence"":""measured only for single_sample_fit_report"",""bootstrap"":""measured only for bootstrap_500"",""plotRendering"":""not_measured"",""reportSerialization"":""measured only for single_sample_fit_report"",""endToEndElapsed"":""measured"",""memory"":""observed JS heap sampled at stage boundaries where performance.memory is exposed; not OS process peak""}",1,9,,,
chrome,150.0.7871.187,single_sample_fit_report,11,cold,completed,4665.84500002861,4661.914999961853,4658.964999914169,4661.909999847412,,3.5,0.43000006675720215,20658065,20658065,4658.964999914169,,,2.509999990463257,,0.8599998950958252,,,0.43000006675720215,,,,,"{""sdkModuleFetchImport"":""measured in cold phase; warm phase reuses the loaded module"",""pyodideInitialization"":""not_applicable_native_javascript_path"",""webRInitialization"":""not_applicable_native_javascript_path"",""wrappedPackageImport"":""not_applicable_native_javascript_path"",""publicSpectrumCatalogFetch"":""not_measured_synthetic_inputs_are_in_memory"",""nativeFitting"":""measured where the scenario uses native NNLS"",""adapterFitting"":""not_applicable_native_javascript_path"",""qcEvidence"":""measured only for single_sample_fit_report"",""bootstrap"":""measured only for bootstrap_500"",""plotRendering"":""not_measured"",""reportSerialization"":""measured only for single_sample_fit_report"",""endToEndElapsed"":""measured"",""memory"":""observed JS heap sampled at stage boundaries where performance.memory is exposed; not OS process peak""}",1,9,,,
chrome,150.0.7871.187,single_sample_fit_report,11,warm,completed,1.1050000190734863,,0,0,,1.0299999713897705,0.07500004768371582,20658065,20658065,,,,0.5800001621246338,,0.41499996185302734,,,0.07500004768371582,,,,,"{""sdkModuleFetchImport"":""measured in cold phase; warm phase reuses the loaded module"",""pyodideInitialization"":""not_applicable_native_javascript_path"",""webRInitialization"":""not_applicable_native_javascript_path"",""wrappedPackageImport"":""not_applicable_native_javascript_path"",""publicSpectrumCatalogFetch"":""not_measured_synthetic_inputs_are_in_memory"",""nativeFitting"":""measured where the scenario uses native NNLS"",""adapterFitting"":""not_applicable_native_javascript_path"",""qcEvidence"":""measured only for single_sample_fit_report"",""bootstrap"":""measured only for bootstrap_500"",""plotRendering"":""not_measured"",""reportSerialization"":""measured only for single_sample_fit_report"",""endToEndElapsed"":""measured"",""memory"":""observed JS heap sampled at stage boundaries where performance.memory is exposed; not OS process peak""}",1,9,,,
chrome,150.0.7871.187,single_sample_fit_report,12,cold,completed,5056.639999866486,5051.615000009537,5048.840000152588,5051.609999895096,,4.454999923706055,0.5699999332427979,20646317,20646317,5048.840000152588,,,2.990000009536743,,1.3249998092651367,,,0.5699999332427979,,,,,"{""sdkModuleFetchImport"":""measured in cold phase; warm phase reuses the loaded module"",""pyodideInitialization"":""not_applicable_native_javascript_path"",""webRInitialization"":""not_applicable_native_javascript_path"",""wrappedPackageImport"":""not_applicable_native_javascript_path"",""publicSpectrumCatalogFetch"":""not_measured_synthetic_inputs_are_in_memory"",""nativeFitting"":""measured where the scenario uses native NNLS"",""adapterFitting"":""not_applicable_native_javascript_path"",""qcEvidence"":""measured only for single_sample_fit_report"",""bootstrap"":""measured only for bootstrap_500"",""plotRendering"":""not_measured"",""reportSerialization"":""measured only for single_sample_fit_report"",""endToEndElapsed"":""measured"",""memory"":""observed JS heap sampled at stage boundaries where performance.memory is exposed; not OS process peak""}",1,9,,,
chrome,150.0.7871.187,single_sample_fit_report,12,warm,completed,1.2649998664855957,,0,0,,1.174999713897705,0.09000015258789062,20646317,20646317,,,,0.6349999904632568,,0.4850001335144043,,,0.09000015258789062,,,,,"{""sdkModuleFetchImport"":""measured in cold phase; warm phase reuses the loaded module"",""pyodideInitialization"":""not_applicable_native_javascript_path"",""webRInitialization"":""not_applicable_native_javascript_path"",""wrappedPackageImport"":""not_applicable_native_javascript_path"",""publicSpectrumCatalogFetch"":""not_measured_synthetic_inputs_are_in_memory"",""nativeFitting"":""measured where the scenario uses native NNLS"",""adapterFitting"":""not_applicable_native_javascript_path"",""qcEvidence"":""measured only for single_sample_fit_report"",""bootstrap"":""measured only for bootstrap_500"",""plotRendering"":""not_measured"",""reportSerialization"":""measured only for single_sample_fit_report"",""endToEndElapsed"":""measured"",""memory"":""observed JS heap sampled at stage boundaries where performance.memory is exposed; not OS process peak""}",1,9,,,
chrome,150.0.7871.187,single_sample_fit_report,13,cold,completed,1374.2400000095367,1367.4900000095367,1363.6400001049042,1367.4850001335144,,6.210000038146973,0.5399999618530273,20649401,20649401,1363.6400001049042,,,4.700000047683716,,1.309999942779541,,,0.5399999618530273,,,,,"{""sdkModuleFetchImport"":""measured in cold phase; warm phase reuses the loaded module"",""pyodideInitialization"":""not_applicable_native_javascript_path"",""webRInitialization"":""not_applicable_native_javascript_path"",""wrappedPackageImport"":""not_applicable_native_javascript_path"",""publicSpectrumCatalogFetch"":""not_measured_synthetic_inputs_are_in_memory"",""nativeFitting"":""measured where the scenario uses native NNLS"",""adapterFitting"":""not_applicable_native_javascript_path"",""qcEvidence"":""measured only for single_sample_fit_report"",""bootstrap"":""measured only for bootstrap_500"",""plotRendering"":""not_measured"",""reportSerialization"":""measured only for single_sample_fit_report"",""endToEndElapsed"":""measured"",""memory"":""observed JS heap sampled at stage boundaries where performance.memory is exposed; not OS process peak""}",1,9,,,
chrome,150.0.7871.187,single_sample_fit_report,13,warm,completed,1.315000057220459,,0,0,,1.2150001525878906,0.09999990463256836,20649401,20649401,,,,0.6500000953674316,,0.5149998664855957,,,0.09999990463256836,,,,,"{""sdkModuleFetchImport"":""measured in cold phase; warm phase reuses the loaded module"",""pyodideInitialization"":""not_applicable_native_javascript_path"",""webRInitialization"":""not_applicable_native_javascript_path"",""wrappedPackageImport"":""not_applicable_native_javascript_path"",""publicSpectrumCatalogFetch"":""not_measured_synthetic_inputs_are_in_memory"",""nativeFitting"":""measured where the scenario uses native NNLS"",""adapterFitting"":""not_applicable_native_javascript_path"",""qcEvidence"":""measured only for single_sample_fit_report"",""bootstrap"":""measured only for bootstrap_500"",""plotRendering"":""not_measured"",""reportSerialization"":""measured only for single_sample_fit_report"",""endToEndElapsed"":""measured"",""memory"":""observed JS heap sampled at stage boundaries where performance.memory is exposed; not OS process peak""}",1,9,,,
chrome,150.0.7871.187,single_sample_fit_report,14,cold,completed,1599.4499998092651,1593.534999847412,1590.2400000095367,1593.534999847412,,5.329999923706055,0.5850000381469727,20664309,20664309,1590.2400000095367,,,3.9200000762939453,,1.2699999809265137,,,0.5850000381469727,,,,,"{""sdkModuleFetchImport"":""measured in cold phase; warm phase reuses the loaded module"",""pyodideInitialization"":""not_applicable_native_javascript_path"",""webRInitialization"":""not_applicable_native_javascript_path"",""wrappedPackageImport"":""not_applicable_native_javascript_path"",""publicSpectrumCatalogFetch"":""not_measured_synthetic_inputs_are_in_memory"",""nativeFitting"":""measured where the scenario uses native NNLS"",""adapterFitting"":""not_applicable_native_javascript_path"",""qcEvidence"":""measured only for single_sample_fit_report"",""bootstrap"":""measured only for bootstrap_500"",""plotRendering"":""not_measured"",""reportSerialization"":""measured only for single_sample_fit_report"",""endToEndElapsed"":""measured"",""memory"":""observed JS heap sampled at stage boundaries where performance.memory is exposed; not OS process peak""}",1,9,,,
chrome,150.0.7871.187,single_sample_fit_report,14,warm,completed,1.2599999904632568,,0,0,,1.1549999713897705,0.10500001907348633,20664309,20664309,,,,0.6150000095367432,,0.49500012397766113,,,0.10500001907348633,,,,,"{""sdkModuleFetchImport"":""measured in cold phase; warm phase reuses the loaded module"",""pyodideInitialization"":""not_applicable_native_javascript_path"",""webRInitialization"":""not_applicable_native_javascript_path"",""wrappedPackageImport"":""not_applicable_native_javascript_path"",""publicSpectrumCatalogFetch"":""not_measured_synthetic_inputs_are_in_memory"",""nativeFitting"":""measured where the scenario uses native NNLS"",""adapterFitting"":""not_applicable_native_javascript_path"",""qcEvidence"":""measured only for single_sample_fit_report"",""bootstrap"":""measured only for bootstrap_500"",""plotRendering"":""not_measured"",""reportSerialization"":""measured only for single_sample_fit_report"",""endToEndElapsed"":""measured"",""memory"":""observed JS heap sampled at stage boundaries where performance.memory is exposed; not OS process peak""}",1,9,,,
chrome,150.0.7871.187,single_sample_fit_report,15,cold,completed,3337.105000257492,3329.800000190735,3325.960000038147,3329.800000190735,,6.580000162124634,0.7249999046325684,20667081,20667081,3325.960000038147,,,4.2200000286102295,,2.1549999713897705,,,0.7249999046325684,,,,,"{""sdkModuleFetchImport"":""measured in cold phase; warm phase reuses the loaded module"",""pyodideInitialization"":""not_applicable_native_javascript_path"",""webRInitialization"":""not_applicable_native_javascript_path"",""wrappedPackageImport"":""not_applicable_native_javascript_path"",""publicSpectrumCatalogFetch"":""not_measured_synthetic_inputs_are_in_memory"",""nativeFitting"":""measured where the scenario uses native NNLS"",""adapterFitting"":""not_applicable_native_javascript_path"",""qcEvidence"":""measured only for single_sample_fit_report"",""bootstrap"":""measured only for bootstrap_500"",""plotRendering"":""not_measured"",""reportSerialization"":""measured only for single_sample_fit_report"",""endToEndElapsed"":""measured"",""memory"":""observed JS heap sampled at stage boundaries where performance.memory is exposed; not OS process peak""}",1,9,,,
chrome,150.0.7871.187,single_sample_fit_report,15,warm,completed,2.0799999237060547,,0,0,,1.9300000667572021,0.14999985694885254,20667081,20667081,,,,1.0249998569488525,,0.8400001525878906,,,0.14999985694885254,,,,,"{""sdkModuleFetchImport"":""measured in cold phase; warm phase reuses the loaded module"",""pyodideInitialization"":""not_applicable_native_javascript_path"",""webRInitialization"":""not_applicable_native_javascript_path"",""wrappedPackageImport"":""not_applicable_native_javascript_path"",""publicSpectrumCatalogFetch"":""not_measured_synthetic_inputs_are_in_memory"",""nativeFitting"":""measured where the scenario uses native NNLS"",""adapterFitting"":""not_applicable_native_javascript_path"",""qcEvidence"":""measured only for single_sample_fit_report"",""bootstrap"":""measured only for bootstrap_500"",""plotRendering"":""not_measured"",""reportSerialization"":""measured only for single_sample_fit_report"",""endToEndElapsed"":""measured"",""memory"":""observed JS heap sampled at stage boundaries where performance.memory is exposed; not OS process peak""}",1,9,,,
chrome,150.0.7871.187,single_sample_fit_report,16,cold,completed,3743.9450001716614,3736.5250000953674,3733.210000038147,3736.5250000953674,,6.705000162124634,0.7149999141693115,20661217,20661217,3733.210000038147,,,4.609999895095825,,1.8949999809265137,,,0.7149999141693115,,,,,"{""sdkModuleFetchImport"":""measured in cold phase; warm phase reuses the loaded module"",""pyodideInitialization"":""not_applicable_native_javascript_path"",""webRInitialization"":""not_applicable_native_javascript_path"",""wrappedPackageImport"":""not_applicable_native_javascript_path"",""publicSpectrumCatalogFetch"":""not_measured_synthetic_inputs_are_in_memory"",""nativeFitting"":""measured where the scenario uses native NNLS"",""adapterFitting"":""not_applicable_native_javascript_path"",""qcEvidence"":""measured only for single_sample_fit_report"",""bootstrap"":""measured only for bootstrap_500"",""plotRendering"":""not_measured"",""reportSerialization"":""measured only for single_sample_fit_report"",""endToEndElapsed"":""measured"",""memory"":""observed JS heap sampled at stage boundaries where performance.memory is exposed; not OS process peak""}",1,9,,,
chrome,150.0.7871.187,single_sample_fit_report,16,warm,completed,2.134999990463257,,0,0,,1.9649999141693115,0.1700000762939453,20661217,20661217,,,,0.934999942779541,,0.9600000381469727,,,0.1700000762939453,,,,,"{""sdkModuleFetchImport"":""measured in cold phase; warm phase reuses the loaded module"",""pyodideInitialization"":""not_applicable_native_javascript_path"",""webRInitialization"":""not_applicable_native_javascript_path"",""wrappedPackageImport"":""not_applicable_native_javascript_path"",""publicSpectrumCatalogFetch"":""not_measured_synthetic_inputs_are_in_memory"",""nativeFitting"":""measured where the scenario uses native NNLS"",""adapterFitting"":""not_applicable_native_javascript_path"",""qcEvidence"":""measured only for single_sample_fit_report"",""bootstrap"":""measured only for bootstrap_500"",""plotRendering"":""not_measured"",""reportSerialization"":""measured only for single_sample_fit_report"",""endToEndElapsed"":""measured"",""memory"":""observed JS heap sampled at stage boundaries where performance.memory is exposed; not OS process peak""}",1,9,,,
chrome,150.0.7871.187,single_sample_fit_report,17,cold,completed,1498.295000076294,1493.9300000667572,1490.9700000286102,1493.9300000667572,,3.8399999141693115,0.5250000953674316,20644301,20644301,1490.9700000286102,,,2.740000009536743,,0.9800000190734863,,,0.5250000953674316,,,,,"{""sdkModuleFetchImport"":""measured in cold phase; warm phase reuses the loaded module"",""pyodideInitialization"":""not_applicable_native_javascript_path"",""webRInitialization"":""not_applicable_native_javascript_path"",""wrappedPackageImport"":""not_applicable_native_javascript_path"",""publicSpectrumCatalogFetch"":""not_measured_synthetic_inputs_are_in_memory"",""nativeFitting"":""measured where the scenario uses native NNLS"",""adapterFitting"":""not_applicable_native_javascript_path"",""qcEvidence"":""measured only for single_sample_fit_report"",""bootstrap"":""measured only for bootstrap_500"",""plotRendering"":""not_measured"",""reportSerialization"":""measured only for single_sample_fit_report"",""endToEndElapsed"":""measured"",""memory"":""observed JS heap sampled at stage boundaries where performance.memory is exposed; not OS process peak""}",1,9,,,
chrome,150.0.7871.187,single_sample_fit_report,17,warm,completed,1.1299998760223389,,0,0,,1.0449998378753662,0.08500003814697266,20644301,20644301,,,,0.5699999332427979,,0.42999982833862305,,,0.08500003814697266,,,,,"{""sdkModuleFetchImport"":""measured in cold phase; warm phase reuses the loaded module"",""pyodideInitialization"":""not_applicable_native_javascript_path"",""webRInitialization"":""not_applicable_native_javascript_path"",""wrappedPackageImport"":""not_applicable_native_javascript_path"",""publicSpectrumCatalogFetch"":""not_measured_synthetic_inputs_are_in_memory"",""nativeFitting"":""measured where the scenario uses native NNLS"",""adapterFitting"":""not_applicable_native_javascript_path"",""qcEvidence"":""measured only for single_sample_fit_report"",""bootstrap"":""measured only for bootstrap_500"",""plotRendering"":""not_measured"",""reportSerialization"":""measured only for single_sample_fit_report"",""endToEndElapsed"":""measured"",""memory"":""observed JS heap sampled at stage boundaries where performance.memory is exposed; not OS process peak""}",1,9,,,
chrome,150.0.7871.187,single_sample_fit_report,18,cold,completed,5070.474999904633,5065.829999923706,5063.705000162125,5065.825000047684,,4.134999990463257,0.5099999904632568,20650149,20650149,5063.705000162125,,,2.8499999046325684,,1.1399998664855957,,,0.5099999904632568,,,,,"{""sdkModuleFetchImport"":""measured in cold phase; warm phase reuses the loaded module"",""pyodideInitialization"":""not_applicable_native_javascript_path"",""webRInitialization"":""not_applicable_native_javascript_path"",""wrappedPackageImport"":""not_applicable_native_javascript_path"",""publicSpectrumCatalogFetch"":""not_measured_synthetic_inputs_are_in_memory"",""nativeFitting"":""measured where the scenario uses native NNLS"",""adapterFitting"":""not_applicable_native_javascript_path"",""qcEvidence"":""measured only for single_sample_fit_report"",""bootstrap"":""measured only for bootstrap_500"",""plotRendering"":""not_measured"",""reportSerialization"":""measured only for single_sample_fit_report"",""endToEndElapsed"":""measured"",""memory"":""observed JS heap sampled at stage boundaries where performance.memory is exposed; not OS process peak""}",1,9,,,
chrome,150.0.7871.187,single_sample_fit_report,18,warm,completed,1.5899999141693115,,0,0,,1.4799997806549072,0.1100001335144043,20650149,20650149,,,,0.7899999618530273,,0.630000114440918,,,0.1100001335144043,,,,,"{""sdkModuleFetchImport"":""measured in cold phase; warm phase reuses the loaded module"",""pyodideInitialization"":""not_applicable_native_javascript_path"",""webRInitialization"":""not_applicable_native_javascript_path"",""wrappedPackageImport"":""not_applicable_native_javascript_path"",""publicSpectrumCatalogFetch"":""not_measured_synthetic_inputs_are_in_memory"",""nativeFitting"":""measured where the scenario uses native NNLS"",""adapterFitting"":""not_applicable_native_javascript_path"",""qcEvidence"":""measured only for single_sample_fit_report"",""bootstrap"":""measured only for bootstrap_500"",""plotRendering"":""not_measured"",""reportSerialization"":""measured only for single_sample_fit_report"",""endToEndElapsed"":""measured"",""memory"":""observed JS heap sampled at stage boundaries where performance.memory is exposed; not OS process peak""}",1,9,,,
chrome,150.0.7871.187,single_sample_fit_report,19,cold,completed,5441.9400000572205,5403.640000104904,5387.240000009537,5403.634999990463,,34.420000076293945,3.879999876022339,20658845,20658845,5387.240000009537,,,23.52500009536743,,9.934999942779541,,,3.879999876022339,,,,,"{""sdkModuleFetchImport"":""measured in cold phase; warm phase reuses the loaded module"",""pyodideInitialization"":""not_applicable_native_javascript_path"",""webRInitialization"":""not_applicable_native_javascript_path"",""wrappedPackageImport"":""not_applicable_native_javascript_path"",""publicSpectrumCatalogFetch"":""not_measured_synthetic_inputs_are_in_memory"",""nativeFitting"":""measured where the scenario uses native NNLS"",""adapterFitting"":""not_applicable_native_javascript_path"",""qcEvidence"":""measured only for single_sample_fit_report"",""bootstrap"":""measured only for bootstrap_500"",""plotRendering"":""not_measured"",""reportSerialization"":""measured only for single_sample_fit_report"",""endToEndElapsed"":""measured"",""memory"":""observed JS heap sampled at stage boundaries where performance.memory is exposed; not OS process peak""}",1,9,,,
chrome,150.0.7871.187,single_sample_fit_report,19,warm,completed,10.600000143051147,,0,0,,9.71500015258789,0.8849999904632568,20658845,20658845,,,,4.569999933242798,,4.715000152587891,,,0.8849999904632568,,,,,"{""sdkModuleFetchImport"":""measured in cold phase; warm phase reuses the loaded module"",""pyodideInitialization"":""not_applicable_native_javascript_path"",""webRInitialization"":""not_applicable_native_javascript_path"",""wrappedPackageImport"":""not_applicable_native_javascript_path"",""publicSpectrumCatalogFetch"":""not_measured_synthetic_inputs_are_in_memory"",""nativeFitting"":""measured where the scenario uses native NNLS"",""adapterFitting"":""not_applicable_native_javascript_path"",""qcEvidence"":""measured only for single_sample_fit_report"",""bootstrap"":""measured only for bootstrap_500"",""plotRendering"":""not_measured"",""reportSerialization"":""measured only for single_sample_fit_report"",""endToEndElapsed"":""measured"",""memory"":""observed JS heap sampled at stage boundaries where performance.memory is exposed; not OS process peak""}",1,9,,,
chrome,150.0.7871.187,single_sample_fit_report,20,cold,completed,4552.955000162125,4517.350000143051,4499.5199999809265,4517.335000038147,,31.93499994277954,3.6700000762939453,20657457,20657457,4499.5199999809265,,,21.669999837875366,,9.309999942779541,,,3.6700000762939453,,,,,"{""sdkModuleFetchImport"":""measured in cold phase; warm phase reuses the loaded module"",""pyodideInitialization"":""not_applicable_native_javascript_path"",""webRInitialization"":""not_applicable_native_javascript_path"",""wrappedPackageImport"":""not_applicable_native_javascript_path"",""publicSpectrumCatalogFetch"":""not_measured_synthetic_inputs_are_in_memory"",""nativeFitting"":""measured where the scenario uses native NNLS"",""adapterFitting"":""not_applicable_native_javascript_path"",""qcEvidence"":""measured only for single_sample_fit_report"",""bootstrap"":""measured only for bootstrap_500"",""plotRendering"":""not_measured"",""reportSerialization"":""measured only for single_sample_fit_report"",""endToEndElapsed"":""measured"",""memory"":""observed JS heap sampled at stage boundaries where performance.memory is exposed; not OS process peak""}",1,9,,,
chrome,150.0.7871.187,single_sample_fit_report,20,warm,completed,9.604999780654907,,0,0,,8.9399995803833,0.6650002002716064,20657457,20657457,,,,4.200000047683716,,4.3450000286102295,,,0.6650002002716064,,,,,"{""sdkModuleFetchImport"":""measured in cold phase; warm phase reuses the loaded module"",""pyodideInitialization"":""not_applicable_native_javascript_path"",""webRInitialization"":""not_applicable_native_javascript_path"",""wrappedPackageImport"":""not_applicable_native_javascript_path"",""publicSpectrumCatalogFetch"":""not_measured_synthetic_inputs_are_in_memory"",""nativeFitting"":""measured where the scenario uses native NNLS"",""adapterFitting"":""not_applicable_native_javascript_path"",""qcEvidence"":""measured only for single_sample_fit_report"",""bootstrap"":""measured only for bootstrap_500"",""plotRendering"":""not_measured"",""reportSerialization"":""measured only for single_sample_fit_report"",""endToEndElapsed"":""measured"",""memory"":""observed JS heap sampled at stage boundaries where performance.memory is exposed; not OS process peak""}",1,9,,,
chrome,150.0.7871.187,medium_cohort_120,1,cold,completed,9716.56500005722,9464.700000047684,9437.77999997139,9464.680000066757,,250.84500002861023,1.0199999809265137,28983757,28983757,9437.77999997139,,,249.87999987602234,,,,,,1.0199999809265137,,,,"{""sdkModuleFetchImport"":""measured in cold phase; warm phase reuses the loaded module"",""pyodideInitialization"":""not_applicable_native_javascript_path"",""webRInitialization"":""not_applicable_native_javascript_path"",""wrappedPackageImport"":""not_applicable_native_javascript_path"",""publicSpectrumCatalogFetch"":""not_measured_synthetic_inputs_are_in_memory"",""nativeFitting"":""measured where the scenario uses native NNLS"",""adapterFitting"":""not_applicable_native_javascript_path"",""qcEvidence"":""measured only for single_sample_fit_report"",""bootstrap"":""measured only for bootstrap_500"",""plotRendering"":""not_measured"",""reportSerialization"":""measured only for single_sample_fit_report"",""endToEndElapsed"":""measured"",""memory"":""observed JS heap sampled at stage boundaries where performance.memory is exposed; not OS process peak""}",120,9,,,
chrome,150.0.7871.187,medium_cohort_120,1,warm,completed,216.16499996185303,,0,0,,215.53999996185303,0.625,28983757,28983757,,,,215.02499985694885,,,,,,0.625,,,,"{""sdkModuleFetchImport"":""measured in cold phase; warm phase reuses the loaded module"",""pyodideInitialization"":""not_applicable_native_javascript_path"",""webRInitialization"":""not_applicable_native_javascript_path"",""wrappedPackageImport"":""not_applicable_native_javascript_path"",""publicSpectrumCatalogFetch"":""not_measured_synthetic_inputs_are_in_memory"",""nativeFitting"":""measured where the scenario uses native NNLS"",""adapterFitting"":""not_applicable_native_javascript_path"",""qcEvidence"":""measured only for single_sample_fit_report"",""bootstrap"":""measured only for bootstrap_500"",""plotRendering"":""not_measured"",""reportSerialization"":""measured only for single_sample_fit_report"",""endToEndElapsed"":""measured"",""memory"":""observed JS heap sampled at stage boundaries where performance.memory is exposed; not OS process peak""}",120,9,,,
chrome,150.0.7871.187,medium_cohort_120,2,cold,completed,6063.859999895096,5941.524999856949,5928.5599999427795,5941.514999866486,,122.08500003814697,0.25,29455209,29455209,5928.5599999427795,,,121.72499990463257,,,,,,0.25,,,,"{""sdkModuleFetchImport"":""measured in cold phase; warm phase reuses the loaded module"",""pyodideInitialization"":""not_applicable_native_javascript_path"",""webRInitialization"":""not_applicable_native_javascript_path"",""wrappedPackageImport"":""not_applicable_native_javascript_path"",""publicSpectrumCatalogFetch"":""not_measured_synthetic_inputs_are_in_memory"",""nativeFitting"":""measured where the scenario uses native NNLS"",""adapterFitting"":""not_applicable_native_javascript_path"",""qcEvidence"":""measured only for single_sample_fit_report"",""bootstrap"":""measured only for bootstrap_500"",""plotRendering"":""not_measured"",""reportSerialization"":""measured only for single_sample_fit_report"",""endToEndElapsed"":""measured"",""memory"":""observed JS heap sampled at stage boundaries where performance.memory is exposed; not OS process peak""}",120,9,,,
chrome,150.0.7871.187,medium_cohort_120,2,warm,completed,79.01999998092651,,0,0,,78.69000005722046,0.3299999237060547,29455209,29455209,,,,78.51999998092651,,,,,,0.3299999237060547,,,,"{""sdkModuleFetchImport"":""measured in cold phase; warm phase reuses the loaded module"",""pyodideInitialization"":""not_applicable_native_javascript_path"",""webRInitialization"":""not_applicable_native_javascript_path"",""wrappedPackageImport"":""not_applicable_native_javascript_path"",""publicSpectrumCatalogFetch"":""not_measured_synthetic_inputs_are_in_memory"",""nativeFitting"":""measured where the scenario uses native NNLS"",""adapterFitting"":""not_applicable_native_javascript_path"",""qcEvidence"":""measured only for single_sample_fit_report"",""bootstrap"":""measured only for bootstrap_500"",""plotRendering"":""not_measured"",""reportSerialization"":""measured only for single_sample_fit_report"",""endToEndElapsed"":""measured"",""memory"":""observed JS heap sampled at stage boundaries where performance.memory is exposed; not OS process peak""}",120,9,,,
chrome,150.0.7871.187,medium_cohort_120,3,cold,completed,7035.204999923706,6936.960000038147,6922.1449999809265,6936.950000047684,,97.65000009536743,0.5949997901916504,22889377,22889377,6922.1449999809265,,,97.30499982833862,,,,,,0.5949997901916504,,,,"{""sdkModuleFetchImport"":""measured in cold phase; warm phase reuses the loaded module"",""pyodideInitialization"":""not_applicable_native_javascript_path"",""webRInitialization"":""not_applicable_native_javascript_path"",""wrappedPackageImport"":""not_applicable_native_javascript_path"",""publicSpectrumCatalogFetch"":""not_measured_synthetic_inputs_are_in_memory"",""nativeFitting"":""measured where the scenario uses native NNLS"",""adapterFitting"":""not_applicable_native_javascript_path"",""qcEvidence"":""measured only for single_sample_fit_report"",""bootstrap"":""measured only for bootstrap_500"",""plotRendering"":""not_measured"",""reportSerialization"":""measured only for single_sample_fit_report"",""endToEndElapsed"":""measured"",""memory"":""observed JS heap sampled at stage boundaries where performance.memory is exposed; not OS process peak""}",120,9,,,
chrome,150.0.7871.187,medium_cohort_120,3,warm,completed,85.02500009536743,,0,0,,84.7350001335144,0.28999996185302734,26705901,26705901,,,,84.54999995231628,,,,,,0.28999996185302734,,,,"{""sdkModuleFetchImport"":""measured in cold phase; warm phase reuses the loaded module"",""pyodideInitialization"":""not_applicable_native_javascript_path"",""webRInitialization"":""not_applicable_native_javascript_path"",""wrappedPackageImport"":""not_applicable_native_javascript_path"",""publicSpectrumCatalogFetch"":""not_measured_synthetic_inputs_are_in_memory"",""nativeFitting"":""measured where the scenario uses native NNLS"",""adapterFitting"":""not_applicable_native_javascript_path"",""qcEvidence"":""measured only for single_sample_fit_report"",""bootstrap"":""measured only for bootstrap_500"",""plotRendering"":""not_measured"",""reportSerialization"":""measured only for single_sample_fit_report"",""endToEndElapsed"":""measured"",""memory"":""observed JS heap sampled at stage boundaries where performance.memory is exposed; not OS process peak""}",120,9,,,
chrome,150.0.7871.187,medium_cohort_120,4,cold,completed,5998.149999856949,5917.014999866486,5907.985000133514,5916.985000133514,,80.85999989509583,0.27500009536743164,28917737,28917737,5907.985000133514,,,80.58500003814697,,,,,,0.27500009536743164,,,,"{""sdkModuleFetchImport"":""measured in cold phase; warm phase reuses the loaded module"",""pyodideInitialization"":""not_applicable_native_javascript_path"",""webRInitialization"":""not_applicable_native_javascript_path"",""wrappedPackageImport"":""not_applicable_native_javascript_path"",""publicSpectrumCatalogFetch"":""not_measured_synthetic_inputs_are_in_memory"",""nativeFitting"":""measured where the scenario uses native NNLS"",""adapterFitting"":""not_applicable_native_javascript_path"",""qcEvidence"":""measured only for single_sample_fit_report"",""bootstrap"":""measured only for bootstrap_500"",""plotRendering"":""not_measured"",""reportSerialization"":""measured only for single_sample_fit_report"",""endToEndElapsed"":""measured"",""memory"":""observed JS heap sampled at stage boundaries where performance.memory is exposed; not OS process peak""}",120,9,,,
chrome,150.0.7871.187,medium_cohort_120,4,warm,completed,40.71000003814697,,0,0,,40.49500012397766,0.21499991416931152,28917737,28917737,,,,40.36999988555908,,,,,,0.21499991416931152,,,,"{""sdkModuleFetchImport"":""measured in cold phase; warm phase reuses the loaded module"",""pyodideInitialization"":""not_applicable_native_javascript_path"",""webRInitialization"":""not_applicable_native_javascript_path"",""wrappedPackageImport"":""not_applicable_native_javascript_path"",""publicSpectrumCatalogFetch"":""not_measured_synthetic_inputs_are_in_memory"",""nativeFitting"":""measured where the scenario uses native NNLS"",""adapterFitting"":""not_applicable_native_javascript_path"",""qcEvidence"":""measured only for single_sample_fit_report"",""bootstrap"":""measured only for bootstrap_500"",""plotRendering"":""not_measured"",""reportSerialization"":""measured only for single_sample_fit_report"",""endToEndElapsed"":""measured"",""memory"":""observed JS heap sampled at stage boundaries where performance.memory is exposed; not OS process peak""}",120,9,,,
chrome,150.0.7871.187,medium_cohort_120,5,cold,completed,6036.949999809265,5956.914999961853,5947.6900000572205,5956.90499997139,,79.69999980926514,0.33500003814697266,22882229,22882229,5947.6900000572205,,,79.30999994277954,,,,,,0.33500003814697266,,,,"{""sdkModuleFetchImport"":""measured in cold phase; warm phase reuses the loaded module"",""pyodideInitialization"":""not_applicable_native_javascript_path"",""webRInitialization"":""not_applicable_native_javascript_path"",""wrappedPackageImport"":""not_applicable_native_javascript_path"",""publicSpectrumCatalogFetch"":""not_measured_synthetic_inputs_are_in_memory"",""nativeFitting"":""measured where the scenario uses native NNLS"",""adapterFitting"":""not_applicable_native_javascript_path"",""qcEvidence"":""measured only for single_sample_fit_report"",""bootstrap"":""measured only for bootstrap_500"",""plotRendering"":""not_measured"",""reportSerialization"":""measured only for single_sample_fit_report"",""endToEndElapsed"":""measured"",""memory"":""observed JS heap sampled at stage boundaries where performance.memory is exposed; not OS process peak""}",120,9,,,
chrome,150.0.7871.187,medium_cohort_120,5,warm,completed,56.94999980926514,,0,0,,56.674999952316284,0.27499985694885254,26701405,26701405,,,,56.519999980926514,,,,,,0.27499985694885254,,,,"{""sdkModuleFetchImport"":""measured in cold phase; warm phase reuses the loaded module"",""pyodideInitialization"":""not_applicable_native_javascript_path"",""webRInitialization"":""not_applicable_native_javascript_path"",""wrappedPackageImport"":""not_applicable_native_javascript_path"",""publicSpectrumCatalogFetch"":""not_measured_synthetic_inputs_are_in_memory"",""nativeFitting"":""measured where the scenario uses native NNLS"",""adapterFitting"":""not_applicable_native_javascript_path"",""qcEvidence"":""measured only for single_sample_fit_report"",""bootstrap"":""measured only for bootstrap_500"",""plotRendering"":""not_measured"",""reportSerialization"":""measured only for single_sample_fit_report"",""endToEndElapsed"":""measured"",""memory"":""observed JS heap sampled at stage boundaries where performance.memory is exposed; not OS process peak""}",120,9,,,
chrome,150.0.7871.187,medium_cohort_120,6,cold,completed,6260.319999933243,6162.849999904633,6156.295000076294,6162.84500002861,,97.05000019073486,0.4199998378753662,22651989,22651989,6156.295000076294,,,96.62000012397766,,,,,,0.4199998378753662,,,,"{""sdkModuleFetchImport"":""measured in cold phase; warm phase reuses the loaded module"",""pyodideInitialization"":""not_applicable_native_javascript_path"",""webRInitialization"":""not_applicable_native_javascript_path"",""wrappedPackageImport"":""not_applicable_native_javascript_path"",""publicSpectrumCatalogFetch"":""not_measured_synthetic_inputs_are_in_memory"",""nativeFitting"":""measured where the scenario uses native NNLS"",""adapterFitting"":""not_applicable_native_javascript_path"",""qcEvidence"":""measured only for single_sample_fit_report"",""bootstrap"":""measured only for bootstrap_500"",""plotRendering"":""not_measured"",""reportSerialization"":""measured only for single_sample_fit_report"",""endToEndElapsed"":""measured"",""memory"":""observed JS heap sampled at stage boundaries where performance.memory is exposed; not OS process peak""}",120,9,,,
chrome,150.0.7871.187,medium_cohort_120,6,warm,completed,67.92499995231628,,0,0,,67.64499998092651,0.2799999713897705,26184145,26184145,,,,67.45499992370605,,,,,,0.2799999713897705,,,,"{""sdkModuleFetchImport"":""measured in cold phase; warm phase reuses the loaded module"",""pyodideInitialization"":""not_applicable_native_javascript_path"",""webRInitialization"":""not_applicable_native_javascript_path"",""wrappedPackageImport"":""not_applicable_native_javascript_path"",""publicSpectrumCatalogFetch"":""not_measured_synthetic_inputs_are_in_memory"",""nativeFitting"":""measured where the scenario uses native NNLS"",""adapterFitting"":""not_applicable_native_javascript_path"",""qcEvidence"":""measured only for single_sample_fit_report"",""bootstrap"":""measured only for bootstrap_500"",""plotRendering"":""not_measured"",""reportSerialization"":""measured only for single_sample_fit_report"",""endToEndElapsed"":""measured"",""memory"":""observed JS heap sampled at stage boundaries where performance.memory is exposed; not OS process peak""}",120,9,,,
chrome,150.0.7871.187,medium_cohort_120,7,cold,completed,7102.1050000190735,7025.545000076294,7018.994999885559,7025.535000085831,,76.27499985694885,0.2850000858306885,22676677,22676677,7018.994999885559,,,75.99000000953674,,,,,,0.2850000858306885,,,,"{""sdkModuleFetchImport"":""measured in cold phase; warm phase reuses the loaded module"",""pyodideInitialization"":""not_applicable_native_javascript_path"",""webRInitialization"":""not_applicable_native_javascript_path"",""wrappedPackageImport"":""not_applicable_native_javascript_path"",""publicSpectrumCatalogFetch"":""not_measured_synthetic_inputs_are_in_memory"",""nativeFitting"":""measured where the scenario uses native NNLS"",""adapterFitting"":""not_applicable_native_javascript_path"",""qcEvidence"":""measured only for single_sample_fit_report"",""bootstrap"":""measured only for bootstrap_500"",""plotRendering"":""not_measured"",""reportSerialization"":""measured only for single_sample_fit_report"",""endToEndElapsed"":""measured"",""memory"":""observed JS heap sampled at stage boundaries where performance.memory is exposed; not OS process peak""}",120,9,,,
chrome,150.0.7871.187,medium_cohort_120,7,warm,completed,42.96000003814697,,0,0,,42.74500012397766,0.21499991416931152,22513477,22513477,,,,42.640000104904175,,,,,,0.21499991416931152,,,,"{""sdkModuleFetchImport"":""measured in cold phase; warm phase reuses the loaded module"",""pyodideInitialization"":""not_applicable_native_javascript_path"",""webRInitialization"":""not_applicable_native_javascript_path"",""wrappedPackageImport"":""not_applicable_native_javascript_path"",""publicSpectrumCatalogFetch"":""not_measured_synthetic_inputs_are_in_memory"",""nativeFitting"":""measured where the scenario uses native NNLS"",""adapterFitting"":""not_applicable_native_javascript_path"",""qcEvidence"":""measured only for single_sample_fit_report"",""bootstrap"":""measured only for bootstrap_500"",""plotRendering"":""not_measured"",""reportSerialization"":""measured only for single_sample_fit_report"",""endToEndElapsed"":""measured"",""memory"":""observed JS heap sampled at stage boundaries where performance.memory is exposed; not OS process peak""}",120,9,,,
chrome,150.0.7871.187,medium_cohort_120,8,cold,completed,5986.319999933243,5879.919999837875,5869.97000002861,5879.914999961853,,105.96000003814697,0.440000057220459,22674697,22674697,5869.97000002861,,,105.5550000667572,,,,,,0.440000057220459,,,,"{""sdkModuleFetchImport"":""measured in cold phase; warm phase reuses the loaded module"",""pyodideInitialization"":""not_applicable_native_javascript_path"",""webRInitialization"":""not_applicable_native_javascript_path"",""wrappedPackageImport"":""not_applicable_native_javascript_path"",""publicSpectrumCatalogFetch"":""not_measured_synthetic_inputs_are_in_memory"",""nativeFitting"":""measured where the scenario uses native NNLS"",""adapterFitting"":""not_applicable_native_javascript_path"",""qcEvidence"":""measured only for single_sample_fit_report"",""bootstrap"":""measured only for bootstrap_500"",""plotRendering"":""not_measured"",""reportSerialization"":""measured only for single_sample_fit_report"",""endToEndElapsed"":""measured"",""memory"":""observed JS heap sampled at stage boundaries where performance.memory is exposed; not OS process peak""}",120,9,,,
chrome,150.0.7871.187,medium_cohort_120,8,warm,completed,86.1100001335144,,0,0,,85.73000025749207,0.37999987602233887,26213953,26213953,,,,85.39999985694885,,,,,,0.37999987602233887,,,,"{""sdkModuleFetchImport"":""measured in cold phase; warm phase reuses the loaded module"",""pyodideInitialization"":""not_applicable_native_javascript_path"",""webRInitialization"":""not_applicable_native_javascript_path"",""wrappedPackageImport"":""not_applicable_native_javascript_path"",""publicSpectrumCatalogFetch"":""not_measured_synthetic_inputs_are_in_memory"",""nativeFitting"":""measured where the scenario uses native NNLS"",""adapterFitting"":""not_applicable_native_javascript_path"",""qcEvidence"":""measured only for single_sample_fit_report"",""bootstrap"":""measured only for bootstrap_500"",""plotRendering"":""not_measured"",""reportSerialization"":""measured only for single_sample_fit_report"",""endToEndElapsed"":""measured"",""memory"":""observed JS heap sampled at stage boundaries where performance.memory is exposed; not OS process peak""}",120,9,,,
chrome,150.0.7871.187,medium_cohort_120,9,cold,completed,6275.210000038147,6193.365000009537,6183.919999837875,6193.349999904633,,81.46000003814697,0.38499999046325684,22805461,22805461,6183.919999837875,,,81.13499999046326,,,,,,0.38499999046325684,,,,"{""sdkModuleFetchImport"":""measured in cold phase; warm phase reuses the loaded module"",""pyodideInitialization"":""not_applicable_native_javascript_path"",""webRInitialization"":""not_applicable_native_javascript_path"",""wrappedPackageImport"":""not_applicable_native_javascript_path"",""publicSpectrumCatalogFetch"":""not_measured_synthetic_inputs_are_in_memory"",""nativeFitting"":""measured where the scenario uses native NNLS"",""adapterFitting"":""not_applicable_native_javascript_path"",""qcEvidence"":""measured only for single_sample_fit_report"",""bootstrap"":""measured only for bootstrap_500"",""plotRendering"":""not_measured"",""reportSerialization"":""measured only for single_sample_fit_report"",""endToEndElapsed"":""measured"",""memory"":""observed JS heap sampled at stage boundaries where performance.memory is exposed; not OS process peak""}",120,9,,,
chrome,150.0.7871.187,medium_cohort_120,9,warm,completed,59.894999980926514,,0,0,,59.625,0.26999998092651367,26614869,26614869,,,,59.44500017166138,,,,,,0.26999998092651367,,,,"{""sdkModuleFetchImport"":""measured in cold phase; warm phase reuses the loaded module"",""pyodideInitialization"":""not_applicable_native_javascript_path"",""webRInitialization"":""not_applicable_native_javascript_path"",""wrappedPackageImport"":""not_applicable_native_javascript_path"",""publicSpectrumCatalogFetch"":""not_measured_synthetic_inputs_are_in_memory"",""nativeFitting"":""measured where the scenario uses native NNLS"",""adapterFitting"":""not_applicable_native_javascript_path"",""qcEvidence"":""measured only for single_sample_fit_report"",""bootstrap"":""measured only for bootstrap_500"",""plotRendering"":""not_measured"",""reportSerialization"":""measured only for single_sample_fit_report"",""endToEndElapsed"":""measured"",""memory"":""observed JS heap sampled at stage boundaries where performance.memory is exposed; not OS process peak""}",120,9,,,
chrome,150.0.7871.187,medium_cohort_120,10,cold,completed,5599.185000181198,5489.425000190735,5477.77999997139,5489.414999961853,,109.41000008583069,0.34999990463256836,22686554,22686554,5477.77999997139,,,108.9850001335144,,,,,,0.34999990463256836,,,,"{""sdkModuleFetchImport"":""measured in cold phase; warm phase reuses the loaded module"",""pyodideInitialization"":""not_applicable_native_javascript_path"",""webRInitialization"":""not_applicable_native_javascript_path"",""wrappedPackageImport"":""not_applicable_native_javascript_path"",""publicSpectrumCatalogFetch"":""not_measured_synthetic_inputs_are_in_memory"",""nativeFitting"":""measured where the scenario uses native NNLS"",""adapterFitting"":""not_applicable_native_javascript_path"",""qcEvidence"":""measured only for single_sample_fit_report"",""bootstrap"":""measured only for bootstrap_500"",""plotRendering"":""not_measured"",""reportSerialization"":""measured only for single_sample_fit_report"",""endToEndElapsed"":""measured"",""memory"":""observed JS heap sampled at stage boundaries where performance.memory is exposed; not OS process peak""}",120,9,,,
chrome,150.0.7871.187,medium_cohort_120,10,warm,completed,73.17500019073486,,0,0,,72.78000020980835,0.39499998092651367,26327902,26327902,,,,72.53500008583069,,,,,,0.39499998092651367,,,,"{""sdkModuleFetchImport"":""measured in cold phase; warm phase reuses the loaded module"",""pyodideInitialization"":""not_applicable_native_javascript_path"",""webRInitialization"":""not_applicable_native_javascript_path"",""wrappedPackageImport"":""not_applicable_native_javascript_path"",""publicSpectrumCatalogFetch"":""not_measured_synthetic_inputs_are_in_memory"",""nativeFitting"":""measured where the scenario uses native NNLS"",""adapterFitting"":""not_applicable_native_javascript_path"",""qcEvidence"":""measured only for single_sample_fit_report"",""bootstrap"":""measured only for bootstrap_500"",""plotRendering"":""not_measured"",""reportSerialization"":""measured only for single_sample_fit_report"",""endToEndElapsed"":""measured"",""memory"":""observed JS heap sampled at stage boundaries where performance.memory is exposed; not OS process peak""}",120,9,,,
chrome,150.0.7871.187,medium_cohort_120,11,cold,completed,8761.539999961853,8634.274999856949,8621.555000066757,8634.264999866486,,126.74499988555908,0.5200002193450928,23133386,23133386,8621.555000066757,,,126.32500004768372,,,,,,0.5200002193450928,,,,"{""sdkModuleFetchImport"":""measured in cold phase; warm phase reuses the loaded module"",""pyodideInitialization"":""not_applicable_native_javascript_path"",""webRInitialization"":""not_applicable_native_javascript_path"",""wrappedPackageImport"":""not_applicable_native_javascript_path"",""publicSpectrumCatalogFetch"":""not_measured_synthetic_inputs_are_in_memory"",""nativeFitting"":""measured where the scenario uses native NNLS"",""adapterFitting"":""not_applicable_native_javascript_path"",""qcEvidence"":""measured only for single_sample_fit_report"",""bootstrap"":""measured only for bootstrap_500"",""plotRendering"":""not_measured"",""reportSerialization"":""measured only for single_sample_fit_report"",""endToEndElapsed"":""measured"",""memory"":""observed JS heap sampled at stage boundaries where performance.memory is exposed; not OS process peak""}",120,9,,,
chrome,150.0.7871.187,medium_cohort_120,11,warm,completed,123.29999995231628,,0,0,,122.78499984741211,0.5150001049041748,26960494,26960494,,,,122.49500012397766,,,,,,0.5150001049041748,,,,"{""sdkModuleFetchImport"":""measured in cold phase; warm phase reuses the loaded module"",""pyodideInitialization"":""not_applicable_native_javascript_path"",""webRInitialization"":""not_applicable_native_javascript_path"",""wrappedPackageImport"":""not_applicable_native_javascript_path"",""publicSpectrumCatalogFetch"":""not_measured_synthetic_inputs_are_in_memory"",""nativeFitting"":""measured where the scenario uses native NNLS"",""adapterFitting"":""not_applicable_native_javascript_path"",""qcEvidence"":""measured only for single_sample_fit_report"",""bootstrap"":""measured only for bootstrap_500"",""plotRendering"":""not_measured"",""reportSerialization"":""measured only for single_sample_fit_report"",""endToEndElapsed"":""measured"",""memory"":""observed JS heap sampled at stage boundaries where performance.memory is exposed; not OS process peak""}",120,9,,,
chrome,150.0.7871.187,medium_cohort_120,12,cold,completed,5761.819999933243,5674.4349999427795,5667.304999828339,5674.419999837875,,87.04500007629395,0.3399999141693115,22672194,22672194,5667.304999828339,,,86.74000000953674,,,,,,0.3399999141693115,,,,"{""sdkModuleFetchImport"":""measured in cold phase; warm phase reuses the loaded module"",""pyodideInitialization"":""not_applicable_native_javascript_path"",""webRInitialization"":""not_applicable_native_javascript_path"",""wrappedPackageImport"":""not_applicable_native_javascript_path"",""publicSpectrumCatalogFetch"":""not_measured_synthetic_inputs_are_in_memory"",""nativeFitting"":""measured where the scenario uses native NNLS"",""adapterFitting"":""not_applicable_native_javascript_path"",""qcEvidence"":""measured only for single_sample_fit_report"",""bootstrap"":""measured only for bootstrap_500"",""plotRendering"":""not_measured"",""reportSerialization"":""measured only for single_sample_fit_report"",""endToEndElapsed"":""measured"",""memory"":""observed JS heap sampled at stage boundaries where performance.memory is exposed; not OS process peak""}",120,9,,,
chrome,150.0.7871.187,medium_cohort_120,12,warm,completed,74.22000002861023,,0,0,,73.88499999046326,0.33500003814697266,26380558,26380558,,,,73.71000003814697,,,,,,0.33500003814697266,,,,"{""sdkModuleFetchImport"":""measured in cold phase; warm phase reuses the loaded module"",""pyodideInitialization"":""not_applicable_native_javascript_path"",""webRInitialization"":""not_applicable_native_javascript_path"",""wrappedPackageImport"":""not_applicable_native_javascript_path"",""publicSpectrumCatalogFetch"":""not_measured_synthetic_inputs_are_in_memory"",""nativeFitting"":""measured where the scenario uses native NNLS"",""adapterFitting"":""not_applicable_native_javascript_path"",""qcEvidence"":""measured only for single_sample_fit_report"",""bootstrap"":""measured only for bootstrap_500"",""plotRendering"":""not_measured"",""reportSerialization"":""measured only for single_sample_fit_report"",""endToEndElapsed"":""measured"",""memory"":""observed JS heap sampled at stage boundaries where performance.memory is exposed; not OS process peak""}",120,9,,,
chrome,150.0.7871.187,medium_cohort_120,13,cold,completed,8346.900000095367,8238.210000038147,8228.835000038147,8238.205000162125,,108.2350001335144,0.4549999237060547,22691098,22691098,8228.835000038147,,,107.80999994277954,,,,,,0.4549999237060547,,,,"{""sdkModuleFetchImport"":""measured in cold phase; warm phase reuses the loaded module"",""pyodideInitialization"":""not_applicable_native_javascript_path"",""webRInitialization"":""not_applicable_native_javascript_path"",""wrappedPackageImport"":""not_applicable_native_javascript_path"",""publicSpectrumCatalogFetch"":""not_measured_synthetic_inputs_are_in_memory"",""nativeFitting"":""measured where the scenario uses native NNLS"",""adapterFitting"":""not_applicable_native_javascript_path"",""qcEvidence"":""measured only for single_sample_fit_report"",""bootstrap"":""measured only for bootstrap_500"",""plotRendering"":""not_measured"",""reportSerialization"":""measured only for single_sample_fit_report"",""endToEndElapsed"":""measured"",""memory"":""observed JS heap sampled at stage boundaries where performance.memory is exposed; not OS process peak""}",120,9,,,
chrome,150.0.7871.187,medium_cohort_120,13,warm,completed,81.5,,0,0,,81.18499994277954,0.315000057220459,26431902,26431902,,,,80.93500018119812,,,,,,0.315000057220459,,,,"{""sdkModuleFetchImport"":""measured in cold phase; warm phase reuses the loaded module"",""pyodideInitialization"":""not_applicable_native_javascript_path"",""webRInitialization"":""not_applicable_native_javascript_path"",""wrappedPackageImport"":""not_applicable_native_javascript_path"",""publicSpectrumCatalogFetch"":""not_measured_synthetic_inputs_are_in_memory"",""nativeFitting"":""measured where the scenario uses native NNLS"",""adapterFitting"":""not_applicable_native_javascript_path"",""qcEvidence"":""measured only for single_sample_fit_report"",""bootstrap"":""measured only for bootstrap_500"",""plotRendering"":""not_measured"",""reportSerialization"":""measured only for single_sample_fit_report"",""endToEndElapsed"":""measured"",""memory"":""observed JS heap sampled at stage boundaries where performance.memory is exposed; not OS process peak""}",120,9,,,
chrome,150.0.7871.187,medium_cohort_120,14,cold,completed,8396.524999856949,8291.115000009537,8280.75,8291.099999904633,,104.99999976158142,0.4100000858306885,22692186,22692186,8280.75,,,104.61500000953674,,,,,,0.4100000858306885,,,,"{""sdkModuleFetchImport"":""measured in cold phase; warm phase reuses the loaded module"",""pyodideInitialization"":""not_applicable_native_javascript_path"",""webRInitialization"":""not_applicable_native_javascript_path"",""wrappedPackageImport"":""not_applicable_native_javascript_path"",""publicSpectrumCatalogFetch"":""not_measured_synthetic_inputs_are_in_memory"",""nativeFitting"":""measured where the scenario uses native NNLS"",""adapterFitting"":""not_applicable_native_javascript_path"",""qcEvidence"":""measured only for single_sample_fit_report"",""bootstrap"":""measured only for bootstrap_500"",""plotRendering"":""not_measured"",""reportSerialization"":""measured only for single_sample_fit_report"",""endToEndElapsed"":""measured"",""memory"":""observed JS heap sampled at stage boundaries where performance.memory is exposed; not OS process peak""}",120,9,,,
chrome,150.0.7871.187,medium_cohort_120,14,warm,completed,82.35500001907349,,0,0,,81.77999997138977,0.5750000476837158,26290698,26290698,,,,81.52999997138977,,,,,,0.5750000476837158,,,,"{""sdkModuleFetchImport"":""measured in cold phase; warm phase reuses the loaded module"",""pyodideInitialization"":""not_applicable_native_javascript_path"",""webRInitialization"":""not_applicable_native_javascript_path"",""wrappedPackageImport"":""not_applicable_native_javascript_path"",""publicSpectrumCatalogFetch"":""not_measured_synthetic_inputs_are_in_memory"",""nativeFitting"":""measured where the scenario uses native NNLS"",""adapterFitting"":""not_applicable_native_javascript_path"",""qcEvidence"":""measured only for single_sample_fit_report"",""bootstrap"":""measured only for bootstrap_500"",""plotRendering"":""not_measured"",""reportSerialization"":""measured only for single_sample_fit_report"",""endToEndElapsed"":""measured"",""memory"":""observed JS heap sampled at stage boundaries where performance.memory is exposed; not OS process peak""}",120,9,,,
chrome,150.0.7871.187,medium_cohort_120,15,cold,completed,4719.2699999809265,4658.90499997139,4649.240000009537,4658.900000095367,,60.17999982833862,0.18500018119812012,22894934,22894934,4649.240000009537,,,59.950000047683716,,,,,,0.18500018119812012,,,,"{""sdkModuleFetchImport"":""measured in cold phase; warm phase reuses the loaded module"",""pyodideInitialization"":""not_applicable_native_javascript_path"",""webRInitialization"":""not_applicable_native_javascript_path"",""wrappedPackageImport"":""not_applicable_native_javascript_path"",""publicSpectrumCatalogFetch"":""not_measured_synthetic_inputs_are_in_memory"",""nativeFitting"":""measured where the scenario uses native NNLS"",""adapterFitting"":""not_applicable_native_javascript_path"",""qcEvidence"":""measured only for single_sample_fit_report"",""bootstrap"":""measured only for bootstrap_500"",""plotRendering"":""not_measured"",""reportSerialization"":""measured only for single_sample_fit_report"",""endToEndElapsed"":""measured"",""memory"":""observed JS heap sampled at stage boundaries where performance.memory is exposed; not OS process peak""}",120,9,,,
chrome,150.0.7871.187,medium_cohort_120,15,warm,completed,43.364999771118164,,0,0,,43.13499975204468,0.23000001907348633,22894934,22894934,,,,43.02499985694885,,,,,,0.23000001907348633,,,,"{""sdkModuleFetchImport"":""measured in cold phase; warm phase reuses the loaded module"",""pyodideInitialization"":""not_applicable_native_javascript_path"",""webRInitialization"":""not_applicable_native_javascript_path"",""wrappedPackageImport"":""not_applicable_native_javascript_path"",""publicSpectrumCatalogFetch"":""not_measured_synthetic_inputs_are_in_memory"",""nativeFitting"":""measured where the scenario uses native NNLS"",""adapterFitting"":""not_applicable_native_javascript_path"",""qcEvidence"":""measured only for single_sample_fit_report"",""bootstrap"":""measured only for bootstrap_500"",""plotRendering"":""not_measured"",""reportSerialization"":""measured only for single_sample_fit_report"",""endToEndElapsed"":""measured"",""memory"":""observed JS heap sampled at stage boundaries where performance.memory is exposed; not OS process peak""}",120,9,,,
chrome,150.0.7871.187,medium_cohort_120,16,cold,completed,6780.714999914169,6680.295000076294,6672.475000143051,6680.295000076294,,100.0499997138977,0.37000012397766113,22960718,22960718,6672.475000143051,,,99.67000007629395,,,,,,0.37000012397766113,,,,"{""sdkModuleFetchImport"":""measured in cold phase; warm phase reuses the loaded module"",""pyodideInitialization"":""not_applicable_native_javascript_path"",""webRInitialization"":""not_applicable_native_javascript_path"",""wrappedPackageImport"":""not_applicable_native_javascript_path"",""publicSpectrumCatalogFetch"":""not_measured_synthetic_inputs_are_in_memory"",""nativeFitting"":""measured where the scenario uses native NNLS"",""adapterFitting"":""not_applicable_native_javascript_path"",""qcEvidence"":""measured only for single_sample_fit_report"",""bootstrap"":""measured only for bootstrap_500"",""plotRendering"":""not_measured"",""reportSerialization"":""measured only for single_sample_fit_report"",""endToEndElapsed"":""measured"",""memory"":""observed JS heap sampled at stage boundaries where performance.memory is exposed; not OS process peak""}",120,9,,,
chrome,150.0.7871.187,medium_cohort_120,16,warm,completed,68.70499992370605,,0,0,,68.4300000667572,0.27499985694885254,26778534,26778534,,,,68.25999999046326,,,,,,0.27499985694885254,,,,"{""sdkModuleFetchImport"":""measured in cold phase; warm phase reuses the loaded module"",""pyodideInitialization"":""not_applicable_native_javascript_path"",""webRInitialization"":""not_applicable_native_javascript_path"",""wrappedPackageImport"":""not_applicable_native_javascript_path"",""publicSpectrumCatalogFetch"":""not_measured_synthetic_inputs_are_in_memory"",""nativeFitting"":""measured where the scenario uses native NNLS"",""adapterFitting"":""not_applicable_native_javascript_path"",""qcEvidence"":""measured only for single_sample_fit_report"",""bootstrap"":""measured only for bootstrap_500"",""plotRendering"":""not_measured"",""reportSerialization"":""measured only for single_sample_fit_report"",""endToEndElapsed"":""measured"",""memory"":""observed JS heap sampled at stage boundaries where performance.memory is exposed; not OS process peak""}",120,9,,,
chrome,150.0.7871.187,medium_cohort_120,17,cold,completed,6933.834999799728,6789.139999866486,6773.740000009537,6789.139999866486,,144.2150001525879,0.4799997806549072,29253806,29253806,6773.740000009537,,,143.64999985694885,,,,,,0.4799997806549072,,,,"{""sdkModuleFetchImport"":""measured in cold phase; warm phase reuses the loaded module"",""pyodideInitialization"":""not_applicable_native_javascript_path"",""webRInitialization"":""not_applicable_native_javascript_path"",""wrappedPackageImport"":""not_applicable_native_javascript_path"",""publicSpectrumCatalogFetch"":""not_measured_synthetic_inputs_are_in_memory"",""nativeFitting"":""measured where the scenario uses native NNLS"",""adapterFitting"":""not_applicable_native_javascript_path"",""qcEvidence"":""measured only for single_sample_fit_report"",""bootstrap"":""measured only for bootstrap_500"",""plotRendering"":""not_measured"",""reportSerialization"":""measured only for single_sample_fit_report"",""endToEndElapsed"":""measured"",""memory"":""observed JS heap sampled at stage boundaries where performance.memory is exposed; not OS process peak""}",120,9,,,
chrome,150.0.7871.187,medium_cohort_120,17,warm,completed,91.59500002861023,,0,0,,91.27499985694885,0.32000017166137695,29253806,29253806,,,,91.06500005722046,,,,,,0.32000017166137695,,,,"{""sdkModuleFetchImport"":""measured in cold phase; warm phase reuses the loaded module"",""pyodideInitialization"":""not_applicable_native_javascript_path"",""webRInitialization"":""not_applicable_native_javascript_path"",""wrappedPackageImport"":""not_applicable_native_javascript_path"",""publicSpectrumCatalogFetch"":""not_measured_synthetic_inputs_are_in_memory"",""nativeFitting"":""measured where the scenario uses native NNLS"",""adapterFitting"":""not_applicable_native_javascript_path"",""qcEvidence"":""measured only for single_sample_fit_report"",""bootstrap"":""measured only for bootstrap_500"",""plotRendering"":""not_measured"",""reportSerialization"":""measured only for single_sample_fit_report"",""endToEndElapsed"":""measured"",""memory"":""observed JS heap sampled at stage boundaries where performance.memory is exposed; not OS process peak""}",120,9,,,
chrome,150.0.7871.187,medium_cohort_120,18,cold,completed,7464.6050000190735,7363.4800000190735,7355.295000076294,7363.464999914169,,100.71499991416931,0.4100000858306885,22822982,22822982,7355.295000076294,,,100.35500001907349,,,,,,0.4100000858306885,,,,"{""sdkModuleFetchImport"":""measured in cold phase; warm phase reuses the loaded module"",""pyodideInitialization"":""not_applicable_native_javascript_path"",""webRInitialization"":""not_applicable_native_javascript_path"",""wrappedPackageImport"":""not_applicable_native_javascript_path"",""publicSpectrumCatalogFetch"":""not_measured_synthetic_inputs_are_in_memory"",""nativeFitting"":""measured where the scenario uses native NNLS"",""adapterFitting"":""not_applicable_native_javascript_path"",""qcEvidence"":""measured only for single_sample_fit_report"",""bootstrap"":""measured only for bootstrap_500"",""plotRendering"":""not_measured"",""reportSerialization"":""measured only for single_sample_fit_report"",""endToEndElapsed"":""measured"",""memory"":""observed JS heap sampled at stage boundaries where performance.memory is exposed; not OS process peak""}",120,9,,,
chrome,150.0.7871.187,medium_cohort_120,18,warm,completed,68.23499989509583,,0,0,,67.94999980926514,0.2850000858306885,26632242,26632242,,,,67.77500009536743,,,,,,0.2850000858306885,,,,"{""sdkModuleFetchImport"":""measured in cold phase; warm phase reuses the loaded module"",""pyodideInitialization"":""not_applicable_native_javascript_path"",""webRInitialization"":""not_applicable_native_javascript_path"",""wrappedPackageImport"":""not_applicable_native_javascript_path"",""publicSpectrumCatalogFetch"":""not_measured_synthetic_inputs_are_in_memory"",""nativeFitting"":""measured where the scenario uses native NNLS"",""adapterFitting"":""not_applicable_native_javascript_path"",""qcEvidence"":""measured only for single_sample_fit_report"",""bootstrap"":""measured only for bootstrap_500"",""plotRendering"":""not_measured"",""reportSerialization"":""measured only for single_sample_fit_report"",""endToEndElapsed"":""measured"",""memory"":""observed JS heap sampled at stage boundaries where performance.memory is exposed; not OS process peak""}",120,9,,,
chrome,150.0.7871.187,medium_cohort_120,19,cold,completed,7226.8949999809265,7132.365000009537,7119.994999885559,7132.350000143051,,94.14499998092651,0.38499999046325684,22678970,22678970,7119.994999885559,,,93.78000020980835,,,,,,0.38499999046325684,,,,"{""sdkModuleFetchImport"":""measured in cold phase; warm phase reuses the loaded module"",""pyodideInitialization"":""not_applicable_native_javascript_path"",""webRInitialization"":""not_applicable_native_javascript_path"",""wrappedPackageImport"":""not_applicable_native_javascript_path"",""publicSpectrumCatalogFetch"":""not_measured_synthetic_inputs_are_in_memory"",""nativeFitting"":""measured where the scenario uses native NNLS"",""adapterFitting"":""not_applicable_native_javascript_path"",""qcEvidence"":""measured only for single_sample_fit_report"",""bootstrap"":""measured only for bootstrap_500"",""plotRendering"":""not_measured"",""reportSerialization"":""measured only for single_sample_fit_report"",""endToEndElapsed"":""measured"",""memory"":""observed JS heap sampled at stage boundaries where performance.memory is exposed; not OS process peak""}",120,9,,,
chrome,150.0.7871.187,medium_cohort_120,19,warm,completed,77.17500019073486,,0,0,,76.81500005722046,0.3600001335144043,26326054,26326054,,,,76.55999994277954,,,,,,0.3600001335144043,,,,"{""sdkModuleFetchImport"":""measured in cold phase; warm phase reuses the loaded module"",""pyodideInitialization"":""not_applicable_native_javascript_path"",""webRInitialization"":""not_applicable_native_javascript_path"",""wrappedPackageImport"":""not_applicable_native_javascript_path"",""publicSpectrumCatalogFetch"":""not_measured_synthetic_inputs_are_in_memory"",""nativeFitting"":""measured where the scenario uses native NNLS"",""adapterFitting"":""not_applicable_native_javascript_path"",""qcEvidence"":""measured only for single_sample_fit_report"",""bootstrap"":""measured only for bootstrap_500"",""plotRendering"":""not_measured"",""reportSerialization"":""measured only for single_sample_fit_report"",""endToEndElapsed"":""measured"",""memory"":""observed JS heap sampled at stage boundaries where performance.memory is exposed; not OS process peak""}",120,9,,,
chrome,150.0.7871.187,medium_cohort_120,20,cold,completed,5538.130000114441,5434.660000085831,5425.6050000190735,5434.6449999809265,,103.12999987602234,0.3400001525878906,25499538,25499538,5425.6050000190735,,,102.78500008583069,,,,,,0.3400001525878906,,,,"{""sdkModuleFetchImport"":""measured in cold phase; warm phase reuses the loaded module"",""pyodideInitialization"":""not_applicable_native_javascript_path"",""webRInitialization"":""not_applicable_native_javascript_path"",""wrappedPackageImport"":""not_applicable_native_javascript_path"",""publicSpectrumCatalogFetch"":""not_measured_synthetic_inputs_are_in_memory"",""nativeFitting"":""measured where the scenario uses native NNLS"",""adapterFitting"":""not_applicable_native_javascript_path"",""qcEvidence"":""measured only for single_sample_fit_report"",""bootstrap"":""measured only for bootstrap_500"",""plotRendering"":""not_measured"",""reportSerialization"":""measured only for single_sample_fit_report"",""endToEndElapsed"":""measured"",""memory"":""observed JS heap sampled at stage boundaries where performance.memory is exposed; not OS process peak""}",120,9,,,
chrome,150.0.7871.187,medium_cohort_120,20,warm,completed,65.71000003814697,,0,0,,65.45000004768372,0.25999999046325684,29310082,29310082,,,,65.28000020980835,,,,,,0.25999999046325684,,,,"{""sdkModuleFetchImport"":""measured in cold phase; warm phase reuses the loaded module"",""pyodideInitialization"":""not_applicable_native_javascript_path"",""webRInitialization"":""not_applicable_native_javascript_path"",""wrappedPackageImport"":""not_applicable_native_javascript_path"",""publicSpectrumCatalogFetch"":""not_measured_synthetic_inputs_are_in_memory"",""nativeFitting"":""measured where the scenario uses native NNLS"",""adapterFitting"":""not_applicable_native_javascript_path"",""qcEvidence"":""measured only for single_sample_fit_report"",""bootstrap"":""measured only for bootstrap_500"",""plotRendering"":""not_measured"",""reportSerialization"":""measured only for single_sample_fit_report"",""endToEndElapsed"":""measured"",""memory"":""observed JS heap sampled at stage boundaries where performance.memory is exposed; not OS process peak""}",120,9,,,
chrome,150.0.7871.187,portal_scale_300x40,1,cold,completed,15757.275000095367,6401.600000143051,6391.799999952316,6401.59500002861,,9353.574999809265,2.1000001430511475,27322687,27322687,6391.799999952316,,,9353.19000005722,,,,,,2.1000001430511475,,,,"{""sdkModuleFetchImport"":""measured in cold phase; warm phase reuses the loaded module"",""pyodideInitialization"":""not_applicable_native_javascript_path"",""webRInitialization"":""not_applicable_native_javascript_path"",""wrappedPackageImport"":""not_applicable_native_javascript_path"",""publicSpectrumCatalogFetch"":""not_measured_synthetic_inputs_are_in_memory"",""nativeFitting"":""measured where the scenario uses native NNLS"",""adapterFitting"":""not_applicable_native_javascript_path"",""qcEvidence"":""measured only for single_sample_fit_report"",""bootstrap"":""measured only for bootstrap_500"",""plotRendering"":""not_measured"",""reportSerialization"":""measured only for single_sample_fit_report"",""endToEndElapsed"":""measured"",""memory"":""observed JS heap sampled at stage boundaries where performance.memory is exposed; not OS process peak""}",300,40,,,
chrome,150.0.7871.187,portal_scale_300x40,1,warm,completed,5696.795000076294,,0,0,,5694.015000104904,2.7799999713897705,32075815,32075815,,,,5693.629999876022,,,,,,2.7799999713897705,,,,"{""sdkModuleFetchImport"":""measured in cold phase; warm phase reuses the loaded module"",""pyodideInitialization"":""not_applicable_native_javascript_path"",""webRInitialization"":""not_applicable_native_javascript_path"",""wrappedPackageImport"":""not_applicable_native_javascript_path"",""publicSpectrumCatalogFetch"":""not_measured_synthetic_inputs_are_in_memory"",""nativeFitting"":""measured where the scenario uses native NNLS"",""adapterFitting"":""not_applicable_native_javascript_path"",""qcEvidence"":""measured only for single_sample_fit_report"",""bootstrap"":""measured only for bootstrap_500"",""plotRendering"":""not_measured"",""reportSerialization"":""measured only for single_sample_fit_report"",""endToEndElapsed"":""measured"",""memory"":""observed JS heap sampled at stage boundaries where performance.memory is exposed; not OS process peak""}",300,40,,,
chrome,150.0.7871.187,portal_scale_300x40,2,cold,completed,12611.615000009537,4430.759999990463,4414.674999952316,4430.744999885559,,8177.035000085831,3.819999933242798,26191167,26191167,4414.674999952316,,,8176.4349999427795,,,,,,3.819999933242798,,,,"{""sdkModuleFetchImport"":""measured in cold phase; warm phase reuses the loaded module"",""pyodideInitialization"":""not_applicable_native_javascript_path"",""webRInitialization"":""not_applicable_native_javascript_path"",""wrappedPackageImport"":""not_applicable_native_javascript_path"",""publicSpectrumCatalogFetch"":""not_measured_synthetic_inputs_are_in_memory"",""nativeFitting"":""measured where the scenario uses native NNLS"",""adapterFitting"":""not_applicable_native_javascript_path"",""qcEvidence"":""measured only for single_sample_fit_report"",""bootstrap"":""measured only for bootstrap_500"",""plotRendering"":""not_measured"",""reportSerialization"":""measured only for single_sample_fit_report"",""endToEndElapsed"":""measured"",""memory"":""observed JS heap sampled at stage boundaries where performance.memory is exposed; not OS process peak""}",300,40,,,
chrome,150.0.7871.187,portal_scale_300x40,2,warm,completed,7554.875,,0,0,,7551.424999952316,3.450000047683716,31274847,31274847,,,,7550.930000066757,,,,,,3.450000047683716,,,,"{""sdkModuleFetchImport"":""measured in cold phase; warm phase reuses the loaded module"",""pyodideInitialization"":""not_applicable_native_javascript_path"",""webRInitialization"":""not_applicable_native_javascript_path"",""wrappedPackageImport"":""not_applicable_native_javascript_path"",""publicSpectrumCatalogFetch"":""not_measured_synthetic_inputs_are_in_memory"",""nativeFitting"":""measured where the scenario uses native NNLS"",""adapterFitting"":""not_applicable_native_javascript_path"",""qcEvidence"":""measured only for single_sample_fit_report"",""bootstrap"":""measured only for bootstrap_500"",""plotRendering"":""not_measured"",""reportSerialization"":""measured only for single_sample_fit_report"",""endToEndElapsed"":""measured"",""memory"":""observed JS heap sampled at stage boundaries where performance.memory is exposed; not OS process peak""}",300,40,,,
chrome,150.0.7871.187,portal_scale_300x40,3,cold,completed,17007.22500014305,7965.194999933243,7949.380000114441,7965.164999961853,,9037.835000276566,4.194999933242798,33296311,33296311,7949.380000114441,,,9037.25,,,,,,4.194999933242798,,,,"{""sdkModuleFetchImport"":""measured in cold phase; warm phase reuses the loaded module"",""pyodideInitialization"":""not_applicable_native_javascript_path"",""webRInitialization"":""not_applicable_native_javascript_path"",""wrappedPackageImport"":""not_applicable_native_javascript_path"",""publicSpectrumCatalogFetch"":""not_measured_synthetic_inputs_are_in_memory"",""nativeFitting"":""measured where the scenario uses native NNLS"",""adapterFitting"":""not_applicable_native_javascript_path"",""qcEvidence"":""measured only for single_sample_fit_report"",""bootstrap"":""measured only for bootstrap_500"",""plotRendering"":""not_measured"",""reportSerialization"":""measured only for single_sample_fit_report"",""endToEndElapsed"":""measured"",""memory"":""observed JS heap sampled at stage boundaries where performance.memory is exposed; not OS process peak""}",300,40,,,
chrome,150.0.7871.187,portal_scale_300x40,3,warm,completed,7138.055000066757,,0,0,,7136.740000009537,1.315000057220459,33296311,33296311,,,,7136.5199999809265,,,,,,1.315000057220459,,,,"{""sdkModuleFetchImport"":""measured in cold phase; warm phase reuses the loaded module"",""pyodideInitialization"":""not_applicable_native_javascript_path"",""webRInitialization"":""not_applicable_native_javascript_path"",""wrappedPackageImport"":""not_applicable_native_javascript_path"",""publicSpectrumCatalogFetch"":""not_measured_synthetic_inputs_are_in_memory"",""nativeFitting"":""measured where the scenario uses native NNLS"",""adapterFitting"":""not_applicable_native_javascript_path"",""qcEvidence"":""measured only for single_sample_fit_report"",""bootstrap"":""measured only for bootstrap_500"",""plotRendering"":""not_measured"",""reportSerialization"":""measured only for single_sample_fit_report"",""endToEndElapsed"":""measured"",""memory"":""observed JS heap sampled at stage boundaries where performance.memory is exposed; not OS process peak""}",300,40,,,
chrome,150.0.7871.187,portal_scale_300x40,4,cold,completed,13714.675000190735,5550.335000038147,5539.2300000190735,5550.320000171661,,8160.575000047684,3.765000104904175,33179679,33179679,5539.2300000190735,,,8160.035000085831,,,,,,3.765000104904175,,,,"{""sdkModuleFetchImport"":""measured in cold phase; warm phase reuses the loaded module"",""pyodideInitialization"":""not_applicable_native_javascript_path"",""webRInitialization"":""not_applicable_native_javascript_path"",""wrappedPackageImport"":""not_applicable_native_javascript_path"",""publicSpectrumCatalogFetch"":""not_measured_synthetic_inputs_are_in_memory"",""nativeFitting"":""measured where the scenario uses native NNLS"",""adapterFitting"":""not_applicable_native_javascript_path"",""qcEvidence"":""measured only for single_sample_fit_report"",""bootstrap"":""measured only for bootstrap_500"",""plotRendering"":""not_measured"",""reportSerialization"":""measured only for single_sample_fit_report"",""endToEndElapsed"":""measured"",""memory"":""observed JS heap sampled at stage boundaries where performance.memory is exposed; not OS process peak""}",300,40,,,
chrome,150.0.7871.187,portal_scale_300x40,4,warm,completed,7385.634999990463,,0,0,,7383.495000123978,2.1399998664855957,33179679,33179679,,,,7383.215000152588,,,,,,2.1399998664855957,,,,"{""sdkModuleFetchImport"":""measured in cold phase; warm phase reuses the loaded module"",""pyodideInitialization"":""not_applicable_native_javascript_path"",""webRInitialization"":""not_applicable_native_javascript_path"",""wrappedPackageImport"":""not_applicable_native_javascript_path"",""publicSpectrumCatalogFetch"":""not_measured_synthetic_inputs_are_in_memory"",""nativeFitting"":""measured where the scenario uses native NNLS"",""adapterFitting"":""not_applicable_native_javascript_path"",""qcEvidence"":""measured only for single_sample_fit_report"",""bootstrap"":""measured only for bootstrap_500"",""plotRendering"":""not_measured"",""reportSerialization"":""measured only for single_sample_fit_report"",""endToEndElapsed"":""measured"",""memory"":""observed JS heap sampled at stage boundaries where performance.memory is exposed; not OS process peak""}",300,40,,,
chrome,150.0.7871.187,portal_scale_300x40,5,cold,completed,11828.140000343323,7361.810000181198,7351.829999923706,7361.795000076294,,4464.6900000572205,1.6400001049041748,33876419,33876419,7351.829999923706,,,4464.375,,,,,,1.6400001049041748,,,,"{""sdkModuleFetchImport"":""measured in cold phase; warm phase reuses the loaded module"",""pyodideInitialization"":""not_applicable_native_javascript_path"",""webRInitialization"":""not_applicable_native_javascript_path"",""wrappedPackageImport"":""not_applicable_native_javascript_path"",""publicSpectrumCatalogFetch"":""not_measured_synthetic_inputs_are_in_memory"",""nativeFitting"":""measured where the scenario uses native NNLS"",""adapterFitting"":""not_applicable_native_javascript_path"",""qcEvidence"":""measured only for single_sample_fit_report"",""bootstrap"":""measured only for bootstrap_500"",""plotRendering"":""not_measured"",""reportSerialization"":""measured only for single_sample_fit_report"",""endToEndElapsed"":""measured"",""memory"":""observed JS heap sampled at stage boundaries where performance.memory is exposed; not OS process peak""}",300,40,,,
chrome,150.0.7871.187,portal_scale_300x40,5,warm,completed,7150.1900000572205,,0,0,,7149.110000133514,1.0799999237060547,33876419,33876419,,,,7148.960000038147,,,,,,1.0799999237060547,,,,"{""sdkModuleFetchImport"":""measured in cold phase; warm phase reuses the loaded module"",""pyodideInitialization"":""not_applicable_native_javascript_path"",""webRInitialization"":""not_applicable_native_javascript_path"",""wrappedPackageImport"":""not_applicable_native_javascript_path"",""publicSpectrumCatalogFetch"":""not_measured_synthetic_inputs_are_in_memory"",""nativeFitting"":""measured where the scenario uses native NNLS"",""adapterFitting"":""not_applicable_native_javascript_path"",""qcEvidence"":""measured only for single_sample_fit_report"",""bootstrap"":""measured only for bootstrap_500"",""plotRendering"":""not_measured"",""reportSerialization"":""measured only for single_sample_fit_report"",""endToEndElapsed"":""measured"",""memory"":""observed JS heap sampled at stage boundaries where performance.memory is exposed; not OS process peak""}",300,40,,,
chrome,150.0.7871.187,portal_scale_300x40,6,cold,completed,15251.074999809265,7098.109999895096,7087.65499997139,7098.099999904633,,8150.7699999809265,2.194999933242798,32532059,32532059,7087.65499997139,,,8150.360000133514,,,,,,2.194999933242798,,,,"{""sdkModuleFetchImport"":""measured in cold phase; warm phase reuses the loaded module"",""pyodideInitialization"":""not_applicable_native_javascript_path"",""webRInitialization"":""not_applicable_native_javascript_path"",""wrappedPackageImport"":""not_applicable_native_javascript_path"",""publicSpectrumCatalogFetch"":""not_measured_synthetic_inputs_are_in_memory"",""nativeFitting"":""measured where the scenario uses native NNLS"",""adapterFitting"":""not_applicable_native_javascript_path"",""qcEvidence"":""measured only for single_sample_fit_report"",""bootstrap"":""measured only for bootstrap_500"",""plotRendering"":""not_measured"",""reportSerialization"":""measured only for single_sample_fit_report"",""endToEndElapsed"":""measured"",""memory"":""observed JS heap sampled at stage boundaries where performance.memory is exposed; not OS process peak""}",300,40,,,
chrome,150.0.7871.187,portal_scale_300x40,6,warm,completed,8568.205000162125,,0,0,,8565.555000066757,2.6500000953674316,32532059,32532059,,,,8565.25,,,,,,2.6500000953674316,,,,"{""sdkModuleFetchImport"":""measured in cold phase; warm phase reuses the loaded module"",""pyodideInitialization"":""not_applicable_native_javascript_path"",""webRInitialization"":""not_applicable_native_javascript_path"",""wrappedPackageImport"":""not_applicable_native_javascript_path"",""publicSpectrumCatalogFetch"":""not_measured_synthetic_inputs_are_in_memory"",""nativeFitting"":""measured where the scenario uses native NNLS"",""adapterFitting"":""not_applicable_native_javascript_path"",""qcEvidence"":""measured only for single_sample_fit_report"",""bootstrap"":""measured only for bootstrap_500"",""plotRendering"":""not_measured"",""reportSerialization"":""measured only for single_sample_fit_report"",""endToEndElapsed"":""measured"",""memory"":""observed JS heap sampled at stage boundaries where performance.memory is exposed; not OS process peak""}",300,40,,,
chrome,150.0.7871.187,portal_scale_300x40,7,cold,completed,13149.195000171661,7187.830000162125,7177.265000104904,7187.820000171661,,5958.125,3.240000009536743,26551403,26551403,7177.265000104904,,,5957.670000076294,,,,,,3.240000009536743,,,,"{""sdkModuleFetchImport"":""measured in cold phase; warm phase reuses the loaded module"",""pyodideInitialization"":""not_applicable_native_javascript_path"",""webRInitialization"":""not_applicable_native_javascript_path"",""wrappedPackageImport"":""not_applicable_native_javascript_path"",""publicSpectrumCatalogFetch"":""not_measured_synthetic_inputs_are_in_memory"",""nativeFitting"":""measured where the scenario uses native NNLS"",""adapterFitting"":""not_applicable_native_javascript_path"",""qcEvidence"":""measured only for single_sample_fit_report"",""bootstrap"":""measured only for bootstrap_500"",""plotRendering"":""not_measured"",""reportSerialization"":""measured only for single_sample_fit_report"",""endToEndElapsed"":""measured"",""memory"":""observed JS heap sampled at stage boundaries where performance.memory is exposed; not OS process peak""}",300,40,,,
chrome,150.0.7871.187,portal_scale_300x40,7,warm,completed,7490.454999923706,,0,0,,7489.079999923706,1.375,31477867,31477867,,,,7488.819999933243,,,,,,1.375,,,,"{""sdkModuleFetchImport"":""measured in cold phase; warm phase reuses the loaded module"",""pyodideInitialization"":""not_applicable_native_javascript_path"",""webRInitialization"":""not_applicable_native_javascript_path"",""wrappedPackageImport"":""not_applicable_native_javascript_path"",""publicSpectrumCatalogFetch"":""not_measured_synthetic_inputs_are_in_memory"",""nativeFitting"":""measured where the scenario uses native NNLS"",""adapterFitting"":""not_applicable_native_javascript_path"",""qcEvidence"":""measured only for single_sample_fit_report"",""bootstrap"":""measured only for bootstrap_500"",""plotRendering"":""not_measured"",""reportSerialization"":""measured only for single_sample_fit_report"",""endToEndElapsed"":""measured"",""memory"":""observed JS heap sampled at stage boundaries where performance.memory is exposed; not OS process peak""}",300,40,,,
chrome,150.0.7871.187,portal_scale_300x40,8,cold,completed,13183.825000047684,5855.049999952316,5839.914999961853,5855.045000076294,,7326.795000076294,1.9800000190734863,32307899,32307899,5839.914999961853,,,7326.460000038147,,,,,,1.9800000190734863,,,,"{""sdkModuleFetchImport"":""measured in cold phase; warm phase reuses the loaded module"",""pyodideInitialization"":""not_applicable_native_javascript_path"",""webRInitialization"":""not_applicable_native_javascript_path"",""wrappedPackageImport"":""not_applicable_native_javascript_path"",""publicSpectrumCatalogFetch"":""not_measured_synthetic_inputs_are_in_memory"",""nativeFitting"":""measured where the scenario uses native NNLS"",""adapterFitting"":""not_applicable_native_javascript_path"",""qcEvidence"":""measured only for single_sample_fit_report"",""bootstrap"":""measured only for bootstrap_500"",""plotRendering"":""not_measured"",""reportSerialization"":""measured only for single_sample_fit_report"",""endToEndElapsed"":""measured"",""memory"":""observed JS heap sampled at stage boundaries where performance.memory is exposed; not OS process peak""}",300,40,,,
chrome,150.0.7871.187,portal_scale_300x40,8,warm,completed,10056.810000181198,,0,0,,10054.290000200272,2.5199999809265137,32307899,32307899,,,,10053.990000009537,,,,,,2.5199999809265137,,,,"{""sdkModuleFetchImport"":""measured in cold phase; warm phase reuses the loaded module"",""pyodideInitialization"":""not_applicable_native_javascript_path"",""webRInitialization"":""not_applicable_native_javascript_path"",""wrappedPackageImport"":""not_applicable_native_javascript_path"",""publicSpectrumCatalogFetch"":""not_measured_synthetic_inputs_are_in_memory"",""nativeFitting"":""measured where the scenario uses native NNLS"",""adapterFitting"":""not_applicable_native_javascript_path"",""qcEvidence"":""measured only for single_sample_fit_report"",""bootstrap"":""measured only for bootstrap_500"",""plotRendering"":""not_measured"",""reportSerialization"":""measured only for single_sample_fit_report"",""endToEndElapsed"":""measured"",""memory"":""observed JS heap sampled at stage boundaries where performance.memory is exposed; not OS process peak""}",300,40,,,
chrome,150.0.7871.187,portal_scale_300x40,9,cold,completed,16576.639999866486,7862.264999866486,7846.8099999427795,7862.245000123978,,8711.524999856949,2.8500001430511475,33386847,33386847,7846.8099999427795,,,8711.039999961853,,,,,,2.8500001430511475,,,,"{""sdkModuleFetchImport"":""measured in cold phase; warm phase reuses the loaded module"",""pyodideInitialization"":""not_applicable_native_javascript_path"",""webRInitialization"":""not_applicable_native_javascript_path"",""wrappedPackageImport"":""not_applicable_native_javascript_path"",""publicSpectrumCatalogFetch"":""not_measured_synthetic_inputs_are_in_memory"",""nativeFitting"":""measured where the scenario uses native NNLS"",""adapterFitting"":""not_applicable_native_javascript_path"",""qcEvidence"":""measured only for single_sample_fit_report"",""bootstrap"":""measured only for bootstrap_500"",""plotRendering"":""not_measured"",""reportSerialization"":""measured only for single_sample_fit_report"",""endToEndElapsed"":""measured"",""memory"":""observed JS heap sampled at stage boundaries where performance.memory is exposed; not OS process peak""}",300,40,,,
chrome,150.0.7871.187,portal_scale_300x40,9,warm,completed,8721.55999994278,,0,0,,8720.039999961853,1.5199999809265137,33386847,33386847,,,,8719.769999980927,,,,,,1.5199999809265137,,,,"{""sdkModuleFetchImport"":""measured in cold phase; warm phase reuses the loaded module"",""pyodideInitialization"":""not_applicable_native_javascript_path"",""webRInitialization"":""not_applicable_native_javascript_path"",""wrappedPackageImport"":""not_applicable_native_javascript_path"",""publicSpectrumCatalogFetch"":""not_measured_synthetic_inputs_are_in_memory"",""nativeFitting"":""measured where the scenario uses native NNLS"",""adapterFitting"":""not_applicable_native_javascript_path"",""qcEvidence"":""measured only for single_sample_fit_report"",""bootstrap"":""measured only for bootstrap_500"",""plotRendering"":""not_measured"",""reportSerialization"":""measured only for single_sample_fit_report"",""endToEndElapsed"":""measured"",""memory"":""observed JS heap sampled at stage boundaries where performance.memory is exposed; not OS process peak""}",300,40,,,
chrome,150.0.7871.187,portal_scale_300x40,10,cold,completed,11681.884999752045,4698.574999809265,4689.204999923706,4698.564999818802,,6980.615000009537,2.694999933242798,33062400,33062400,4689.204999923706,,,6980.110000133514,,,,,,2.694999933242798,,,,"{""sdkModuleFetchImport"":""measured in cold phase; warm phase reuses the loaded module"",""pyodideInitialization"":""not_applicable_native_javascript_path"",""webRInitialization"":""not_applicable_native_javascript_path"",""wrappedPackageImport"":""not_applicable_native_javascript_path"",""publicSpectrumCatalogFetch"":""not_measured_synthetic_inputs_are_in_memory"",""nativeFitting"":""measured where the scenario uses native NNLS"",""adapterFitting"":""not_applicable_native_javascript_path"",""qcEvidence"":""measured only for single_sample_fit_report"",""bootstrap"":""measured only for bootstrap_500"",""plotRendering"":""not_measured"",""reportSerialization"":""measured only for single_sample_fit_report"",""endToEndElapsed"":""measured"",""memory"":""observed JS heap sampled at stage boundaries where performance.memory is exposed; not OS process peak""}",300,40,,,
chrome,150.0.7871.187,portal_scale_300x40,10,warm,completed,6483.194999933243,,0,0,,6482.319999933243,0.875,33062400,33062400,,,,6482.169999837875,,,,,,0.875,,,,"{""sdkModuleFetchImport"":""measured in cold phase; warm phase reuses the loaded module"",""pyodideInitialization"":""not_applicable_native_javascript_path"",""webRInitialization"":""not_applicable_native_javascript_path"",""wrappedPackageImport"":""not_applicable_native_javascript_path"",""publicSpectrumCatalogFetch"":""not_measured_synthetic_inputs_are_in_memory"",""nativeFitting"":""measured where the scenario uses native NNLS"",""adapterFitting"":""not_applicable_native_javascript_path"",""qcEvidence"":""measured only for single_sample_fit_report"",""bootstrap"":""measured only for bootstrap_500"",""plotRendering"":""not_measured"",""reportSerialization"":""measured only for single_sample_fit_report"",""endToEndElapsed"":""measured"",""memory"":""observed JS heap sampled at stage boundaries where performance.memory is exposed; not OS process peak""}",300,40,,,
chrome,150.0.7871.187,portal_scale_300x40,11,cold,completed,12181.664999961853,4687.97000002861,4678.679999828339,4687.960000038147,,7490.875,2.819999933242798,26953928,26953928,4678.679999828339,,,7490.430000066757,,,,,,2.819999933242798,,,,"{""sdkModuleFetchImport"":""measured in cold phase; warm phase reuses the loaded module"",""pyodideInitialization"":""not_applicable_native_javascript_path"",""webRInitialization"":""not_applicable_native_javascript_path"",""wrappedPackageImport"":""not_applicable_native_javascript_path"",""publicSpectrumCatalogFetch"":""not_measured_synthetic_inputs_are_in_memory"",""nativeFitting"":""measured where the scenario uses native NNLS"",""adapterFitting"":""not_applicable_native_javascript_path"",""qcEvidence"":""measured only for single_sample_fit_report"",""bootstrap"":""measured only for bootstrap_500"",""plotRendering"":""not_measured"",""reportSerialization"":""measured only for single_sample_fit_report"",""endToEndElapsed"":""measured"",""memory"":""observed JS heap sampled at stage boundaries where performance.memory is exposed; not OS process peak""}",300,40,,,
chrome,150.0.7871.187,portal_scale_300x40,11,warm,completed,8099.1050000190735,,0,0,,8097.819999933243,1.2850000858306885,31763936,31763936,,,,8097.580000162125,,,,,,1.2850000858306885,,,,"{""sdkModuleFetchImport"":""measured in cold phase; warm phase reuses the loaded module"",""pyodideInitialization"":""not_applicable_native_javascript_path"",""webRInitialization"":""not_applicable_native_javascript_path"",""wrappedPackageImport"":""not_applicable_native_javascript_path"",""publicSpectrumCatalogFetch"":""not_measured_synthetic_inputs_are_in_memory"",""nativeFitting"":""measured where the scenario uses native NNLS"",""adapterFitting"":""not_applicable_native_javascript_path"",""qcEvidence"":""measured only for single_sample_fit_report"",""bootstrap"":""measured only for bootstrap_500"",""plotRendering"":""not_measured"",""reportSerialization"":""measured only for single_sample_fit_report"",""endToEndElapsed"":""measured"",""memory"":""observed JS heap sampled at stage boundaries where performance.memory is exposed; not OS process peak""}",300,40,,,
chrome,150.0.7871.187,portal_scale_300x40,12,cold,completed,11374.25,3563.6500000953674,3555.194999933243,3563.640000104904,,7809.019999742508,1.5800001621246338,34245436,34245436,3555.194999933243,,,7808.72000002861,,,,,,1.5800001621246338,,,,"{""sdkModuleFetchImport"":""measured in cold phase; warm phase reuses the loaded module"",""pyodideInitialization"":""not_applicable_native_javascript_path"",""webRInitialization"":""not_applicable_native_javascript_path"",""wrappedPackageImport"":""not_applicable_native_javascript_path"",""publicSpectrumCatalogFetch"":""not_measured_synthetic_inputs_are_in_memory"",""nativeFitting"":""measured where the scenario uses native NNLS"",""adapterFitting"":""not_applicable_native_javascript_path"",""qcEvidence"":""measured only for single_sample_fit_report"",""bootstrap"":""measured only for bootstrap_500"",""plotRendering"":""not_measured"",""reportSerialization"":""measured only for single_sample_fit_report"",""endToEndElapsed"":""measured"",""memory"":""observed JS heap sampled at stage boundaries where performance.memory is exposed; not OS process peak""}",300,40,,,
chrome,150.0.7871.187,portal_scale_300x40,12,warm,completed,7608.964999914169,,0,0,,7607.629999876022,1.3350000381469727,34245436,34245436,,,,7607.444999933243,,,,,,1.3350000381469727,,,,"{""sdkModuleFetchImport"":""measured in cold phase; warm phase reuses the loaded module"",""pyodideInitialization"":""not_applicable_native_javascript_path"",""webRInitialization"":""not_applicable_native_javascript_path"",""wrappedPackageImport"":""not_applicable_native_javascript_path"",""publicSpectrumCatalogFetch"":""not_measured_synthetic_inputs_are_in_memory"",""nativeFitting"":""measured where the scenario uses native NNLS"",""adapterFitting"":""not_applicable_native_javascript_path"",""qcEvidence"":""measured only for single_sample_fit_report"",""bootstrap"":""measured only for bootstrap_500"",""plotRendering"":""not_measured"",""reportSerialization"":""measured only for single_sample_fit_report"",""endToEndElapsed"":""measured"",""memory"":""observed JS heap sampled at stage boundaries where performance.memory is exposed; not OS process peak""}",300,40,,,
chrome,150.0.7871.187,portal_scale_300x40,13,cold,completed,15967.244999885559,5528.964999914169,5509.984999895096,5528.950000047684,,10436.644999980927,1.6349999904632568,32396432,32396432,5509.984999895096,,,10436.19000005722,,,,,,1.6349999904632568,,,,"{""sdkModuleFetchImport"":""measured in cold phase; warm phase reuses the loaded module"",""pyodideInitialization"":""not_applicable_native_javascript_path"",""webRInitialization"":""not_applicable_native_javascript_path"",""wrappedPackageImport"":""not_applicable_native_javascript_path"",""publicSpectrumCatalogFetch"":""not_measured_synthetic_inputs_are_in_memory"",""nativeFitting"":""measured where the scenario uses native NNLS"",""adapterFitting"":""not_applicable_native_javascript_path"",""qcEvidence"":""measured only for single_sample_fit_report"",""bootstrap"":""measured only for bootstrap_500"",""plotRendering"":""not_measured"",""reportSerialization"":""measured only for single_sample_fit_report"",""endToEndElapsed"":""measured"",""memory"":""observed JS heap sampled at stage boundaries where performance.memory is exposed; not OS process peak""}",300,40,,,
chrome,150.0.7871.187,portal_scale_300x40,13,warm,completed,4833.139999866486,,0,0,,4831.555000066757,1.5849997997283936,32396432,32396432,,,,4831.34500002861,,,,,,1.5849997997283936,,,,"{""sdkModuleFetchImport"":""measured in cold phase; warm phase reuses the loaded module"",""pyodideInitialization"":""not_applicable_native_javascript_path"",""webRInitialization"":""not_applicable_native_javascript_path"",""wrappedPackageImport"":""not_applicable_native_javascript_path"",""publicSpectrumCatalogFetch"":""not_measured_synthetic_inputs_are_in_memory"",""nativeFitting"":""measured where the scenario uses native NNLS"",""adapterFitting"":""not_applicable_native_javascript_path"",""qcEvidence"":""measured only for single_sample_fit_report"",""bootstrap"":""measured only for bootstrap_500"",""plotRendering"":""not_measured"",""reportSerialization"":""measured only for single_sample_fit_report"",""endToEndElapsed"":""measured"",""memory"":""observed JS heap sampled at stage boundaries where performance.memory is exposed; not OS process peak""}",300,40,,,
chrome,150.0.7871.187,portal_scale_300x40,14,cold,completed,3023.6849999427795,1274.2400000095367,1270.6800000667572,1274.2400000095367,,1748.8900001049042,0.554999828338623,26262688,26262688,1270.6800000667572,,,1748.75,,,,,,0.554999828338623,,,,"{""sdkModuleFetchImport"":""measured in cold phase; warm phase reuses the loaded module"",""pyodideInitialization"":""not_applicable_native_javascript_path"",""webRInitialization"":""not_applicable_native_javascript_path"",""wrappedPackageImport"":""not_applicable_native_javascript_path"",""publicSpectrumCatalogFetch"":""not_measured_synthetic_inputs_are_in_memory"",""nativeFitting"":""measured where the scenario uses native NNLS"",""adapterFitting"":""not_applicable_native_javascript_path"",""qcEvidence"":""measured only for single_sample_fit_report"",""bootstrap"":""measured only for bootstrap_500"",""plotRendering"":""not_measured"",""reportSerialization"":""measured only for single_sample_fit_report"",""endToEndElapsed"":""measured"",""memory"":""observed JS heap sampled at stage boundaries where performance.memory is exposed; not OS process peak""}",300,40,,,
chrome,150.0.7871.187,portal_scale_300x40,14,warm,completed,2155.314999818802,,0,0,,2154.5499997138977,0.7650001049041748,31327292,31327292,,,,2154.3700001239777,,,,,,0.7650001049041748,,,,"{""sdkModuleFetchImport"":""measured in cold phase; warm phase reuses the loaded module"",""pyodideInitialization"":""not_applicable_native_javascript_path"",""webRInitialization"":""not_applicable_native_javascript_path"",""wrappedPackageImport"":""not_applicable_native_javascript_path"",""publicSpectrumCatalogFetch"":""not_measured_synthetic_inputs_are_in_memory"",""nativeFitting"":""measured where the scenario uses native NNLS"",""adapterFitting"":""not_applicable_native_javascript_path"",""qcEvidence"":""measured only for single_sample_fit_report"",""bootstrap"":""measured only for bootstrap_500"",""plotRendering"":""not_measured"",""reportSerialization"":""measured only for single_sample_fit_report"",""endToEndElapsed"":""measured"",""memory"":""observed JS heap sampled at stage boundaries where performance.memory is exposed; not OS process peak""}",300,40,,,
chrome,150.0.7871.187,portal_scale_300x40,15,cold,completed,3041.6600003242493,1362.5400002002716,1358.7800002098083,1362.5400002002716,,1678.4700000286102,0.6500000953674316,26497712,26497712,1358.7800002098083,,,1678.3150000572205,,,,,,0.6500000953674316,,,,"{""sdkModuleFetchImport"":""measured in cold phase; warm phase reuses the loaded module"",""pyodideInitialization"":""not_applicable_native_javascript_path"",""webRInitialization"":""not_applicable_native_javascript_path"",""wrappedPackageImport"":""not_applicable_native_javascript_path"",""publicSpectrumCatalogFetch"":""not_measured_synthetic_inputs_are_in_memory"",""nativeFitting"":""measured where the scenario uses native NNLS"",""adapterFitting"":""not_applicable_native_javascript_path"",""qcEvidence"":""measured only for single_sample_fit_report"",""bootstrap"":""measured only for bootstrap_500"",""plotRendering"":""not_measured"",""reportSerialization"":""measured only for single_sample_fit_report"",""endToEndElapsed"":""measured"",""memory"":""observed JS heap sampled at stage boundaries where performance.memory is exposed; not OS process peak""}",300,40,,,
chrome,150.0.7871.187,portal_scale_300x40,15,warm,completed,2423.5299999713898,,0,0,,2422.755000114441,0.7749998569488525,31445032,31445032,,,,2422.6349999904633,,,,,,0.7749998569488525,,,,"{""sdkModuleFetchImport"":""measured in cold phase; warm phase reuses the loaded module"",""pyodideInitialization"":""not_applicable_native_javascript_path"",""webRInitialization"":""not_applicable_native_javascript_path"",""wrappedPackageImport"":""not_applicable_native_javascript_path"",""publicSpectrumCatalogFetch"":""not_measured_synthetic_inputs_are_in_memory"",""nativeFitting"":""measured where the scenario uses native NNLS"",""adapterFitting"":""not_applicable_native_javascript_path"",""qcEvidence"":""measured only for single_sample_fit_report"",""bootstrap"":""measured only for bootstrap_500"",""plotRendering"":""not_measured"",""reportSerialization"":""measured only for single_sample_fit_report"",""endToEndElapsed"":""measured"",""memory"":""observed JS heap sampled at stage boundaries where performance.memory is exposed; not OS process peak""}",300,40,,,
chrome,150.0.7871.187,portal_scale_300x40,16,cold,completed,3819.064999818802,1531.8799998760223,1528.5250000953674,1531.875,,2286.399999856949,0.7850000858306885,33961684,33961684,1528.5250000953674,,,2286.2000000476837,,,,,,0.7850000858306885,,,,"{""sdkModuleFetchImport"":""measured in cold phase; warm phase reuses the loaded module"",""pyodideInitialization"":""not_applicable_native_javascript_path"",""webRInitialization"":""not_applicable_native_javascript_path"",""wrappedPackageImport"":""not_applicable_native_javascript_path"",""publicSpectrumCatalogFetch"":""not_measured_synthetic_inputs_are_in_memory"",""nativeFitting"":""measured where the scenario uses native NNLS"",""adapterFitting"":""not_applicable_native_javascript_path"",""qcEvidence"":""measured only for single_sample_fit_report"",""bootstrap"":""measured only for bootstrap_500"",""plotRendering"":""not_measured"",""reportSerialization"":""measured only for single_sample_fit_report"",""endToEndElapsed"":""measured"",""memory"":""observed JS heap sampled at stage boundaries where performance.memory is exposed; not OS process peak""}",300,40,,,
chrome,150.0.7871.187,portal_scale_300x40,16,warm,completed,2666.3650000095367,,0,0,,2665.5,0.8650000095367432,33961684,33961684,,,,2665.3349997997284,,,,,,0.8650000095367432,,,,"{""sdkModuleFetchImport"":""measured in cold phase; warm phase reuses the loaded module"",""pyodideInitialization"":""not_applicable_native_javascript_path"",""webRInitialization"":""not_applicable_native_javascript_path"",""wrappedPackageImport"":""not_applicable_native_javascript_path"",""publicSpectrumCatalogFetch"":""not_measured_synthetic_inputs_are_in_memory"",""nativeFitting"":""measured where the scenario uses native NNLS"",""adapterFitting"":""not_applicable_native_javascript_path"",""qcEvidence"":""measured only for single_sample_fit_report"",""bootstrap"":""measured only for bootstrap_500"",""plotRendering"":""not_measured"",""reportSerialization"":""measured only for single_sample_fit_report"",""endToEndElapsed"":""measured"",""memory"":""observed JS heap sampled at stage boundaries where performance.memory is exposed; not OS process peak""}",300,40,,,
chrome,150.0.7871.187,portal_scale_300x40,17,cold,completed,3825.0149998664856,1826.710000038147,1823.2199997901917,1826.704999923706,,1997.229999780655,1.0750000476837158,34307588,34307588,1823.2199997901917,,,1997.0299999713898,,,,,,1.0750000476837158,,,,"{""sdkModuleFetchImport"":""measured in cold phase; warm phase reuses the loaded module"",""pyodideInitialization"":""not_applicable_native_javascript_path"",""webRInitialization"":""not_applicable_native_javascript_path"",""wrappedPackageImport"":""not_applicable_native_javascript_path"",""publicSpectrumCatalogFetch"":""not_measured_synthetic_inputs_are_in_memory"",""nativeFitting"":""measured where the scenario uses native NNLS"",""adapterFitting"":""not_applicable_native_javascript_path"",""qcEvidence"":""measured only for single_sample_fit_report"",""bootstrap"":""measured only for bootstrap_500"",""plotRendering"":""not_measured"",""reportSerialization"":""measured only for single_sample_fit_report"",""endToEndElapsed"":""measured"",""memory"":""observed JS heap sampled at stage boundaries where performance.memory is exposed; not OS process peak""}",300,40,,,
chrome,150.0.7871.187,portal_scale_300x40,17,warm,completed,2514.0650000572205,,0,0,,2513.0950000286102,0.9700000286102295,34307588,34307588,,,,2512.8799998760223,,,,,,0.9700000286102295,,,,"{""sdkModuleFetchImport"":""measured in cold phase; warm phase reuses the loaded module"",""pyodideInitialization"":""not_applicable_native_javascript_path"",""webRInitialization"":""not_applicable_native_javascript_path"",""wrappedPackageImport"":""not_applicable_native_javascript_path"",""publicSpectrumCatalogFetch"":""not_measured_synthetic_inputs_are_in_memory"",""nativeFitting"":""measured where the scenario uses native NNLS"",""adapterFitting"":""not_applicable_native_javascript_path"",""qcEvidence"":""measured only for single_sample_fit_report"",""bootstrap"":""measured only for bootstrap_500"",""plotRendering"":""not_measured"",""reportSerialization"":""measured only for single_sample_fit_report"",""endToEndElapsed"":""measured"",""memory"":""observed JS heap sampled at stage boundaries where performance.memory is exposed; not OS process peak""}",300,40,,,
chrome,150.0.7871.187,portal_scale_300x40,18,cold,completed,7332.734999895096,5427.775000095367,5423.795000076294,5427.7699999809265,,1903.9399998188019,1.0199999809265137,32182620,32182620,5423.795000076294,,,1903.6749999523163,,,,,,1.0199999809265137,,,,"{""sdkModuleFetchImport"":""measured in cold phase; warm phase reuses the loaded module"",""pyodideInitialization"":""not_applicable_native_javascript_path"",""webRInitialization"":""not_applicable_native_javascript_path"",""wrappedPackageImport"":""not_applicable_native_javascript_path"",""publicSpectrumCatalogFetch"":""not_measured_synthetic_inputs_are_in_memory"",""nativeFitting"":""measured where the scenario uses native NNLS"",""adapterFitting"":""not_applicable_native_javascript_path"",""qcEvidence"":""measured only for single_sample_fit_report"",""bootstrap"":""measured only for bootstrap_500"",""plotRendering"":""not_measured"",""reportSerialization"":""measured only for single_sample_fit_report"",""endToEndElapsed"":""measured"",""memory"":""observed JS heap sampled at stage boundaries where performance.memory is exposed; not OS process peak""}",300,40,,,
chrome,150.0.7871.187,portal_scale_300x40,18,warm,completed,2663.1449999809265,,0,0,,2662.2149999141693,0.9300000667572021,32182620,32182620,,,,2662.0099999904633,,,,,,0.9300000667572021,,,,"{""sdkModuleFetchImport"":""measured in cold phase; warm phase reuses the loaded module"",""pyodideInitialization"":""not_applicable_native_javascript_path"",""webRInitialization"":""not_applicable_native_javascript_path"",""wrappedPackageImport"":""not_applicable_native_javascript_path"",""publicSpectrumCatalogFetch"":""not_measured_synthetic_inputs_are_in_memory"",""nativeFitting"":""measured where the scenario uses native NNLS"",""adapterFitting"":""not_applicable_native_javascript_path"",""qcEvidence"":""measured only for single_sample_fit_report"",""bootstrap"":""measured only for bootstrap_500"",""plotRendering"":""not_measured"",""reportSerialization"":""measured only for single_sample_fit_report"",""endToEndElapsed"":""measured"",""memory"":""observed JS heap sampled at stage boundaries where performance.memory is exposed; not OS process peak""}",300,40,,,
chrome,150.0.7871.187,portal_scale_300x40,19,cold,completed,3636.1549999713898,1465.7799999713898,1462.244999885559,1465.7799999713898,,2169.6449999809265,0.7300000190734863,33947772,33947772,1462.244999885559,,,2169.4800000190735,,,,,,0.7300000190734863,,,,"{""sdkModuleFetchImport"":""measured in cold phase; warm phase reuses the loaded module"",""pyodideInitialization"":""not_applicable_native_javascript_path"",""webRInitialization"":""not_applicable_native_javascript_path"",""wrappedPackageImport"":""not_applicable_native_javascript_path"",""publicSpectrumCatalogFetch"":""not_measured_synthetic_inputs_are_in_memory"",""nativeFitting"":""measured where the scenario uses native NNLS"",""adapterFitting"":""not_applicable_native_javascript_path"",""qcEvidence"":""measured only for single_sample_fit_report"",""bootstrap"":""measured only for bootstrap_500"",""plotRendering"":""not_measured"",""reportSerialization"":""measured only for single_sample_fit_report"",""endToEndElapsed"":""measured"",""memory"":""observed JS heap sampled at stage boundaries where performance.memory is exposed; not OS process peak""}",300,40,,,
chrome,150.0.7871.187,portal_scale_300x40,19,warm,completed,2109.1299998760223,,0,0,,2107.5599999427795,1.5699999332427979,33947772,33947772,,,,2107.3600001335144,,,,,,1.5699999332427979,,,,"{""sdkModuleFetchImport"":""measured in cold phase; warm phase reuses the loaded module"",""pyodideInitialization"":""not_applicable_native_javascript_path"",""webRInitialization"":""not_applicable_native_javascript_path"",""wrappedPackageImport"":""not_applicable_native_javascript_path"",""publicSpectrumCatalogFetch"":""not_measured_synthetic_inputs_are_in_memory"",""nativeFitting"":""measured where the scenario uses native NNLS"",""adapterFitting"":""not_applicable_native_javascript_path"",""qcEvidence"":""measured only for single_sample_fit_report"",""bootstrap"":""measured only for bootstrap_500"",""plotRendering"":""not_measured"",""reportSerialization"":""measured only for single_sample_fit_report"",""endToEndElapsed"":""measured"",""memory"":""observed JS heap sampled at stage boundaries where performance.memory is exposed; not OS process peak""}",300,40,,,
chrome,150.0.7871.187,portal_scale_300x40,20,cold,completed,3466.8550000190735,1441.8199999332428,1438.3500001430511,1441.8149998188019,,2023.9850001335144,1.0499999523162842,27572640,27572640,1438.3500001430511,,,2023.6499998569489,,,,,,1.0499999523162842,,,,"{""sdkModuleFetchImport"":""measured in cold phase; warm phase reuses the loaded module"",""pyodideInitialization"":""not_applicable_native_javascript_path"",""webRInitialization"":""not_applicable_native_javascript_path"",""wrappedPackageImport"":""not_applicable_native_javascript_path"",""publicSpectrumCatalogFetch"":""not_measured_synthetic_inputs_are_in_memory"",""nativeFitting"":""measured where the scenario uses native NNLS"",""adapterFitting"":""not_applicable_native_javascript_path"",""qcEvidence"":""measured only for single_sample_fit_report"",""bootstrap"":""measured only for bootstrap_500"",""plotRendering"":""not_measured"",""reportSerialization"":""measured only for single_sample_fit_report"",""endToEndElapsed"":""measured"",""memory"":""observed JS heap sampled at stage boundaries where performance.memory is exposed; not OS process peak""}",300,40,,,
chrome,150.0.7871.187,portal_scale_300x40,20,warm,completed,2731.305000066757,,0,0,,2730.4500000476837,0.8550000190734863,32226956,32226956,,,,2730.319999933243,,,,,,0.8550000190734863,,,,"{""sdkModuleFetchImport"":""measured in cold phase; warm phase reuses the loaded module"",""pyodideInitialization"":""not_applicable_native_javascript_path"",""webRInitialization"":""not_applicable_native_javascript_path"",""wrappedPackageImport"":""not_applicable_native_javascript_path"",""publicSpectrumCatalogFetch"":""not_measured_synthetic_inputs_are_in_memory"",""nativeFitting"":""measured where the scenario uses native NNLS"",""adapterFitting"":""not_applicable_native_javascript_path"",""qcEvidence"":""measured only for single_sample_fit_report"",""bootstrap"":""measured only for bootstrap_500"",""plotRendering"":""not_measured"",""reportSerialization"":""measured only for single_sample_fit_report"",""endToEndElapsed"":""measured"",""memory"":""observed JS heap sampled at stage boundaries where performance.memory is exposed; not OS process peak""}",300,40,,,
chrome,150.0.7871.187,bootstrap_500,1,cold,completed,1795.9300000667572,1504.8500001430511,1501.5,1504.8450000286102,,290.6899998188019,0.3900001049041748,20931917,20931917,1501.5,,,,,,290.5350000858307,,,0.3900001049041748,,,,"{""sdkModuleFetchImport"":""measured in cold phase; warm phase reuses the loaded module"",""pyodideInitialization"":""not_applicable_native_javascript_path"",""webRInitialization"":""not_applicable_native_javascript_path"",""wrappedPackageImport"":""not_applicable_native_javascript_path"",""publicSpectrumCatalogFetch"":""not_measured_synthetic_inputs_are_in_memory"",""nativeFitting"":""measured where the scenario uses native NNLS"",""adapterFitting"":""not_applicable_native_javascript_path"",""qcEvidence"":""measured only for single_sample_fit_report"",""bootstrap"":""measured only for bootstrap_500"",""plotRendering"":""not_measured"",""reportSerialization"":""measured only for single_sample_fit_report"",""endToEndElapsed"":""measured"",""memory"":""observed JS heap sampled at stage boundaries where performance.memory is exposed; not OS process peak""}",1,9,,,
chrome,150.0.7871.187,bootstrap_500,1,warm,completed,287.5199999809265,,0,0,,287.039999961853,0.48000001907348633,22584405,22584405,,,,,,,286.9500000476837,,,0.48000001907348633,,,,"{""sdkModuleFetchImport"":""measured in cold phase; warm phase reuses the loaded module"",""pyodideInitialization"":""not_applicable_native_javascript_path"",""webRInitialization"":""not_applicable_native_javascript_path"",""wrappedPackageImport"":""not_applicable_native_javascript_path"",""publicSpectrumCatalogFetch"":""not_measured_synthetic_inputs_are_in_memory"",""nativeFitting"":""measured where the scenario uses native NNLS"",""adapterFitting"":""not_applicable_native_javascript_path"",""qcEvidence"":""measured only for single_sample_fit_report"",""bootstrap"":""measured only for bootstrap_500"",""plotRendering"":""not_measured"",""reportSerialization"":""measured only for single_sample_fit_report"",""endToEndElapsed"":""measured"",""memory"":""observed JS heap sampled at stage boundaries where performance.memory is exposed; not OS process peak""}",1,9,,,
chrome,150.0.7871.187,bootstrap_500,2,cold,completed,1687.4900002479553,1398.085000038147,1394.6900000572205,1398.079999923706,,288.9650001525879,0.440000057220459,23956181,23956181,1394.6900000572205,,,,,,288.8399999141693,,,0.440000057220459,,,,"{""sdkModuleFetchImport"":""measured in cold phase; warm phase reuses the loaded module"",""pyodideInitialization"":""not_applicable_native_javascript_path"",""webRInitialization"":""not_applicable_native_javascript_path"",""wrappedPackageImport"":""not_applicable_native_javascript_path"",""publicSpectrumCatalogFetch"":""not_measured_synthetic_inputs_are_in_memory"",""nativeFitting"":""measured where the scenario uses native NNLS"",""adapterFitting"":""not_applicable_native_javascript_path"",""qcEvidence"":""measured only for single_sample_fit_report"",""bootstrap"":""measured only for bootstrap_500"",""plotRendering"":""not_measured"",""reportSerialization"":""measured only for single_sample_fit_report"",""endToEndElapsed"":""measured"",""memory"":""observed JS heap sampled at stage boundaries where performance.memory is exposed; not OS process peak""}",1,9,,,
chrome,150.0.7871.187,bootstrap_500,2,warm,completed,261.79499983787537,,0,0,,261.414999961853,0.37999987602233887,26956565,26956565,,,,,,,261.3550000190735,,,0.37999987602233887,,,,"{""sdkModuleFetchImport"":""measured in cold phase; warm phase reuses the loaded module"",""pyodideInitialization"":""not_applicable_native_javascript_path"",""webRInitialization"":""not_applicable_native_javascript_path"",""wrappedPackageImport"":""not_applicable_native_javascript_path"",""publicSpectrumCatalogFetch"":""not_measured_synthetic_inputs_are_in_memory"",""nativeFitting"":""measured where the scenario uses native NNLS"",""adapterFitting"":""not_applicable_native_javascript_path"",""qcEvidence"":""measured only for single_sample_fit_report"",""bootstrap"":""measured only for bootstrap_500"",""plotRendering"":""not_measured"",""reportSerialization"":""measured only for single_sample_fit_report"",""endToEndElapsed"":""measured"",""memory"":""observed JS heap sampled at stage boundaries where performance.memory is exposed; not OS process peak""}",1,9,,,
chrome,150.0.7871.187,bootstrap_500,3,cold,completed,1891.5999999046326,1574.5599999427795,1571.0249998569489,1574.5599999427795,,316.5499999523163,0.49000000953674316,23099837,23099837,1571.0249998569489,,,,,,316.39999985694885,,,0.49000000953674316,,,,"{""sdkModuleFetchImport"":""measured in cold phase; warm phase reuses the loaded module"",""pyodideInitialization"":""not_applicable_native_javascript_path"",""webRInitialization"":""not_applicable_native_javascript_path"",""wrappedPackageImport"":""not_applicable_native_javascript_path"",""publicSpectrumCatalogFetch"":""not_measured_synthetic_inputs_are_in_memory"",""nativeFitting"":""measured where the scenario uses native NNLS"",""adapterFitting"":""not_applicable_native_javascript_path"",""qcEvidence"":""measured only for single_sample_fit_report"",""bootstrap"":""measured only for bootstrap_500"",""plotRendering"":""not_measured"",""reportSerialization"":""measured only for single_sample_fit_report"",""endToEndElapsed"":""measured"",""memory"":""observed JS heap sampled at stage boundaries where performance.memory is exposed; not OS process peak""}",1,9,,,
chrome,150.0.7871.187,bootstrap_500,3,warm,completed,330.99000000953674,,0,0,,330.4849998950958,0.505000114440918,23324353,23324353,,,,,,,330.39999985694885,,,0.505000114440918,,,,"{""sdkModuleFetchImport"":""measured in cold phase; warm phase reuses the loaded module"",""pyodideInitialization"":""not_applicable_native_javascript_path"",""webRInitialization"":""not_applicable_native_javascript_path"",""wrappedPackageImport"":""not_applicable_native_javascript_path"",""publicSpectrumCatalogFetch"":""not_measured_synthetic_inputs_are_in_memory"",""nativeFitting"":""measured where the scenario uses native NNLS"",""adapterFitting"":""not_applicable_native_javascript_path"",""qcEvidence"":""measured only for single_sample_fit_report"",""bootstrap"":""measured only for bootstrap_500"",""plotRendering"":""not_measured"",""reportSerialization"":""measured only for single_sample_fit_report"",""endToEndElapsed"":""measured"",""memory"":""observed JS heap sampled at stage boundaries where performance.memory is exposed; not OS process peak""}",1,9,,,
chrome,150.0.7871.187,bootstrap_500,4,cold,completed,1589.2949998378754,1305.0599999427795,1302.1800000667572,1305.0599999427795,,283.77999997138977,0.4549999237060547,23959209,23959209,1302.1800000667572,,,,,,283.6399998664856,,,0.4549999237060547,,,,"{""sdkModuleFetchImport"":""measured in cold phase; warm phase reuses the loaded module"",""pyodideInitialization"":""not_applicable_native_javascript_path"",""webRInitialization"":""not_applicable_native_javascript_path"",""wrappedPackageImport"":""not_applicable_native_javascript_path"",""publicSpectrumCatalogFetch"":""not_measured_synthetic_inputs_are_in_memory"",""nativeFitting"":""measured where the scenario uses native NNLS"",""adapterFitting"":""not_applicable_native_javascript_path"",""qcEvidence"":""measured only for single_sample_fit_report"",""bootstrap"":""measured only for bootstrap_500"",""plotRendering"":""not_measured"",""reportSerialization"":""measured only for single_sample_fit_report"",""endToEndElapsed"":""measured"",""memory"":""observed JS heap sampled at stage boundaries where performance.memory is exposed; not OS process peak""}",1,9,,,
chrome,150.0.7871.187,bootstrap_500,4,warm,completed,285.8399999141693,,0,0,,285.32999992370605,0.5099999904632568,24267961,24267961,,,,,,,285.22499990463257,,,0.5099999904632568,,,,"{""sdkModuleFetchImport"":""measured in cold phase; warm phase reuses the loaded module"",""pyodideInitialization"":""not_applicable_native_javascript_path"",""webRInitialization"":""not_applicable_native_javascript_path"",""wrappedPackageImport"":""not_applicable_native_javascript_path"",""publicSpectrumCatalogFetch"":""not_measured_synthetic_inputs_are_in_memory"",""nativeFitting"":""measured where the scenario uses native NNLS"",""adapterFitting"":""not_applicable_native_javascript_path"",""qcEvidence"":""measured only for single_sample_fit_report"",""bootstrap"":""measured only for bootstrap_500"",""plotRendering"":""not_measured"",""reportSerialization"":""measured only for single_sample_fit_report"",""endToEndElapsed"":""measured"",""memory"":""observed JS heap sampled at stage boundaries where performance.memory is exposed; not OS process peak""}",1,9,,,
chrome,150.0.7871.187,bootstrap_500,5,cold,completed,1864.315000295639,1552.0800001621246,1548.8250000476837,1552.0750000476837,,311.7699999809265,0.4650001525878906,21792233,21792233,1548.8250000476837,,,,,,311.65000009536743,,,0.4650001525878906,,,,"{""sdkModuleFetchImport"":""measured in cold phase; warm phase reuses the loaded module"",""pyodideInitialization"":""not_applicable_native_javascript_path"",""webRInitialization"":""not_applicable_native_javascript_path"",""wrappedPackageImport"":""not_applicable_native_javascript_path"",""publicSpectrumCatalogFetch"":""not_measured_synthetic_inputs_are_in_memory"",""nativeFitting"":""measured where the scenario uses native NNLS"",""adapterFitting"":""not_applicable_native_javascript_path"",""qcEvidence"":""measured only for single_sample_fit_report"",""bootstrap"":""measured only for bootstrap_500"",""plotRendering"":""not_measured"",""reportSerialization"":""measured only for single_sample_fit_report"",""endToEndElapsed"":""measured"",""memory"":""observed JS heap sampled at stage boundaries where performance.memory is exposed; not OS process peak""}",1,9,,,
chrome,150.0.7871.187,bootstrap_500,5,warm,completed,263.875,,0,0,,263.4399998188019,0.4350001811981201,22601197,22601197,,,,,,,263.37000012397766,,,0.4350001811981201,,,,"{""sdkModuleFetchImport"":""measured in cold phase; warm phase reuses the loaded module"",""pyodideInitialization"":""not_applicable_native_javascript_path"",""webRInitialization"":""not_applicable_native_javascript_path"",""wrappedPackageImport"":""not_applicable_native_javascript_path"",""publicSpectrumCatalogFetch"":""not_measured_synthetic_inputs_are_in_memory"",""nativeFitting"":""measured where the scenario uses native NNLS"",""adapterFitting"":""not_applicable_native_javascript_path"",""qcEvidence"":""measured only for single_sample_fit_report"",""bootstrap"":""measured only for bootstrap_500"",""plotRendering"":""not_measured"",""reportSerialization"":""measured only for single_sample_fit_report"",""endToEndElapsed"":""measured"",""memory"":""observed JS heap sampled at stage boundaries where performance.memory is exposed; not OS process peak""}",1,9,,,
chrome,150.0.7871.187,bootstrap_500,6,cold,completed,1755.335000038147,1455.0899999141693,1452.6500000953674,1455.085000038147,,299.2000000476837,1.0450000762939453,24065769,24065769,1452.6500000953674,,,,,,299.05999994277954,,,1.0450000762939453,,,,"{""sdkModuleFetchImport"":""measured in cold phase; warm phase reuses the loaded module"",""pyodideInitialization"":""not_applicable_native_javascript_path"",""webRInitialization"":""not_applicable_native_javascript_path"",""wrappedPackageImport"":""not_applicable_native_javascript_path"",""publicSpectrumCatalogFetch"":""not_measured_synthetic_inputs_are_in_memory"",""nativeFitting"":""measured where the scenario uses native NNLS"",""adapterFitting"":""not_applicable_native_javascript_path"",""qcEvidence"":""measured only for single_sample_fit_report"",""bootstrap"":""measured only for bootstrap_500"",""plotRendering"":""not_measured"",""reportSerialization"":""measured only for single_sample_fit_report"",""endToEndElapsed"":""measured"",""memory"":""observed JS heap sampled at stage boundaries where performance.memory is exposed; not OS process peak""}",1,9,,,
chrome,150.0.7871.187,bootstrap_500,6,warm,completed,243.2850000858307,,0,0,,242.9100000858307,0.375,26927877,26927877,,,,,,,242.8399999141693,,,0.375,,,,"{""sdkModuleFetchImport"":""measured in cold phase; warm phase reuses the loaded module"",""pyodideInitialization"":""not_applicable_native_javascript_path"",""webRInitialization"":""not_applicable_native_javascript_path"",""wrappedPackageImport"":""not_applicable_native_javascript_path"",""publicSpectrumCatalogFetch"":""not_measured_synthetic_inputs_are_in_memory"",""nativeFitting"":""measured where the scenario uses native NNLS"",""adapterFitting"":""not_applicable_native_javascript_path"",""qcEvidence"":""measured only for single_sample_fit_report"",""bootstrap"":""measured only for bootstrap_500"",""plotRendering"":""not_measured"",""reportSerialization"":""measured only for single_sample_fit_report"",""endToEndElapsed"":""measured"",""memory"":""observed JS heap sampled at stage boundaries where performance.memory is exposed; not OS process peak""}",1,9,,,
chrome,150.0.7871.187,bootstrap_500,7,cold,completed,1975.494999885559,1695.8199999332428,1692.75,1695.8199999332428,,279.22499990463257,0.4500000476837158,20908289,20908289,1692.75,,,,,,279.1050000190735,,,0.4500000476837158,,,,"{""sdkModuleFetchImport"":""measured in cold phase; warm phase reuses the loaded module"",""pyodideInitialization"":""not_applicable_native_javascript_path"",""webRInitialization"":""not_applicable_native_javascript_path"",""wrappedPackageImport"":""not_applicable_native_javascript_path"",""publicSpectrumCatalogFetch"":""not_measured_synthetic_inputs_are_in_memory"",""nativeFitting"":""measured where the scenario uses native NNLS"",""adapterFitting"":""not_applicable_native_javascript_path"",""qcEvidence"":""measured only for single_sample_fit_report"",""bootstrap"":""measured only for bootstrap_500"",""plotRendering"":""not_measured"",""reportSerialization"":""measured only for single_sample_fit_report"",""endToEndElapsed"":""measured"",""memory"":""observed JS heap sampled at stage boundaries where performance.memory is exposed; not OS process peak""}",1,9,,,
chrome,150.0.7871.187,bootstrap_500,7,warm,completed,260.6050000190735,,0,0,,260.210000038147,0.39499998092651367,27007089,27007089,,,,,,,260.1400001049042,,,0.39499998092651367,,,,"{""sdkModuleFetchImport"":""measured in cold phase; warm phase reuses the loaded module"",""pyodideInitialization"":""not_applicable_native_javascript_path"",""webRInitialization"":""not_applicable_native_javascript_path"",""wrappedPackageImport"":""not_applicable_native_javascript_path"",""publicSpectrumCatalogFetch"":""not_measured_synthetic_inputs_are_in_memory"",""nativeFitting"":""measured where the scenario uses native NNLS"",""adapterFitting"":""not_applicable_native_javascript_path"",""qcEvidence"":""measured only for single_sample_fit_report"",""bootstrap"":""measured only for bootstrap_500"",""plotRendering"":""not_measured"",""reportSerialization"":""measured only for single_sample_fit_report"",""endToEndElapsed"":""measured"",""memory"":""observed JS heap sampled at stage boundaries where performance.memory is exposed; not OS process peak""}",1,9,,,
chrome,150.0.7871.187,bootstrap_500,8,cold,completed,2067.2800002098083,1615.4100000858307,1611.1900000572205,1615.4049999713898,,451.335000038147,0.5350000858306885,23971457,23971457,1611.1900000572205,,,,,,451.1449999809265,,,0.5350000858306885,,,,"{""sdkModuleFetchImport"":""measured in cold phase; warm phase reuses the loaded module"",""pyodideInitialization"":""not_applicable_native_javascript_path"",""webRInitialization"":""not_applicable_native_javascript_path"",""wrappedPackageImport"":""not_applicable_native_javascript_path"",""publicSpectrumCatalogFetch"":""not_measured_synthetic_inputs_are_in_memory"",""nativeFitting"":""measured where the scenario uses native NNLS"",""adapterFitting"":""not_applicable_native_javascript_path"",""qcEvidence"":""measured only for single_sample_fit_report"",""bootstrap"":""measured only for bootstrap_500"",""plotRendering"":""not_measured"",""reportSerialization"":""measured only for single_sample_fit_report"",""endToEndElapsed"":""measured"",""memory"":""observed JS heap sampled at stage boundaries where performance.memory is exposed; not OS process peak""}",1,9,,,
chrome,150.0.7871.187,bootstrap_500,8,warm,completed,338.27500009536743,,0,0,,337.8200001716614,0.4549999237060547,24262317,24262317,,,,,,,337.72500014305115,,,0.4549999237060547,,,,"{""sdkModuleFetchImport"":""measured in cold phase; warm phase reuses the loaded module"",""pyodideInitialization"":""not_applicable_native_javascript_path"",""webRInitialization"":""not_applicable_native_javascript_path"",""wrappedPackageImport"":""not_applicable_native_javascript_path"",""publicSpectrumCatalogFetch"":""not_measured_synthetic_inputs_are_in_memory"",""nativeFitting"":""measured where the scenario uses native NNLS"",""adapterFitting"":""not_applicable_native_javascript_path"",""qcEvidence"":""measured only for single_sample_fit_report"",""bootstrap"":""measured only for bootstrap_500"",""plotRendering"":""not_measured"",""reportSerialization"":""measured only for single_sample_fit_report"",""endToEndElapsed"":""measured"",""memory"":""observed JS heap sampled at stage boundaries where performance.memory is exposed; not OS process peak""}",1,9,,,
chrome,150.0.7871.187,bootstrap_500,9,cold,completed,1561.5700001716614,1263.670000076294,1260.6800000667572,1263.664999961853,,297.45500016212463,0.44499993324279785,21467405,21467405,1260.6800000667572,,,,,,297.3199999332428,,,0.44499993324279785,,,,"{""sdkModuleFetchImport"":""measured in cold phase; warm phase reuses the loaded module"",""pyodideInitialization"":""not_applicable_native_javascript_path"",""webRInitialization"":""not_applicable_native_javascript_path"",""wrappedPackageImport"":""not_applicable_native_javascript_path"",""publicSpectrumCatalogFetch"":""not_measured_synthetic_inputs_are_in_memory"",""nativeFitting"":""measured where the scenario uses native NNLS"",""adapterFitting"":""not_applicable_native_javascript_path"",""qcEvidence"":""measured only for single_sample_fit_report"",""bootstrap"":""measured only for bootstrap_500"",""plotRendering"":""not_measured"",""reportSerialization"":""measured only for single_sample_fit_report"",""endToEndElapsed"":""measured"",""memory"":""observed JS heap sampled at stage boundaries where performance.memory is exposed; not OS process peak""}",1,9,,,
chrome,150.0.7871.187,bootstrap_500,9,warm,completed,261.7000000476837,,0,0,,261.289999961853,0.4100000858306885,26975173,26975173,,,,,,,261.210000038147,,,0.4100000858306885,,,,"{""sdkModuleFetchImport"":""measured in cold phase; warm phase reuses the loaded module"",""pyodideInitialization"":""not_applicable_native_javascript_path"",""webRInitialization"":""not_applicable_native_javascript_path"",""wrappedPackageImport"":""not_applicable_native_javascript_path"",""publicSpectrumCatalogFetch"":""not_measured_synthetic_inputs_are_in_memory"",""nativeFitting"":""measured where the scenario uses native NNLS"",""adapterFitting"":""not_applicable_native_javascript_path"",""qcEvidence"":""measured only for single_sample_fit_report"",""bootstrap"":""measured only for bootstrap_500"",""plotRendering"":""not_measured"",""reportSerialization"":""measured only for single_sample_fit_report"",""endToEndElapsed"":""measured"",""memory"":""observed JS heap sampled at stage boundaries where performance.memory is exposed; not OS process peak""}",1,9,,,
chrome,150.0.7871.187,bootstrap_500,10,cold,completed,1779.1500000953674,1490.335000038147,1487.6949999332428,1490.335000038147,,288.34500002861023,0.4700000286102295,24038490,24038490,1487.6949999332428,,,,,,288.2150001525879,,,0.4700000286102295,,,,"{""sdkModuleFetchImport"":""measured in cold phase; warm phase reuses the loaded module"",""pyodideInitialization"":""not_applicable_native_javascript_path"",""webRInitialization"":""not_applicable_native_javascript_path"",""wrappedPackageImport"":""not_applicable_native_javascript_path"",""publicSpectrumCatalogFetch"":""not_measured_synthetic_inputs_are_in_memory"",""nativeFitting"":""measured where the scenario uses native NNLS"",""adapterFitting"":""not_applicable_native_javascript_path"",""qcEvidence"":""measured only for single_sample_fit_report"",""bootstrap"":""measured only for bootstrap_500"",""plotRendering"":""not_measured"",""reportSerialization"":""measured only for single_sample_fit_report"",""endToEndElapsed"":""measured"",""memory"":""observed JS heap sampled at stage boundaries where performance.memory is exposed; not OS process peak""}",1,9,,,
chrome,150.0.7871.187,bootstrap_500,10,warm,completed,243.18499994277954,,0,0,,242.78999996185303,0.39499998092651367,24038490,24038490,,,,,,,242.7149999141693,,,0.39499998092651367,,,,"{""sdkModuleFetchImport"":""measured in cold phase; warm phase reuses the loaded module"",""pyodideInitialization"":""not_applicable_native_javascript_path"",""webRInitialization"":""not_applicable_native_javascript_path"",""wrappedPackageImport"":""not_applicable_native_javascript_path"",""publicSpectrumCatalogFetch"":""not_measured_synthetic_inputs_are_in_memory"",""nativeFitting"":""measured where the scenario uses native NNLS"",""adapterFitting"":""not_applicable_native_javascript_path"",""qcEvidence"":""measured only for single_sample_fit_report"",""bootstrap"":""measured only for bootstrap_500"",""plotRendering"":""not_measured"",""reportSerialization"":""measured only for single_sample_fit_report"",""endToEndElapsed"":""measured"",""memory"":""observed JS heap sampled at stage boundaries where performance.memory is exposed; not OS process peak""}",1,9,,,
chrome,150.0.7871.187,bootstrap_500,11,cold,completed,1779.9599997997284,1498.119999885559,1495.3099999427795,1498.119999885559,,281.4399998188019,0.40000009536743164,20821854,20821854,1495.3099999427795,,,,,,281.30999994277954,,,0.40000009536743164,,,,"{""sdkModuleFetchImport"":""measured in cold phase; warm phase reuses the loaded module"",""pyodideInitialization"":""not_applicable_native_javascript_path"",""webRInitialization"":""not_applicable_native_javascript_path"",""wrappedPackageImport"":""not_applicable_native_javascript_path"",""publicSpectrumCatalogFetch"":""not_measured_synthetic_inputs_are_in_memory"",""nativeFitting"":""measured where the scenario uses native NNLS"",""adapterFitting"":""not_applicable_native_javascript_path"",""qcEvidence"":""measured only for single_sample_fit_report"",""bootstrap"":""measured only for bootstrap_500"",""plotRendering"":""not_measured"",""reportSerialization"":""measured only for single_sample_fit_report"",""endToEndElapsed"":""measured"",""memory"":""observed JS heap sampled at stage boundaries where performance.memory is exposed; not OS process peak""}",1,9,,,
chrome,150.0.7871.187,bootstrap_500,11,warm,completed,279.710000038147,,0,0,,279.210000038147,0.5,23998054,23998054,,,,,,,279.12999987602234,,,0.5,,,,"{""sdkModuleFetchImport"":""measured in cold phase; warm phase reuses the loaded module"",""pyodideInitialization"":""not_applicable_native_javascript_path"",""webRInitialization"":""not_applicable_native_javascript_path"",""wrappedPackageImport"":""not_applicable_native_javascript_path"",""publicSpectrumCatalogFetch"":""not_measured_synthetic_inputs_are_in_memory"",""nativeFitting"":""measured where the scenario uses native NNLS"",""adapterFitting"":""not_applicable_native_javascript_path"",""qcEvidence"":""measured only for single_sample_fit_report"",""bootstrap"":""measured only for bootstrap_500"",""plotRendering"":""not_measured"",""reportSerialization"":""measured only for single_sample_fit_report"",""endToEndElapsed"":""measured"",""memory"":""observed JS heap sampled at stage boundaries where performance.memory is exposed; not OS process peak""}",1,9,,,
chrome,150.0.7871.187,bootstrap_500,12,cold,completed,1794.784999847412,1452.0249998569489,1449.3050000667572,1452.0249998569489,,342.27999997138977,0.48000001907348633,21066970,21066970,1449.3050000667572,,,,,,342.1449999809265,,,0.48000001907348633,,,,"{""sdkModuleFetchImport"":""measured in cold phase; warm phase reuses the loaded module"",""pyodideInitialization"":""not_applicable_native_javascript_path"",""webRInitialization"":""not_applicable_native_javascript_path"",""wrappedPackageImport"":""not_applicable_native_javascript_path"",""publicSpectrumCatalogFetch"":""not_measured_synthetic_inputs_are_in_memory"",""nativeFitting"":""measured where the scenario uses native NNLS"",""adapterFitting"":""not_applicable_native_javascript_path"",""qcEvidence"":""measured only for single_sample_fit_report"",""bootstrap"":""measured only for bootstrap_500"",""plotRendering"":""not_measured"",""reportSerialization"":""measured only for single_sample_fit_report"",""endToEndElapsed"":""measured"",""memory"":""observed JS heap sampled at stage boundaries where performance.memory is exposed; not OS process peak""}",1,9,,,
chrome,150.0.7871.187,bootstrap_500,12,warm,completed,270.6800000667572,,0,0,,270.29500007629395,0.38499999046325684,22994906,22994906,,,,,,,270.24500012397766,,,0.38499999046325684,,,,"{""sdkModuleFetchImport"":""measured in cold phase; warm phase reuses the loaded module"",""pyodideInitialization"":""not_applicable_native_javascript_path"",""webRInitialization"":""not_applicable_native_javascript_path"",""wrappedPackageImport"":""not_applicable_native_javascript_path"",""publicSpectrumCatalogFetch"":""not_measured_synthetic_inputs_are_in_memory"",""nativeFitting"":""measured where the scenario uses native NNLS"",""adapterFitting"":""not_applicable_native_javascript_path"",""qcEvidence"":""measured only for single_sample_fit_report"",""bootstrap"":""measured only for bootstrap_500"",""plotRendering"":""not_measured"",""reportSerialization"":""measured only for single_sample_fit_report"",""endToEndElapsed"":""measured"",""memory"":""observed JS heap sampled at stage boundaries where performance.memory is exposed; not OS process peak""}",1,9,,,
chrome,150.0.7871.187,bootstrap_500,13,cold,completed,1756.869999885559,1469.1699998378754,1466.2249999046326,1469.1699998378754,,287.24000000953674,0.46000003814697266,22200250,22200250,1466.2249999046326,,,,,,287.09500002861023,,,0.46000003814697266,,,,"{""sdkModuleFetchImport"":""measured in cold phase; warm phase reuses the loaded module"",""pyodideInitialization"":""not_applicable_native_javascript_path"",""webRInitialization"":""not_applicable_native_javascript_path"",""wrappedPackageImport"":""not_applicable_native_javascript_path"",""publicSpectrumCatalogFetch"":""not_measured_synthetic_inputs_are_in_memory"",""nativeFitting"":""measured where the scenario uses native NNLS"",""adapterFitting"":""not_applicable_native_javascript_path"",""qcEvidence"":""measured only for single_sample_fit_report"",""bootstrap"":""measured only for bootstrap_500"",""plotRendering"":""not_measured"",""reportSerialization"":""measured only for single_sample_fit_report"",""endToEndElapsed"":""measured"",""memory"":""observed JS heap sampled at stage boundaries where performance.memory is exposed; not OS process peak""}",1,9,,,
chrome,150.0.7871.187,bootstrap_500,13,warm,completed,255.4100000858307,,0,0,,255.06000018119812,0.34999990463256836,24948798,24948798,,,,,,,255,,,0.34999990463256836,,,,"{""sdkModuleFetchImport"":""measured in cold phase; warm phase reuses the loaded module"",""pyodideInitialization"":""not_applicable_native_javascript_path"",""webRInitialization"":""not_applicable_native_javascript_path"",""wrappedPackageImport"":""not_applicable_native_javascript_path"",""publicSpectrumCatalogFetch"":""not_measured_synthetic_inputs_are_in_memory"",""nativeFitting"":""measured where the scenario uses native NNLS"",""adapterFitting"":""not_applicable_native_javascript_path"",""qcEvidence"":""measured only for single_sample_fit_report"",""bootstrap"":""measured only for bootstrap_500"",""plotRendering"":""not_measured"",""reportSerialization"":""measured only for single_sample_fit_report"",""endToEndElapsed"":""measured"",""memory"":""observed JS heap sampled at stage boundaries where performance.memory is exposed; not OS process peak""}",1,9,,,
chrome,150.0.7871.187,bootstrap_500,14,cold,completed,1815.085000038147,1502.9800000190735,1499.6800000667572,1502.9749999046326,,311.56500005722046,0.5399999618530273,21649462,21649462,1499.6800000667572,,,,,,311.4100000858307,,,0.5399999618530273,,,,"{""sdkModuleFetchImport"":""measured in cold phase; warm phase reuses the loaded module"",""pyodideInitialization"":""not_applicable_native_javascript_path"",""webRInitialization"":""not_applicable_native_javascript_path"",""wrappedPackageImport"":""not_applicable_native_javascript_path"",""publicSpectrumCatalogFetch"":""not_measured_synthetic_inputs_are_in_memory"",""nativeFitting"":""measured where the scenario uses native NNLS"",""adapterFitting"":""not_applicable_native_javascript_path"",""qcEvidence"":""measured only for single_sample_fit_report"",""bootstrap"":""measured only for bootstrap_500"",""plotRendering"":""not_measured"",""reportSerialization"":""measured only for single_sample_fit_report"",""endToEndElapsed"":""measured"",""memory"":""observed JS heap sampled at stage boundaries where performance.memory is exposed; not OS process peak""}",1,9,,,
chrome,150.0.7871.187,bootstrap_500,14,warm,completed,304.72499990463257,,0,0,,304.3199999332428,0.4049999713897705,24625630,24625630,,,,,,,304.24000000953674,,,0.4049999713897705,,,,"{""sdkModuleFetchImport"":""measured in cold phase; warm phase reuses the loaded module"",""pyodideInitialization"":""not_applicable_native_javascript_path"",""webRInitialization"":""not_applicable_native_javascript_path"",""wrappedPackageImport"":""not_applicable_native_javascript_path"",""publicSpectrumCatalogFetch"":""not_measured_synthetic_inputs_are_in_memory"",""nativeFitting"":""measured where the scenario uses native NNLS"",""adapterFitting"":""not_applicable_native_javascript_path"",""qcEvidence"":""measured only for single_sample_fit_report"",""bootstrap"":""measured only for bootstrap_500"",""plotRendering"":""not_measured"",""reportSerialization"":""measured only for single_sample_fit_report"",""endToEndElapsed"":""measured"",""memory"":""observed JS heap sampled at stage boundaries where performance.memory is exposed; not OS process peak""}",1,9,,,
chrome,150.0.7871.187,bootstrap_500,15,cold,completed,1924.5149998664856,1602.854999780655,1599.295000076294,1602.8499999046326,,321.2300000190735,0.43000006675720215,21591682,21591682,1599.295000076294,,,,,,321.0700001716614,,,0.43000006675720215,,,,"{""sdkModuleFetchImport"":""measured in cold phase; warm phase reuses the loaded module"",""pyodideInitialization"":""not_applicable_native_javascript_path"",""webRInitialization"":""not_applicable_native_javascript_path"",""wrappedPackageImport"":""not_applicable_native_javascript_path"",""publicSpectrumCatalogFetch"":""not_measured_synthetic_inputs_are_in_memory"",""nativeFitting"":""measured where the scenario uses native NNLS"",""adapterFitting"":""not_applicable_native_javascript_path"",""qcEvidence"":""measured only for single_sample_fit_report"",""bootstrap"":""measured only for bootstrap_500"",""plotRendering"":""not_measured"",""reportSerialization"":""measured only for single_sample_fit_report"",""endToEndElapsed"":""measured"",""memory"":""observed JS heap sampled at stage boundaries where performance.memory is exposed; not OS process peak""}",1,9,,,
chrome,150.0.7871.187,bootstrap_500,15,warm,completed,263.2300000190735,,0,0,,262.69999980926514,0.5300002098083496,26978690,26978690,,,,,,,262.6100001335144,,,0.5300002098083496,,,,"{""sdkModuleFetchImport"":""measured in cold phase; warm phase reuses the loaded module"",""pyodideInitialization"":""not_applicable_native_javascript_path"",""webRInitialization"":""not_applicable_native_javascript_path"",""wrappedPackageImport"":""not_applicable_native_javascript_path"",""publicSpectrumCatalogFetch"":""not_measured_synthetic_inputs_are_in_memory"",""nativeFitting"":""measured where the scenario uses native NNLS"",""adapterFitting"":""not_applicable_native_javascript_path"",""qcEvidence"":""measured only for single_sample_fit_report"",""bootstrap"":""measured only for bootstrap_500"",""plotRendering"":""not_measured"",""reportSerialization"":""measured only for single_sample_fit_report"",""endToEndElapsed"":""measured"",""memory"":""observed JS heap sampled at stage boundaries where performance.memory is exposed; not OS process peak""}",1,9,,,
chrome,150.0.7871.187,bootstrap_500,16,cold,completed,1855.9150002002716,1526.0750000476837,1523.0350000858307,1526.0699999332428,,329.2700002193451,0.5699999332427979,23071266,23071266,1523.0350000858307,,,,,,329.1050000190735,,,0.5699999332427979,,,,"{""sdkModuleFetchImport"":""measured in cold phase; warm phase reuses the loaded module"",""pyodideInitialization"":""not_applicable_native_javascript_path"",""webRInitialization"":""not_applicable_native_javascript_path"",""wrappedPackageImport"":""not_applicable_native_javascript_path"",""publicSpectrumCatalogFetch"":""not_measured_synthetic_inputs_are_in_memory"",""nativeFitting"":""measured where the scenario uses native NNLS"",""adapterFitting"":""not_applicable_native_javascript_path"",""qcEvidence"":""measured only for single_sample_fit_report"",""bootstrap"":""measured only for bootstrap_500"",""plotRendering"":""not_measured"",""reportSerialization"":""measured only for single_sample_fit_report"",""endToEndElapsed"":""measured"",""memory"":""observed JS heap sampled at stage boundaries where performance.memory is exposed; not OS process peak""}",1,9,,,
chrome,150.0.7871.187,bootstrap_500,16,warm,completed,369.24000000953674,,0,0,,368.62999987602234,0.6100001335144043,23071266,23071266,,,,,,,368.539999961853,,,0.6100001335144043,,,,"{""sdkModuleFetchImport"":""measured in cold phase; warm phase reuses the loaded module"",""pyodideInitialization"":""not_applicable_native_javascript_path"",""webRInitialization"":""not_applicable_native_javascript_path"",""wrappedPackageImport"":""not_applicable_native_javascript_path"",""publicSpectrumCatalogFetch"":""not_measured_synthetic_inputs_are_in_memory"",""nativeFitting"":""measured where the scenario uses native NNLS"",""adapterFitting"":""not_applicable_native_javascript_path"",""qcEvidence"":""measured only for single_sample_fit_report"",""bootstrap"":""measured only for bootstrap_500"",""plotRendering"":""not_measured"",""reportSerialization"":""measured only for single_sample_fit_report"",""endToEndElapsed"":""measured"",""memory"":""observed JS heap sampled at stage boundaries where performance.memory is exposed; not OS process peak""}",1,9,,,
chrome,150.0.7871.187,bootstrap_500,17,cold,completed,1768.2549998760223,1446.420000076294,1442.6650002002716,1446.420000076294,,321.37999987602234,0.4549999237060547,21345930,21345930,1442.6650002002716,,,,,,321.2550001144409,,,0.4549999237060547,,,,"{""sdkModuleFetchImport"":""measured in cold phase; warm phase reuses the loaded module"",""pyodideInitialization"":""not_applicable_native_javascript_path"",""webRInitialization"":""not_applicable_native_javascript_path"",""wrappedPackageImport"":""not_applicable_native_javascript_path"",""publicSpectrumCatalogFetch"":""not_measured_synthetic_inputs_are_in_memory"",""nativeFitting"":""measured where the scenario uses native NNLS"",""adapterFitting"":""not_applicable_native_javascript_path"",""qcEvidence"":""measured only for single_sample_fit_report"",""bootstrap"":""measured only for bootstrap_500"",""plotRendering"":""not_measured"",""reportSerialization"":""measured only for single_sample_fit_report"",""endToEndElapsed"":""measured"",""memory"":""observed JS heap sampled at stage boundaries where performance.memory is exposed; not OS process peak""}",1,9,,,
chrome,150.0.7871.187,bootstrap_500,17,warm,completed,268.8600001335144,,0,0,,268.45499992370605,0.4050002098083496,27930758,27930758,,,,,,,268.38499999046326,,,0.4050002098083496,,,,"{""sdkModuleFetchImport"":""measured in cold phase; warm phase reuses the loaded module"",""pyodideInitialization"":""not_applicable_native_javascript_path"",""webRInitialization"":""not_applicable_native_javascript_path"",""wrappedPackageImport"":""not_applicable_native_javascript_path"",""publicSpectrumCatalogFetch"":""not_measured_synthetic_inputs_are_in_memory"",""nativeFitting"":""measured where the scenario uses native NNLS"",""adapterFitting"":""not_applicable_native_javascript_path"",""qcEvidence"":""measured only for single_sample_fit_report"",""bootstrap"":""measured only for bootstrap_500"",""plotRendering"":""not_measured"",""reportSerialization"":""measured only for single_sample_fit_report"",""endToEndElapsed"":""measured"",""memory"":""observed JS heap sampled at stage boundaries where performance.memory is exposed; not OS process peak""}",1,9,,,
chrome,150.0.7871.187,bootstrap_500,18,cold,completed,4443.534999847412,3944.795000076294,3940.2350001335144,3944.784999847412,,498.03999972343445,0.7000000476837158,21251306,21251306,3940.2350001335144,,,,,,497.8400001525879,,,0.7000000476837158,,,,"{""sdkModuleFetchImport"":""measured in cold phase; warm phase reuses the loaded module"",""pyodideInitialization"":""not_applicable_native_javascript_path"",""webRInitialization"":""not_applicable_native_javascript_path"",""wrappedPackageImport"":""not_applicable_native_javascript_path"",""publicSpectrumCatalogFetch"":""not_measured_synthetic_inputs_are_in_memory"",""nativeFitting"":""measured where the scenario uses native NNLS"",""adapterFitting"":""not_applicable_native_javascript_path"",""qcEvidence"":""measured only for single_sample_fit_report"",""bootstrap"":""measured only for bootstrap_500"",""plotRendering"":""not_measured"",""reportSerialization"":""measured only for single_sample_fit_report"",""endToEndElapsed"":""measured"",""memory"":""observed JS heap sampled at stage boundaries where performance.memory is exposed; not OS process peak""}",1,9,,,
chrome,150.0.7871.187,bootstrap_500,18,warm,completed,431.50999999046326,,0,0,,430.93499994277954,0.5750000476837158,34076314,34076314,,,,,,,430.8399999141693,,,0.5750000476837158,,,,"{""sdkModuleFetchImport"":""measured in cold phase; warm phase reuses the loaded module"",""pyodideInitialization"":""not_applicable_native_javascript_path"",""webRInitialization"":""not_applicable_native_javascript_path"",""wrappedPackageImport"":""not_applicable_native_javascript_path"",""publicSpectrumCatalogFetch"":""not_measured_synthetic_inputs_are_in_memory"",""nativeFitting"":""measured where the scenario uses native NNLS"",""adapterFitting"":""not_applicable_native_javascript_path"",""qcEvidence"":""measured only for single_sample_fit_report"",""bootstrap"":""measured only for bootstrap_500"",""plotRendering"":""not_measured"",""reportSerialization"":""measured only for single_sample_fit_report"",""endToEndElapsed"":""measured"",""memory"":""observed JS heap sampled at stage boundaries where performance.memory is exposed; not OS process peak""}",1,9,,,
chrome,150.0.7871.187,bootstrap_500,19,cold,completed,1803.2200000286102,1472.630000114441,1469.914999961853,1472.630000114441,,330.1599998474121,0.43000006675720215,23994026,23994026,1469.914999961853,,,,,,330.0349998474121,,,0.43000006675720215,,,,"{""sdkModuleFetchImport"":""measured in cold phase; warm phase reuses the loaded module"",""pyodideInitialization"":""not_applicable_native_javascript_path"",""webRInitialization"":""not_applicable_native_javascript_path"",""wrappedPackageImport"":""not_applicable_native_javascript_path"",""publicSpectrumCatalogFetch"":""not_measured_synthetic_inputs_are_in_memory"",""nativeFitting"":""measured where the scenario uses native NNLS"",""adapterFitting"":""not_applicable_native_javascript_path"",""qcEvidence"":""measured only for single_sample_fit_report"",""bootstrap"":""measured only for bootstrap_500"",""plotRendering"":""not_measured"",""reportSerialization"":""measured only for single_sample_fit_report"",""endToEndElapsed"":""measured"",""memory"":""observed JS heap sampled at stage boundaries where performance.memory is exposed; not OS process peak""}",1,9,,,
chrome,150.0.7871.187,bootstrap_500,19,warm,completed,237.24500012397766,,0,0,,236.88000011444092,0.36500000953674316,28291706,28291706,,,,,,,236.8050000667572,,,0.36500000953674316,,,,"{""sdkModuleFetchImport"":""measured in cold phase; warm phase reuses the loaded module"",""pyodideInitialization"":""not_applicable_native_javascript_path"",""webRInitialization"":""not_applicable_native_javascript_path"",""wrappedPackageImport"":""not_applicable_native_javascript_path"",""publicSpectrumCatalogFetch"":""not_measured_synthetic_inputs_are_in_memory"",""nativeFitting"":""measured where the scenario uses native NNLS"",""adapterFitting"":""not_applicable_native_javascript_path"",""qcEvidence"":""measured only for single_sample_fit_report"",""bootstrap"":""measured only for bootstrap_500"",""plotRendering"":""not_measured"",""reportSerialization"":""measured only for single_sample_fit_report"",""endToEndElapsed"":""measured"",""memory"":""observed JS heap sampled at stage boundaries where performance.memory is exposed; not OS process peak""}",1,9,,,
chrome,150.0.7871.187,bootstrap_500,20,cold,completed,1779.5649998188019,1493.1749999523163,1490.6100001335144,1493.170000076294,,285.97499990463257,0.41499996185302734,22050618,22050618,1490.6100001335144,,,,,,285.8550000190735,,,0.41499996185302734,,,,"{""sdkModuleFetchImport"":""measured in cold phase; warm phase reuses the loaded module"",""pyodideInitialization"":""not_applicable_native_javascript_path"",""webRInitialization"":""not_applicable_native_javascript_path"",""wrappedPackageImport"":""not_applicable_native_javascript_path"",""publicSpectrumCatalogFetch"":""not_measured_synthetic_inputs_are_in_memory"",""nativeFitting"":""measured where the scenario uses native NNLS"",""adapterFitting"":""not_applicable_native_javascript_path"",""qcEvidence"":""measured only for single_sample_fit_report"",""bootstrap"":""measured only for bootstrap_500"",""plotRendering"":""not_measured"",""reportSerialization"":""measured only for single_sample_fit_report"",""endToEndElapsed"":""measured"",""memory"":""observed JS heap sampled at stage boundaries where performance.memory is exposed; not OS process peak""}",1,9,,,
chrome,150.0.7871.187,bootstrap_500,20,warm,completed,252.3600001335144,,0,0,,251.99500012397766,0.36500000953674316,22952714,22952714,,,,,,,251.9449999332428,,,0.36500000953674316,,,,"{""sdkModuleFetchImport"":""measured in cold phase; warm phase reuses the loaded module"",""pyodideInitialization"":""not_applicable_native_javascript_path"",""webRInitialization"":""not_applicable_native_javascript_path"",""wrappedPackageImport"":""not_applicable_native_javascript_path"",""publicSpectrumCatalogFetch"":""not_measured_synthetic_inputs_are_in_memory"",""nativeFitting"":""measured where the scenario uses native NNLS"",""adapterFitting"":""not_applicable_native_javascript_path"",""qcEvidence"":""measured only for single_sample_fit_report"",""bootstrap"":""measured only for bootstrap_500"",""plotRendering"":""not_measured"",""reportSerialization"":""measured only for single_sample_fit_report"",""endToEndElapsed"":""measured"",""memory"":""observed JS heap sampled at stage boundaries where performance.memory is exposed; not OS process peak""}",1,9,,,
chrome,150.0.7871.187,nmf_rank_selection_rank4,1,cold,completed,6284.200000047684,1712.6400001049042,1708.9850001335144,1712.6400001049042,,4567.285000085831,4.2749998569488525,40159536,40159536,1708.9850001335144,,,,,,,,,4.2749998569488525,,,,"{""sdkModuleFetchImport"":""measured in cold phase; warm phase reuses the loaded module"",""pyodideInitialization"":""not_applicable_native_javascript_path"",""webRInitialization"":""not_applicable_native_javascript_path"",""wrappedPackageImport"":""not_applicable_native_javascript_path"",""publicSpectrumCatalogFetch"":""not_measured_synthetic_inputs_are_in_memory"",""nativeFitting"":""measured where the scenario uses native NNLS"",""adapterFitting"":""not_applicable_native_javascript_path"",""qcEvidence"":""measured only for single_sample_fit_report"",""bootstrap"":""measured only for bootstrap_500"",""plotRendering"":""not_measured"",""reportSerialization"":""measured only for single_sample_fit_report"",""endToEndElapsed"":""measured"",""memory"":""observed JS heap sampled at stage boundaries where performance.memory is exposed; not OS process peak""}",80,,2909.420000076294,1657.6349999904633,
chrome,150.0.7871.187,nmf_rank_selection_rank4,1,warm,completed,3126.8450000286102,,0,0,,3123.6050000190735,3.240000009536743,40159536,40159536,,,,,,,,,,3.240000009536743,,,,"{""sdkModuleFetchImport"":""measured in cold phase; warm phase reuses the loaded module"",""pyodideInitialization"":""not_applicable_native_javascript_path"",""webRInitialization"":""not_applicable_native_javascript_path"",""wrappedPackageImport"":""not_applicable_native_javascript_path"",""publicSpectrumCatalogFetch"":""not_measured_synthetic_inputs_are_in_memory"",""nativeFitting"":""measured where the scenario uses native NNLS"",""adapterFitting"":""not_applicable_native_javascript_path"",""qcEvidence"":""measured only for single_sample_fit_report"",""bootstrap"":""measured only for bootstrap_500"",""plotRendering"":""not_measured"",""reportSerialization"":""measured only for single_sample_fit_report"",""endToEndElapsed"":""measured"",""memory"":""observed JS heap sampled at stage boundaries where performance.memory is exposed; not OS process peak""}",80,,2143.574999809265,979.960000038147,
chrome,150.0.7871.187,nmf_rank_selection_rank4,2,cold,completed,7729.774999856949,3270.454999923706,3266.7799999713898,3270.454999923706,,4455.894999742508,3.4250001907348633,46119392,46119392,3266.7799999713898,,,,,,,,,3.4250001907348633,,,,"{""sdkModuleFetchImport"":""measured in cold phase; warm phase reuses the loaded module"",""pyodideInitialization"":""not_applicable_native_javascript_path"",""webRInitialization"":""not_applicable_native_javascript_path"",""wrappedPackageImport"":""not_applicable_native_javascript_path"",""publicSpectrumCatalogFetch"":""not_measured_synthetic_inputs_are_in_memory"",""nativeFitting"":""measured where the scenario uses native NNLS"",""adapterFitting"":""not_applicable_native_javascript_path"",""qcEvidence"":""measured only for single_sample_fit_report"",""bootstrap"":""measured only for bootstrap_500"",""plotRendering"":""not_measured"",""reportSerialization"":""measured only for single_sample_fit_report"",""endToEndElapsed"":""measured"",""memory"":""observed JS heap sampled at stage boundaries where performance.memory is exposed; not OS process peak""}",80,,3016.9800000190735,1438.7300000190735,
chrome,150.0.7871.187,nmf_rank_selection_rank4,2,warm,completed,3111.2300000190735,,0,0,,3107.380000114441,3.8499999046325684,46119392,46119392,,,,,,,,,,3.8499999046325684,,,,"{""sdkModuleFetchImport"":""measured in cold phase; warm phase reuses the loaded module"",""pyodideInitialization"":""not_applicable_native_javascript_path"",""webRInitialization"":""not_applicable_native_javascript_path"",""wrappedPackageImport"":""not_applicable_native_javascript_path"",""publicSpectrumCatalogFetch"":""not_measured_synthetic_inputs_are_in_memory"",""nativeFitting"":""measured where the scenario uses native NNLS"",""adapterFitting"":""not_applicable_native_javascript_path"",""qcEvidence"":""measured only for single_sample_fit_report"",""bootstrap"":""measured only for bootstrap_500"",""plotRendering"":""not_measured"",""reportSerialization"":""measured only for single_sample_fit_report"",""endToEndElapsed"":""measured"",""memory"":""observed JS heap sampled at stage boundaries where performance.memory is exposed; not OS process peak""}",80,,2042.4850001335144,1064.789999961853,
chrome,150.0.7871.187,nmf_rank_selection_rank4,3,cold,completed,7931.340000152588,3615.8600001335144,3613.0999999046326,3615.8550000190735,,4310.569999933243,4.9100000858306885,47231220,47231220,3613.0999999046326,,,,,,,,,4.9100000858306885,,,,"{""sdkModuleFetchImport"":""measured in cold phase; warm phase reuses the loaded module"",""pyodideInitialization"":""not_applicable_native_javascript_path"",""webRInitialization"":""not_applicable_native_javascript_path"",""wrappedPackageImport"":""not_applicable_native_javascript_path"",""publicSpectrumCatalogFetch"":""not_measured_synthetic_inputs_are_in_memory"",""nativeFitting"":""measured where the scenario uses native NNLS"",""adapterFitting"":""not_applicable_native_javascript_path"",""qcEvidence"":""measured only for single_sample_fit_report"",""bootstrap"":""measured only for bootstrap_500"",""plotRendering"":""not_measured"",""reportSerialization"":""measured only for single_sample_fit_report"",""endToEndElapsed"":""measured"",""memory"":""observed JS heap sampled at stage boundaries where performance.memory is exposed; not OS process peak""}",80,,2301.4049999713898,2008.9500000476837,
chrome,150.0.7871.187,nmf_rank_selection_rank4,3,warm,completed,5004.240000009537,,0,0,,4999.539999961853,4.700000047683716,47231220,47231220,,,,,,,,,,4.700000047683716,,,,"{""sdkModuleFetchImport"":""measured in cold phase; warm phase reuses the loaded module"",""pyodideInitialization"":""not_applicable_native_javascript_path"",""webRInitialization"":""not_applicable_native_javascript_path"",""wrappedPackageImport"":""not_applicable_native_javascript_path"",""publicSpectrumCatalogFetch"":""not_measured_synthetic_inputs_are_in_memory"",""nativeFitting"":""measured where the scenario uses native NNLS"",""adapterFitting"":""not_applicable_native_javascript_path"",""qcEvidence"":""measured only for single_sample_fit_report"",""bootstrap"":""measured only for bootstrap_500"",""plotRendering"":""not_measured"",""reportSerialization"":""measured only for single_sample_fit_report"",""endToEndElapsed"":""measured"",""memory"":""observed JS heap sampled at stage boundaries where performance.memory is exposed; not OS process peak""}",80,,3763.3650000095367,1236.0099999904633,
chrome,150.0.7871.187,nmf_rank_selection_rank4,4,cold,completed,5739.27999997139,1635.369999885559,1632.1349999904633,1635.3650000095367,,4100.335000276566,3.5749998092651367,30282532,30282532,1632.1349999904633,,,,,,,,,3.5749998092651367,,,,"{""sdkModuleFetchImport"":""measured in cold phase; warm phase reuses the loaded module"",""pyodideInitialization"":""not_applicable_native_javascript_path"",""webRInitialization"":""not_applicable_native_javascript_path"",""wrappedPackageImport"":""not_applicable_native_javascript_path"",""publicSpectrumCatalogFetch"":""not_measured_synthetic_inputs_are_in_memory"",""nativeFitting"":""measured where the scenario uses native NNLS"",""adapterFitting"":""not_applicable_native_javascript_path"",""qcEvidence"":""measured only for single_sample_fit_report"",""bootstrap"":""measured only for bootstrap_500"",""plotRendering"":""not_measured"",""reportSerialization"":""measured only for single_sample_fit_report"",""endToEndElapsed"":""measured"",""memory"":""observed JS heap sampled at stage boundaries where performance.memory is exposed; not OS process peak""}",80,,2548.5599999427795,1551.5599999427795,
chrome,150.0.7871.187,nmf_rank_selection_rank4,4,warm,completed,4259.335000038147,,0,0,,4256.335000038147,3,52871508,52871508,,,,,,,,,,3,,,,"{""sdkModuleFetchImport"":""measured in cold phase; warm phase reuses the loaded module"",""pyodideInitialization"":""not_applicable_native_javascript_path"",""webRInitialization"":""not_applicable_native_javascript_path"",""wrappedPackageImport"":""not_applicable_native_javascript_path"",""publicSpectrumCatalogFetch"":""not_measured_synthetic_inputs_are_in_memory"",""nativeFitting"":""measured where the scenario uses native NNLS"",""adapterFitting"":""not_applicable_native_javascript_path"",""qcEvidence"":""measured only for single_sample_fit_report"",""bootstrap"":""measured only for bootstrap_500"",""plotRendering"":""not_measured"",""reportSerialization"":""measured only for single_sample_fit_report"",""endToEndElapsed"":""measured"",""memory"":""observed JS heap sampled at stage boundaries where performance.memory is exposed; not OS process peak""}",80,,3197.6349999904633,1058.6150000095367,
chrome,150.0.7871.187,nmf_rank_selection_rank4,5,cold,completed,6162.535000085831,1486.5150001049042,1483.2400000095367,1486.5150001049042,,4671.214999914169,4.805000066757202,36254808,36254808,1483.2400000095367,,,,,,,,,4.805000066757202,,,,"{""sdkModuleFetchImport"":""measured in cold phase; warm phase reuses the loaded module"",""pyodideInitialization"":""not_applicable_native_javascript_path"",""webRInitialization"":""not_applicable_native_javascript_path"",""wrappedPackageImport"":""not_applicable_native_javascript_path"",""publicSpectrumCatalogFetch"":""not_measured_synthetic_inputs_are_in_memory"",""nativeFitting"":""measured where the scenario uses native NNLS"",""adapterFitting"":""not_applicable_native_javascript_path"",""qcEvidence"":""measured only for single_sample_fit_report"",""bootstrap"":""measured only for bootstrap_500"",""plotRendering"":""not_measured"",""reportSerialization"":""measured only for single_sample_fit_report"",""endToEndElapsed"":""measured"",""memory"":""observed JS heap sampled at stage boundaries where performance.memory is exposed; not OS process peak""}",80,,2779.5549998283386,1891.4450001716614,
chrome,150.0.7871.187,nmf_rank_selection_rank4,5,warm,completed,5226.080000162125,,0,0,,5222.140000343323,3.93999981880188,58478032,58478032,,,,,,,,,,3.93999981880188,,,,"{""sdkModuleFetchImport"":""measured in cold phase; warm phase reuses the loaded module"",""pyodideInitialization"":""not_applicable_native_javascript_path"",""webRInitialization"":""not_applicable_native_javascript_path"",""wrappedPackageImport"":""not_applicable_native_javascript_path"",""publicSpectrumCatalogFetch"":""not_measured_synthetic_inputs_are_in_memory"",""nativeFitting"":""measured where the scenario uses native NNLS"",""adapterFitting"":""not_applicable_native_javascript_path"",""qcEvidence"":""measured only for single_sample_fit_report"",""bootstrap"":""measured only for bootstrap_500"",""plotRendering"":""not_measured"",""reportSerialization"":""measured only for single_sample_fit_report"",""endToEndElapsed"":""measured"",""memory"":""observed JS heap sampled at stage boundaries where performance.memory is exposed; not OS process peak""}",80,,3355.1650002002716,1866.8349997997284,
chrome,150.0.7871.187,nmf_rank_selection_rank4,6,cold,completed,10226.704999923706,5073.9349999427795,5070.455000162125,5073.930000066757,,5147.865000009537,4.9049999713897705,32086487,32086487,5070.455000162125,,,,,,,,,4.9049999713897705,,,,"{""sdkModuleFetchImport"":""measured in cold phase; warm phase reuses the loaded module"",""pyodideInitialization"":""not_applicable_native_javascript_path"",""webRInitialization"":""not_applicable_native_javascript_path"",""wrappedPackageImport"":""not_applicable_native_javascript_path"",""publicSpectrumCatalogFetch"":""not_measured_synthetic_inputs_are_in_memory"",""nativeFitting"":""measured where the scenario uses native NNLS"",""adapterFitting"":""not_applicable_native_javascript_path"",""qcEvidence"":""measured only for single_sample_fit_report"",""bootstrap"":""measured only for bootstrap_500"",""plotRendering"":""not_measured"",""reportSerialization"":""measured only for single_sample_fit_report"",""endToEndElapsed"":""measured"",""memory"":""observed JS heap sampled at stage boundaries where performance.memory is exposed; not OS process peak""}",80,,3172.6650002002716,1974.9349999427795,
chrome,150.0.7871.187,nmf_rank_selection_rank4,6,warm,completed,4852.134999990463,,0,0,,4849.014999866486,3.120000123977661,45765999,45765999,,,,,,,,,,3.120000123977661,,,,"{""sdkModuleFetchImport"":""measured in cold phase; warm phase reuses the loaded module"",""pyodideInitialization"":""not_applicable_native_javascript_path"",""webRInitialization"":""not_applicable_native_javascript_path"",""wrappedPackageImport"":""not_applicable_native_javascript_path"",""publicSpectrumCatalogFetch"":""not_measured_synthetic_inputs_are_in_memory"",""nativeFitting"":""measured where the scenario uses native NNLS"",""adapterFitting"":""not_applicable_native_javascript_path"",""qcEvidence"":""measured only for single_sample_fit_report"",""bootstrap"":""measured only for bootstrap_500"",""plotRendering"":""not_measured"",""reportSerialization"":""measured only for single_sample_fit_report"",""endToEndElapsed"":""measured"",""memory"":""observed JS heap sampled at stage boundaries where performance.memory is exposed; not OS process peak""}",80,,3450.7300000190735,1398.1749999523163,
chrome,150.0.7871.187,nmf_rank_selection_rank4,7,cold,completed,6562.210000276566,1388.8700001239777,1385.3949999809265,1388.8700001239777,,5166.555000305176,6.784999847412109,36826127,36826127,1385.3949999809265,,,,,,,,,6.784999847412109,,,,"{""sdkModuleFetchImport"":""measured in cold phase; warm phase reuses the loaded module"",""pyodideInitialization"":""not_applicable_native_javascript_path"",""webRInitialization"":""not_applicable_native_javascript_path"",""wrappedPackageImport"":""not_applicable_native_javascript_path"",""publicSpectrumCatalogFetch"":""not_measured_synthetic_inputs_are_in_memory"",""nativeFitting"":""measured where the scenario uses native NNLS"",""adapterFitting"":""not_applicable_native_javascript_path"",""qcEvidence"":""measured only for single_sample_fit_report"",""bootstrap"":""measured only for bootstrap_500"",""plotRendering"":""not_measured"",""reportSerialization"":""measured only for single_sample_fit_report"",""endToEndElapsed"":""measured"",""memory"":""observed JS heap sampled at stage boundaries where performance.memory is exposed; not OS process peak""}",80,,3143.630000114441,2022.7149999141693,
chrome,150.0.7871.187,nmf_rank_selection_rank4,7,warm,completed,4929.764999866486,,0,0,,4926.449999809265,3.315000057220459,36826127,36826127,,,,,,,,,,3.315000057220459,,,,"{""sdkModuleFetchImport"":""measured in cold phase; warm phase reuses the loaded module"",""pyodideInitialization"":""not_applicable_native_javascript_path"",""webRInitialization"":""not_applicable_native_javascript_path"",""wrappedPackageImport"":""not_applicable_native_javascript_path"",""publicSpectrumCatalogFetch"":""not_measured_synthetic_inputs_are_in_memory"",""nativeFitting"":""measured where the scenario uses native NNLS"",""adapterFitting"":""not_applicable_native_javascript_path"",""qcEvidence"":""measured only for single_sample_fit_report"",""bootstrap"":""measured only for bootstrap_500"",""plotRendering"":""not_measured"",""reportSerialization"":""measured only for single_sample_fit_report"",""endToEndElapsed"":""measured"",""memory"":""observed JS heap sampled at stage boundaries where performance.memory is exposed; not OS process peak""}",80,,3867.5149998664856,1058.8250000476837,
chrome,150.0.7871.187,nmf_rank_selection_rank4,8,cold,completed,5913.539999961853,1561.8650000095367,1558.9100000858307,1561.8650000095367,,4346.484999895096,5.190000057220459,39908187,39908187,1558.9100000858307,,,,,,,,,5.190000057220459,,,,"{""sdkModuleFetchImport"":""measured in cold phase; warm phase reuses the loaded module"",""pyodideInitialization"":""not_applicable_native_javascript_path"",""webRInitialization"":""not_applicable_native_javascript_path"",""wrappedPackageImport"":""not_applicable_native_javascript_path"",""publicSpectrumCatalogFetch"":""not_measured_synthetic_inputs_are_in_memory"",""nativeFitting"":""measured where the scenario uses native NNLS"",""adapterFitting"":""not_applicable_native_javascript_path"",""qcEvidence"":""measured only for single_sample_fit_report"",""bootstrap"":""measured only for bootstrap_500"",""plotRendering"":""not_measured"",""reportSerialization"":""measured only for single_sample_fit_report"",""endToEndElapsed"":""measured"",""memory"":""observed JS heap sampled at stage boundaries where performance.memory is exposed; not OS process peak""}",80,,2479.25,1866.795000076294,
chrome,150.0.7871.187,nmf_rank_selection_rank4,8,warm,completed,4378.125,,0,0,,4372.945000171661,5.179999828338623,43974071,43974071,,,,,,,,,,5.179999828338623,,,,"{""sdkModuleFetchImport"":""measured in cold phase; warm phase reuses the loaded module"",""pyodideInitialization"":""not_applicable_native_javascript_path"",""webRInitialization"":""not_applicable_native_javascript_path"",""wrappedPackageImport"":""not_applicable_native_javascript_path"",""publicSpectrumCatalogFetch"":""not_measured_synthetic_inputs_are_in_memory"",""nativeFitting"":""measured where the scenario uses native NNLS"",""adapterFitting"":""not_applicable_native_javascript_path"",""qcEvidence"":""measured only for single_sample_fit_report"",""bootstrap"":""measured only for bootstrap_500"",""plotRendering"":""not_measured"",""reportSerialization"":""measured only for single_sample_fit_report"",""endToEndElapsed"":""measured"",""memory"":""observed JS heap sampled at stage boundaries where performance.memory is exposed; not OS process peak""}",80,,2593.2200000286102,1779.585000038147,
chrome,150.0.7871.187,nmf_rank_selection_rank4,9,cold,completed,29180.490000009537,5376.125,5361.1849999427795,5376.119999885559,,23778.435000181198,25.929999828338623,37648035,37648035,5361.1849999427795,,,,,,,,,25.929999828338623,,,,"{""sdkModuleFetchImport"":""measured in cold phase; warm phase reuses the loaded module"",""pyodideInitialization"":""not_applicable_native_javascript_path"",""webRInitialization"":""not_applicable_native_javascript_path"",""wrappedPackageImport"":""not_applicable_native_javascript_path"",""publicSpectrumCatalogFetch"":""not_measured_synthetic_inputs_are_in_memory"",""nativeFitting"":""measured where the scenario uses native NNLS"",""adapterFitting"":""not_applicable_native_javascript_path"",""qcEvidence"":""measured only for single_sample_fit_report"",""bootstrap"":""measured only for bootstrap_500"",""plotRendering"":""not_measured"",""reportSerialization"":""measured only for single_sample_fit_report"",""endToEndElapsed"":""measured"",""memory"":""observed JS heap sampled at stage boundaries where performance.memory is exposed; not OS process peak""}",80,,14012.515000104904,9765.054999828339,
chrome,150.0.7871.187,nmf_rank_selection_rank4,9,warm,completed,25643.80999994278,,0,0,,25619.210000038147,24.59999990463257,37648035,37648035,,,,,,,,,,24.59999990463257,,,,"{""sdkModuleFetchImport"":""measured in cold phase; warm phase reuses the loaded module"",""pyodideInitialization"":""not_applicable_native_javascript_path"",""webRInitialization"":""not_applicable_native_javascript_path"",""wrappedPackageImport"":""not_applicable_native_javascript_path"",""publicSpectrumCatalogFetch"":""not_measured_synthetic_inputs_are_in_memory"",""nativeFitting"":""measured where the scenario uses native NNLS"",""adapterFitting"":""not_applicable_native_javascript_path"",""qcEvidence"":""measured only for single_sample_fit_report"",""bootstrap"":""measured only for bootstrap_500"",""plotRendering"":""not_measured"",""reportSerialization"":""measured only for single_sample_fit_report"",""endToEndElapsed"":""measured"",""memory"":""observed JS heap sampled at stage boundaries where performance.memory is exposed; not OS process peak""}",80,,18093.419999837875,7525.350000143051,
chrome,150.0.7871.187,nmf_rank_selection_rank4,10,cold,completed,50234.18000006676,6707.3099999427795,6683.349999904633,6707.294999837875,,43496.235000133514,30.634999990463257,58236083,58236083,6683.349999904633,,,,,,,,,30.634999990463257,,,,"{""sdkModuleFetchImport"":""measured in cold phase; warm phase reuses the loaded module"",""pyodideInitialization"":""not_applicable_native_javascript_path"",""webRInitialization"":""not_applicable_native_javascript_path"",""wrappedPackageImport"":""not_applicable_native_javascript_path"",""publicSpectrumCatalogFetch"":""not_measured_synthetic_inputs_are_in_memory"",""nativeFitting"":""measured where the scenario uses native NNLS"",""adapterFitting"":""not_applicable_native_javascript_path"",""qcEvidence"":""measured only for single_sample_fit_report"",""bootstrap"":""measured only for bootstrap_500"",""plotRendering"":""not_measured"",""reportSerialization"":""measured only for single_sample_fit_report"",""endToEndElapsed"":""measured"",""memory"":""observed JS heap sampled at stage boundaries where performance.memory is exposed; not OS process peak""}",80,,29663.509999990463,13831.77999997139,
chrome,150.0.7871.187,nmf_rank_selection_rank4,10,warm,completed,39353.78999996185,,0,0,,39330.15000009537,23.639999866485596,58236083,58236083,,,,,,,,,,23.639999866485596,,,,"{""sdkModuleFetchImport"":""measured in cold phase; warm phase reuses the loaded module"",""pyodideInitialization"":""not_applicable_native_javascript_path"",""webRInitialization"":""not_applicable_native_javascript_path"",""wrappedPackageImport"":""not_applicable_native_javascript_path"",""publicSpectrumCatalogFetch"":""not_measured_synthetic_inputs_are_in_memory"",""nativeFitting"":""measured where the scenario uses native NNLS"",""adapterFitting"":""not_applicable_native_javascript_path"",""qcEvidence"":""measured only for single_sample_fit_report"",""bootstrap"":""measured only for bootstrap_500"",""plotRendering"":""not_measured"",""reportSerialization"":""measured only for single_sample_fit_report"",""endToEndElapsed"":""measured"",""memory"":""observed JS heap sampled at stage boundaries where performance.memory is exposed; not OS process peak""}",80,,26289.08999991417,13040.524999856949,
chrome,150.0.7871.187,nmf_rank_selection_rank4,11,cold,completed,30168.870000123978,8632.625,8612.575000047684,8632.615000009537,,21524.19500017166,12.049999952316284,59259100,59259100,8612.575000047684,,,,,,,,,12.049999952316284,,,,"{""sdkModuleFetchImport"":""measured in cold phase; warm phase reuses the loaded module"",""pyodideInitialization"":""not_applicable_native_javascript_path"",""webRInitialization"":""not_applicable_native_javascript_path"",""wrappedPackageImport"":""not_applicable_native_javascript_path"",""publicSpectrumCatalogFetch"":""not_measured_synthetic_inputs_are_in_memory"",""nativeFitting"":""measured where the scenario uses native NNLS"",""adapterFitting"":""not_applicable_native_javascript_path"",""qcEvidence"":""measured only for single_sample_fit_report"",""bootstrap"":""measured only for bootstrap_500"",""plotRendering"":""not_measured"",""reportSerialization"":""measured only for single_sample_fit_report"",""endToEndElapsed"":""measured"",""memory"":""observed JS heap sampled at stage boundaries where performance.memory is exposed; not OS process peak""}",80,,16583.700000047684,4939.794999837875,
chrome,150.0.7871.187,nmf_rank_selection_rank4,11,warm,completed,8744.920000076294,,0,0,,8741.355000019073,3.565000057220459,59259100,59259100,,,,,,,,,,3.565000057220459,,,,"{""sdkModuleFetchImport"":""measured in cold phase; warm phase reuses the loaded module"",""pyodideInitialization"":""not_applicable_native_javascript_path"",""webRInitialization"":""not_applicable_native_javascript_path"",""wrappedPackageImport"":""not_applicable_native_javascript_path"",""publicSpectrumCatalogFetch"":""not_measured_synthetic_inputs_are_in_memory"",""nativeFitting"":""measured where the scenario uses native NNLS"",""adapterFitting"":""not_applicable_native_javascript_path"",""qcEvidence"":""measured only for single_sample_fit_report"",""bootstrap"":""measured only for bootstrap_500"",""plotRendering"":""not_measured"",""reportSerialization"":""measured only for single_sample_fit_report"",""endToEndElapsed"":""measured"",""memory"":""observed JS heap sampled at stage boundaries where performance.memory is exposed; not OS process peak""}",80,,7056.3949999809265,1684.8150000572205,
chrome,150.0.7871.187,nmf_rank_selection_rank4,12,cold,completed,8244.569999933243,2969.765000104904,2967.1549999713898,2969.765000104904,,5271.194999694824,3.6100001335144043,57172340,57172340,2967.1549999713898,,,,,,,,,3.6100001335144043,,,,"{""sdkModuleFetchImport"":""measured in cold phase; warm phase reuses the loaded module"",""pyodideInitialization"":""not_applicable_native_javascript_path"",""webRInitialization"":""not_applicable_native_javascript_path"",""wrappedPackageImport"":""not_applicable_native_javascript_path"",""publicSpectrumCatalogFetch"":""not_measured_synthetic_inputs_are_in_memory"",""nativeFitting"":""measured where the scenario uses native NNLS"",""adapterFitting"":""not_applicable_native_javascript_path"",""qcEvidence"":""measured only for single_sample_fit_report"",""bootstrap"":""measured only for bootstrap_500"",""plotRendering"":""not_measured"",""reportSerialization"":""measured only for single_sample_fit_report"",""endToEndElapsed"":""measured"",""memory"":""observed JS heap sampled at stage boundaries where performance.memory is exposed; not OS process peak""}",80,,3624.430000066757,1646.5749998092651,
chrome,150.0.7871.187,nmf_rank_selection_rank4,12,warm,completed,4641.420000076294,,0,0,,4637.990000009537,3.430000066757202,57172340,57172340,,,,,,,,,,3.430000066757202,,,,"{""sdkModuleFetchImport"":""measured in cold phase; warm phase reuses the loaded module"",""pyodideInitialization"":""not_applicable_native_javascript_path"",""webRInitialization"":""not_applicable_native_javascript_path"",""wrappedPackageImport"":""not_applicable_native_javascript_path"",""publicSpectrumCatalogFetch"":""not_measured_synthetic_inputs_are_in_memory"",""nativeFitting"":""measured where the scenario uses native NNLS"",""adapterFitting"":""not_applicable_native_javascript_path"",""qcEvidence"":""measured only for single_sample_fit_report"",""bootstrap"":""measured only for bootstrap_500"",""plotRendering"":""not_measured"",""reportSerialization"":""measured only for single_sample_fit_report"",""endToEndElapsed"":""measured"",""memory"":""observed JS heap sampled at stage boundaries where performance.memory is exposed; not OS process peak""}",80,,3235.6650002002716,1402.229999780655,
chrome,150.0.7871.187,nmf_rank_selection_rank4,13,cold,completed,9195.325000047684,4126.285000085831,4123.650000095367,4126.285000085831,,5064.9800000190735,4.059999942779541,42197153,42197153,4123.650000095367,,,,,,,,,4.059999942779541,,,,"{""sdkModuleFetchImport"":""measured in cold phase; warm phase reuses the loaded module"",""pyodideInitialization"":""not_applicable_native_javascript_path"",""webRInitialization"":""not_applicable_native_javascript_path"",""wrappedPackageImport"":""not_applicable_native_javascript_path"",""publicSpectrumCatalogFetch"":""not_measured_synthetic_inputs_are_in_memory"",""nativeFitting"":""measured where the scenario uses native NNLS"",""adapterFitting"":""not_applicable_native_javascript_path"",""qcEvidence"":""measured only for single_sample_fit_report"",""bootstrap"":""measured only for bootstrap_500"",""plotRendering"":""not_measured"",""reportSerialization"":""measured only for single_sample_fit_report"",""endToEndElapsed"":""measured"",""memory"":""observed JS heap sampled at stage boundaries where performance.memory is exposed; not OS process peak""}",80,,3443.6449999809265,1621.159999847412,
chrome,150.0.7871.187,nmf_rank_selection_rank4,13,warm,completed,5130.5650000572205,,0,0,,5127.625000238419,2.93999981880188,51566477,51566477,,,,,,,,,,2.93999981880188,,,,"{""sdkModuleFetchImport"":""measured in cold phase; warm phase reuses the loaded module"",""pyodideInitialization"":""not_applicable_native_javascript_path"",""webRInitialization"":""not_applicable_native_javascript_path"",""wrappedPackageImport"":""not_applicable_native_javascript_path"",""publicSpectrumCatalogFetch"":""not_measured_synthetic_inputs_are_in_memory"",""nativeFitting"":""measured where the scenario uses native NNLS"",""adapterFitting"":""not_applicable_native_javascript_path"",""qcEvidence"":""measured only for single_sample_fit_report"",""bootstrap"":""measured only for bootstrap_500"",""plotRendering"":""not_measured"",""reportSerialization"":""measured only for single_sample_fit_report"",""endToEndElapsed"":""measured"",""memory"":""observed JS heap sampled at stage boundaries where performance.memory is exposed; not OS process peak""}",80,,3355.744999885559,1771.795000076294,
chrome,150.0.7871.187,nmf_rank_selection_rank4,14,cold,completed,5485.709999799728,1425.8199999332428,1423.25,1425.8199999332428,,4056.2999999523163,3.5899999141693115,29355597,29355597,1423.25,,,,,,,,,3.5899999141693115,,,,"{""sdkModuleFetchImport"":""measured in cold phase; warm phase reuses the loaded module"",""pyodideInitialization"":""not_applicable_native_javascript_path"",""webRInitialization"":""not_applicable_native_javascript_path"",""wrappedPackageImport"":""not_applicable_native_javascript_path"",""publicSpectrumCatalogFetch"":""not_measured_synthetic_inputs_are_in_memory"",""nativeFitting"":""measured where the scenario uses native NNLS"",""adapterFitting"":""not_applicable_native_javascript_path"",""qcEvidence"":""measured only for single_sample_fit_report"",""bootstrap"":""measured only for bootstrap_500"",""plotRendering"":""not_measured"",""reportSerialization"":""measured only for single_sample_fit_report"",""endToEndElapsed"":""measured"",""memory"":""observed JS heap sampled at stage boundaries where performance.memory is exposed; not OS process peak""}",80,,2416.140000104904,1640,
chrome,150.0.7871.187,nmf_rank_selection_rank4,14,warm,completed,3928.2599999904633,,0,0,,3925.2000000476837,3.059999942779541,52534961,52534961,,,,,,,,,,3.059999942779541,,,,"{""sdkModuleFetchImport"":""measured in cold phase; warm phase reuses the loaded module"",""pyodideInitialization"":""not_applicable_native_javascript_path"",""webRInitialization"":""not_applicable_native_javascript_path"",""wrappedPackageImport"":""not_applicable_native_javascript_path"",""publicSpectrumCatalogFetch"":""not_measured_synthetic_inputs_are_in_memory"",""nativeFitting"":""measured where the scenario uses native NNLS"",""adapterFitting"":""not_applicable_native_javascript_path"",""qcEvidence"":""measured only for single_sample_fit_report"",""bootstrap"":""measured only for bootstrap_500"",""plotRendering"":""not_measured"",""reportSerialization"":""measured only for single_sample_fit_report"",""endToEndElapsed"":""measured"",""memory"":""observed JS heap sampled at stage boundaries where performance.memory is exposed; not OS process peak""}",80,,2781.5199999809265,1143.590000152588,
chrome,150.0.7871.187,nmf_rank_selection_rank4,15,cold,completed,4822.134999752045,1290.0899999141693,1287.6900000572205,1290.0899999141693,,3528.8049998283386,3.240000009536743,31586417,31586417,1287.6900000572205,,,,,,,,,3.240000009536743,,,,"{""sdkModuleFetchImport"":""measured in cold phase; warm phase reuses the loaded module"",""pyodideInitialization"":""not_applicable_native_javascript_path"",""webRInitialization"":""not_applicable_native_javascript_path"",""wrappedPackageImport"":""not_applicable_native_javascript_path"",""publicSpectrumCatalogFetch"":""not_measured_synthetic_inputs_are_in_memory"",""nativeFitting"":""measured where the scenario uses native NNLS"",""adapterFitting"":""not_applicable_native_javascript_path"",""qcEvidence"":""measured only for single_sample_fit_report"",""bootstrap"":""measured only for bootstrap_500"",""plotRendering"":""not_measured"",""reportSerialization"":""measured only for single_sample_fit_report"",""endToEndElapsed"":""measured"",""memory"":""observed JS heap sampled at stage boundaries where performance.memory is exposed; not OS process peak""}",80,,2260.789999961853,1267.8650000095367,
chrome,150.0.7871.187,nmf_rank_selection_rank4,15,warm,completed,5058.505000114441,,0,0,,5054.860000133514,3.6449999809265137,52935637,52935637,,,,,,,,,,3.6449999809265137,,,,"{""sdkModuleFetchImport"":""measured in cold phase; warm phase reuses the loaded module"",""pyodideInitialization"":""not_applicable_native_javascript_path"",""webRInitialization"":""not_applicable_native_javascript_path"",""wrappedPackageImport"":""not_applicable_native_javascript_path"",""publicSpectrumCatalogFetch"":""not_measured_synthetic_inputs_are_in_memory"",""nativeFitting"":""measured where the scenario uses native NNLS"",""adapterFitting"":""not_applicable_native_javascript_path"",""qcEvidence"":""measured only for single_sample_fit_report"",""bootstrap"":""measured only for bootstrap_500"",""plotRendering"":""not_measured"",""reportSerialization"":""measured only for single_sample_fit_report"",""endToEndElapsed"":""measured"",""memory"":""observed JS heap sampled at stage boundaries where performance.memory is exposed; not OS process peak""}",80,,3298.055000066757,1756.7149999141693,
chrome,150.0.7871.187,nmf_rank_selection_rank4,16,cold,completed,5551.544999837875,1338.3399999141693,1335.9749999046326,1338.335000038147,,4209.0199999809265,4.184999942779541,47878989,47878989,1335.9749999046326,,,,,,,,,4.184999942779541,,,,"{""sdkModuleFetchImport"":""measured in cold phase; warm phase reuses the loaded module"",""pyodideInitialization"":""not_applicable_native_javascript_path"",""webRInitialization"":""not_applicable_native_javascript_path"",""wrappedPackageImport"":""not_applicable_native_javascript_path"",""publicSpectrumCatalogFetch"":""not_measured_synthetic_inputs_are_in_memory"",""nativeFitting"":""measured where the scenario uses native NNLS"",""adapterFitting"":""not_applicable_native_javascript_path"",""qcEvidence"":""measured only for single_sample_fit_report"",""bootstrap"":""measured only for bootstrap_500"",""plotRendering"":""not_measured"",""reportSerialization"":""measured only for single_sample_fit_report"",""endToEndElapsed"":""measured"",""memory"":""observed JS heap sampled at stage boundaries where performance.memory is exposed; not OS process peak""}",80,,2513.4249999523163,1695.4349999427795,
chrome,150.0.7871.187,nmf_rank_selection_rank4,16,warm,completed,5165.689999818802,,0,0,,5162.074999809265,3.615000009536743,47878989,47878989,,,,,,,,,,3.615000009536743,,,,"{""sdkModuleFetchImport"":""measured in cold phase; warm phase reuses the loaded module"",""pyodideInitialization"":""not_applicable_native_javascript_path"",""webRInitialization"":""not_applicable_native_javascript_path"",""wrappedPackageImport"":""not_applicable_native_javascript_path"",""publicSpectrumCatalogFetch"":""not_measured_synthetic_inputs_are_in_memory"",""nativeFitting"":""measured where the scenario uses native NNLS"",""adapterFitting"":""not_applicable_native_javascript_path"",""qcEvidence"":""measured only for single_sample_fit_report"",""bootstrap"":""measured only for bootstrap_500"",""plotRendering"":""not_measured"",""reportSerialization"":""measured only for single_sample_fit_report"",""endToEndElapsed"":""measured"",""memory"":""observed JS heap sampled at stage boundaries where performance.memory is exposed; not OS process peak""}",80,,3399.600000143051,1762.375,
chrome,150.0.7871.187,nmf_rank_selection_rank4,17,cold,completed,5352.710000038147,1223.75,1220.8200001716614,1223.7450001239777,,4125.325000047684,3.634999990463257,46118945,46118945,1220.8200001716614,,,,,,,,,3.634999990463257,,,,"{""sdkModuleFetchImport"":""measured in cold phase; warm phase reuses the loaded module"",""pyodideInitialization"":""not_applicable_native_javascript_path"",""webRInitialization"":""not_applicable_native_javascript_path"",""wrappedPackageImport"":""not_applicable_native_javascript_path"",""publicSpectrumCatalogFetch"":""not_measured_synthetic_inputs_are_in_memory"",""nativeFitting"":""measured where the scenario uses native NNLS"",""adapterFitting"":""not_applicable_native_javascript_path"",""qcEvidence"":""measured only for single_sample_fit_report"",""bootstrap"":""measured only for bootstrap_500"",""plotRendering"":""not_measured"",""reportSerialization"":""measured only for single_sample_fit_report"",""endToEndElapsed"":""measured"",""memory"":""observed JS heap sampled at stage boundaries where performance.memory is exposed; not OS process peak""}",80,,2396.2800002098083,1728.8949999809265,
chrome,150.0.7871.187,nmf_rank_selection_rank4,17,warm,completed,5031.049999952316,,0,0,,5027.489999771118,3.56000018119812,46118945,46118945,,,,,,,,,,3.56000018119812,,,,"{""sdkModuleFetchImport"":""measured in cold phase; warm phase reuses the loaded module"",""pyodideInitialization"":""not_applicable_native_javascript_path"",""webRInitialization"":""not_applicable_native_javascript_path"",""wrappedPackageImport"":""not_applicable_native_javascript_path"",""publicSpectrumCatalogFetch"":""not_measured_synthetic_inputs_are_in_memory"",""nativeFitting"":""measured where the scenario uses native NNLS"",""adapterFitting"":""not_applicable_native_javascript_path"",""qcEvidence"":""measured only for single_sample_fit_report"",""bootstrap"":""measured only for bootstrap_500"",""plotRendering"":""not_measured"",""reportSerialization"":""measured only for single_sample_fit_report"",""endToEndElapsed"":""measured"",""memory"":""observed JS heap sampled at stage boundaries where performance.memory is exposed; not OS process peak""}",80,,3394.699999809265,1632.710000038147,
chrome,150.0.7871.187,nmf_rank_selection_rank4,18,cold,completed,5533.419999837875,1451.0099999904633,1448.414999961853,1451.0099999904633,,4078.1349997520447,4.275000095367432,39908465,39908465,1448.414999961853,,,,,,,,,4.275000095367432,,,,"{""sdkModuleFetchImport"":""measured in cold phase; warm phase reuses the loaded module"",""pyodideInitialization"":""not_applicable_native_javascript_path"",""webRInitialization"":""not_applicable_native_javascript_path"",""wrappedPackageImport"":""not_applicable_native_javascript_path"",""publicSpectrumCatalogFetch"":""not_measured_synthetic_inputs_are_in_memory"",""nativeFitting"":""measured where the scenario uses native NNLS"",""adapterFitting"":""not_applicable_native_javascript_path"",""qcEvidence"":""measured only for single_sample_fit_report"",""bootstrap"":""measured only for bootstrap_500"",""plotRendering"":""not_measured"",""reportSerialization"":""measured only for single_sample_fit_report"",""endToEndElapsed"":""measured"",""memory"":""observed JS heap sampled at stage boundaries where performance.memory is exposed; not OS process peak""}",80,,2581.8550000190735,1496.1200001239777,
chrome,150.0.7871.187,nmf_rank_selection_rank4,18,warm,completed,5360.390000104904,,0,0,,5356.414999961853,3.9750001430511475,39908465,39908465,,,,,,,,,,3.9750001430511475,,,,"{""sdkModuleFetchImport"":""measured in cold phase; warm phase reuses the loaded module"",""pyodideInitialization"":""not_applicable_native_javascript_path"",""webRInitialization"":""not_applicable_native_javascript_path"",""wrappedPackageImport"":""not_applicable_native_javascript_path"",""publicSpectrumCatalogFetch"":""not_measured_synthetic_inputs_are_in_memory"",""nativeFitting"":""measured where the scenario uses native NNLS"",""adapterFitting"":""not_applicable_native_javascript_path"",""qcEvidence"":""measured only for single_sample_fit_report"",""bootstrap"":""measured only for bootstrap_500"",""plotRendering"":""not_measured"",""reportSerialization"":""measured only for single_sample_fit_report"",""endToEndElapsed"":""measured"",""memory"":""observed JS heap sampled at stage boundaries where performance.memory is exposed; not OS process peak""}",80,,3631.0149998664856,1725.3100001811981,
chrome,150.0.7871.187,nmf_rank_selection_rank4,19,cold,completed,10217.740000009537,4900.464999914169,4898.035000085831,4900.464999914169,,5313.570000171661,3.7049999237060547,55736013,55736013,4898.035000085831,,,,,,,,,3.7049999237060547,,,,"{""sdkModuleFetchImport"":""measured in cold phase; warm phase reuses the loaded module"",""pyodideInitialization"":""not_applicable_native_javascript_path"",""webRInitialization"":""not_applicable_native_javascript_path"",""wrappedPackageImport"":""not_applicable_native_javascript_path"",""publicSpectrumCatalogFetch"":""not_measured_synthetic_inputs_are_in_memory"",""nativeFitting"":""measured where the scenario uses native NNLS"",""adapterFitting"":""not_applicable_native_javascript_path"",""qcEvidence"":""measured only for single_sample_fit_report"",""bootstrap"":""measured only for bootstrap_500"",""plotRendering"":""not_measured"",""reportSerialization"":""measured only for single_sample_fit_report"",""endToEndElapsed"":""measured"",""memory"":""observed JS heap sampled at stage boundaries where performance.memory is exposed; not OS process peak""}",80,,3570.965000152588,1742.4299998283386,
chrome,150.0.7871.187,nmf_rank_selection_rank4,19,warm,completed,3977.814999818802,,0,0,,3974.8799998760223,2.934999942779541,55736013,55736013,,,,,,,,,,2.934999942779541,,,,"{""sdkModuleFetchImport"":""measured in cold phase; warm phase reuses the loaded module"",""pyodideInitialization"":""not_applicable_native_javascript_path"",""webRInitialization"":""not_applicable_native_javascript_path"",""wrappedPackageImport"":""not_applicable_native_javascript_path"",""publicSpectrumCatalogFetch"":""not_measured_synthetic_inputs_are_in_memory"",""nativeFitting"":""measured where the scenario uses native NNLS"",""adapterFitting"":""not_applicable_native_javascript_path"",""qcEvidence"":""measured only for single_sample_fit_report"",""bootstrap"":""measured only for bootstrap_500"",""plotRendering"":""not_measured"",""reportSerialization"":""measured only for single_sample_fit_report"",""endToEndElapsed"":""measured"",""memory"":""observed JS heap sampled at stage boundaries where performance.memory is exposed; not OS process peak""}",80,,2981.9249999523163,992.8499999046326,
chrome,150.0.7871.187,nmf_rank_selection_rank4,20,cold,completed,4464.860000133514,1353.4550001621246,1349.9050002098083,1353.4550001621246,,3108.460000038147,2.944999933242798,33219437,33219437,1349.9050002098083,,,,,,,,,2.944999933242798,,,,"{""sdkModuleFetchImport"":""measured in cold phase; warm phase reuses the loaded module"",""pyodideInitialization"":""not_applicable_native_javascript_path"",""webRInitialization"":""not_applicable_native_javascript_path"",""wrappedPackageImport"":""not_applicable_native_javascript_path"",""publicSpectrumCatalogFetch"":""not_measured_synthetic_inputs_are_in_memory"",""nativeFitting"":""measured where the scenario uses native NNLS"",""adapterFitting"":""not_applicable_native_javascript_path"",""qcEvidence"":""measured only for single_sample_fit_report"",""bootstrap"":""measured only for bootstrap_500"",""plotRendering"":""not_measured"",""reportSerialization"":""measured only for single_sample_fit_report"",""endToEndElapsed"":""measured"",""memory"":""observed JS heap sampled at stage boundaries where performance.memory is exposed; not OS process peak""}",80,,2112.8949999809265,995.4250001907349,
chrome,150.0.7871.187,nmf_rank_selection_rank4,20,warm,completed,3014.9800000190735,,0,0,,3011.8949999809265,3.0850000381469727,55500653,55500653,,,,,,,,,,3.0850000381469727,,,,"{""sdkModuleFetchImport"":""measured in cold phase; warm phase reuses the loaded module"",""pyodideInitialization"":""not_applicable_native_javascript_path"",""webRInitialization"":""not_applicable_native_javascript_path"",""wrappedPackageImport"":""not_applicable_native_javascript_path"",""publicSpectrumCatalogFetch"":""not_measured_synthetic_inputs_are_in_memory"",""nativeFitting"":""measured where the scenario uses native NNLS"",""adapterFitting"":""not_applicable_native_javascript_path"",""qcEvidence"":""measured only for single_sample_fit_report"",""bootstrap"":""measured only for bootstrap_500"",""plotRendering"":""not_measured"",""reportSerialization"":""measured only for single_sample_fit_report"",""endToEndElapsed"":""measured"",""memory"":""observed JS heap sampled at stage boundaries where performance.memory is exposed; not OS process peak""}",80,,2049.7599999904633,962.0650000572205,
edge,150.0.4078.105,single_sample_fit_report,1,cold,completed,2944.875,2940.289999961853,2937.8849999904633,2940.2799999713898,,4.054999828338623,0.5300002098083496,20655186,20655186,2937.8849999904633,,,2.8499999046325684,,1.0949997901916504,,,0.5300002098083496,,,,,"{""sdkModuleFetchImport"":""measured in cold phase; warm phase reuses the loaded module"",""pyodideInitialization"":""not_applicable_native_javascript_path"",""webRInitialization"":""not_applicable_native_javascript_path"",""wrappedPackageImport"":""not_applicable_native_javascript_path"",""publicSpectrumCatalogFetch"":""not_measured_synthetic_inputs_are_in_memory"",""nativeFitting"":""measured where the scenario uses native NNLS"",""adapterFitting"":""not_applicable_native_javascript_path"",""qcEvidence"":""measured only for single_sample_fit_report"",""bootstrap"":""measured only for bootstrap_500"",""plotRendering"":""not_measured"",""reportSerialization"":""measured only for single_sample_fit_report"",""endToEndElapsed"":""measured"",""memory"":""observed JS heap sampled at stage boundaries where performance.memory is exposed; not OS process peak""}",1,9,,,
edge,150.0.4078.105,single_sample_fit_report,1,warm,completed,1.0800001621246338,,0,0,,0.9800000190734863,0.10000014305114746,20655186,20655186,,,,0.5249998569488525,,0.43000006675720215,,,0.10000014305114746,,,,,"{""sdkModuleFetchImport"":""measured in cold phase; warm phase reuses the loaded module"",""pyodideInitialization"":""not_applicable_native_javascript_path"",""webRInitialization"":""not_applicable_native_javascript_path"",""wrappedPackageImport"":""not_applicable_native_javascript_path"",""publicSpectrumCatalogFetch"":""not_measured_synthetic_inputs_are_in_memory"",""nativeFitting"":""measured where the scenario uses native NNLS"",""adapterFitting"":""not_applicable_native_javascript_path"",""qcEvidence"":""measured only for single_sample_fit_report"",""bootstrap"":""measured only for bootstrap_500"",""plotRendering"":""not_measured"",""reportSerialization"":""measured only for single_sample_fit_report"",""endToEndElapsed"":""measured"",""memory"":""observed JS heap sampled at stage boundaries where performance.memory is exposed; not OS process peak""}",1,9,,,
edge,150.0.4078.105,single_sample_fit_report,2,cold,completed,1552.4649999141693,1547.5299999713898,1545.3050000667572,1547.5249998569489,,4.4049999713897705,0.5299999713897705,20678494,20678494,1545.3050000667572,,,3.325000047683716,,0.9449999332427979,,,0.5299999713897705,,,,,"{""sdkModuleFetchImport"":""measured in cold phase; warm phase reuses the loaded module"",""pyodideInitialization"":""not_applicable_native_javascript_path"",""webRInitialization"":""not_applicable_native_javascript_path"",""wrappedPackageImport"":""not_applicable_native_javascript_path"",""publicSpectrumCatalogFetch"":""not_measured_synthetic_inputs_are_in_memory"",""nativeFitting"":""measured where the scenario uses native NNLS"",""adapterFitting"":""not_applicable_native_javascript_path"",""qcEvidence"":""measured only for single_sample_fit_report"",""bootstrap"":""measured only for bootstrap_500"",""plotRendering"":""not_measured"",""reportSerialization"":""measured only for single_sample_fit_report"",""endToEndElapsed"":""measured"",""memory"":""observed JS heap sampled at stage boundaries where performance.memory is exposed; not OS process peak""}",1,9,,,
edge,150.0.4078.105,single_sample_fit_report,2,warm,completed,1.2049999237060547,,0,0,,1.0799999237060547,0.125,20678494,20678494,,,,0.5649998188018799,,0.4700000286102295,,,0.125,,,,,"{""sdkModuleFetchImport"":""measured in cold phase; warm phase reuses the loaded module"",""pyodideInitialization"":""not_applicable_native_javascript_path"",""webRInitialization"":""not_applicable_native_javascript_path"",""wrappedPackageImport"":""not_applicable_native_javascript_path"",""publicSpectrumCatalogFetch"":""not_measured_synthetic_inputs_are_in_memory"",""nativeFitting"":""measured where the scenario uses native NNLS"",""adapterFitting"":""not_applicable_native_javascript_path"",""qcEvidence"":""measured only for single_sample_fit_report"",""bootstrap"":""measured only for bootstrap_500"",""plotRendering"":""not_measured"",""reportSerialization"":""measured only for single_sample_fit_report"",""endToEndElapsed"":""measured"",""memory"":""observed JS heap sampled at stage boundaries where performance.memory is exposed; not OS process peak""}",1,9,,,
edge,150.0.4078.105,single_sample_fit_report,3,cold,completed,1430.4500000476837,1426.164999961853,1423.5549998283386,1426.159999847412,,3.750000238418579,0.5349998474121094,20684998,20684998,1423.5549998283386,,,2.694999933242798,,0.934999942779541,,,0.5349998474121094,,,,,"{""sdkModuleFetchImport"":""measured in cold phase; warm phase reuses the loaded module"",""pyodideInitialization"":""not_applicable_native_javascript_path"",""webRInitialization"":""not_applicable_native_javascript_path"",""wrappedPackageImport"":""not_applicable_native_javascript_path"",""publicSpectrumCatalogFetch"":""not_measured_synthetic_inputs_are_in_memory"",""nativeFitting"":""measured where the scenario uses native NNLS"",""adapterFitting"":""not_applicable_native_javascript_path"",""qcEvidence"":""measured only for single_sample_fit_report"",""bootstrap"":""measured only for bootstrap_500"",""plotRendering"":""not_measured"",""reportSerialization"":""measured only for single_sample_fit_report"",""endToEndElapsed"":""measured"",""memory"":""observed JS heap sampled at stage boundaries where performance.memory is exposed; not OS process peak""}",1,9,,,
edge,150.0.4078.105,single_sample_fit_report,3,warm,completed,1.070000171661377,,0,0,,0.9750003814697266,0.09499979019165039,20684998,20684998,,,,0.5399999618530273,,0.4050002098083496,,,0.09499979019165039,,,,,"{""sdkModuleFetchImport"":""measured in cold phase; warm phase reuses the loaded module"",""pyodideInitialization"":""not_applicable_native_javascript_path"",""webRInitialization"":""not_applicable_native_javascript_path"",""wrappedPackageImport"":""not_applicable_native_javascript_path"",""publicSpectrumCatalogFetch"":""not_measured_synthetic_inputs_are_in_memory"",""nativeFitting"":""measured where the scenario uses native NNLS"",""adapterFitting"":""not_applicable_native_javascript_path"",""qcEvidence"":""measured only for single_sample_fit_report"",""bootstrap"":""measured only for bootstrap_500"",""plotRendering"":""not_measured"",""reportSerialization"":""measured only for single_sample_fit_report"",""endToEndElapsed"":""measured"",""memory"":""observed JS heap sampled at stage boundaries where performance.memory is exposed; not OS process peak""}",1,9,,,
edge,150.0.4078.105,single_sample_fit_report,4,cold,completed,1398.5599999427795,1393.0499999523163,1390.1449999809265,1393.0499999523163,,4.3349997997283936,1.1750001907348633,20667138,20667138,1390.1449999809265,,,2.8399999141693115,,1.3299999237060547,,,1.1750001907348633,,,,,"{""sdkModuleFetchImport"":""measured in cold phase; warm phase reuses the loaded module"",""pyodideInitialization"":""not_applicable_native_javascript_path"",""webRInitialization"":""not_applicable_native_javascript_path"",""wrappedPackageImport"":""not_applicable_native_javascript_path"",""publicSpectrumCatalogFetch"":""not_measured_synthetic_inputs_are_in_memory"",""nativeFitting"":""measured where the scenario uses native NNLS"",""adapterFitting"":""not_applicable_native_javascript_path"",""qcEvidence"":""measured only for single_sample_fit_report"",""bootstrap"":""measured only for bootstrap_500"",""plotRendering"":""not_measured"",""reportSerialization"":""measured only for single_sample_fit_report"",""endToEndElapsed"":""measured"",""memory"":""observed JS heap sampled at stage boundaries where performance.memory is exposed; not OS process peak""}",1,9,,,
edge,150.0.4078.105,single_sample_fit_report,4,warm,completed,1.5749998092651367,,0,0,,1.4149999618530273,0.15999984741210938,20667138,20667138,,,,0.8149998188018799,,0.5550000667572021,,,0.15999984741210938,,,,,"{""sdkModuleFetchImport"":""measured in cold phase; warm phase reuses the loaded module"",""pyodideInitialization"":""not_applicable_native_javascript_path"",""webRInitialization"":""not_applicable_native_javascript_path"",""wrappedPackageImport"":""not_applicable_native_javascript_path"",""publicSpectrumCatalogFetch"":""not_measured_synthetic_inputs_are_in_memory"",""nativeFitting"":""measured where the scenario uses native NNLS"",""adapterFitting"":""not_applicable_native_javascript_path"",""qcEvidence"":""measured only for single_sample_fit_report"",""bootstrap"":""measured only for bootstrap_500"",""plotRendering"":""not_measured"",""reportSerialization"":""measured only for single_sample_fit_report"",""endToEndElapsed"":""measured"",""memory"":""observed JS heap sampled at stage boundaries where performance.memory is exposed; not OS process peak""}",1,9,,,
edge,150.0.4078.105,single_sample_fit_report,5,cold,completed,1582.9049999713898,1578.789999961853,1575.9950001239777,1578.7850000858307,,3.580000162124634,0.5349998474121094,20668722,20668722,1575.9950001239777,,,2.580000162124634,,0.8900001049041748,,,0.5349998474121094,,,,,"{""sdkModuleFetchImport"":""measured in cold phase; warm phase reuses the loaded module"",""pyodideInitialization"":""not_applicable_native_javascript_path"",""webRInitialization"":""not_applicable_native_javascript_path"",""wrappedPackageImport"":""not_applicable_native_javascript_path"",""publicSpectrumCatalogFetch"":""not_measured_synthetic_inputs_are_in_memory"",""nativeFitting"":""measured where the scenario uses native NNLS"",""adapterFitting"":""not_applicable_native_javascript_path"",""qcEvidence"":""measured only for single_sample_fit_report"",""bootstrap"":""measured only for bootstrap_500"",""plotRendering"":""not_measured"",""reportSerialization"":""measured only for single_sample_fit_report"",""endToEndElapsed"":""measured"",""memory"":""observed JS heap sampled at stage boundaries where performance.memory is exposed; not OS process peak""}",1,9,,,
edge,150.0.4078.105,single_sample_fit_report,5,warm,completed,1.2250001430511475,,0,0,,1.1150000095367432,0.1100001335144043,20668722,20668722,,,,0.6399998664855957,,0.440000057220459,,,0.1100001335144043,,,,,"{""sdkModuleFetchImport"":""measured in cold phase; warm phase reuses the loaded module"",""pyodideInitialization"":""not_applicable_native_javascript_path"",""webRInitialization"":""not_applicable_native_javascript_path"",""wrappedPackageImport"":""not_applicable_native_javascript_path"",""publicSpectrumCatalogFetch"":""not_measured_synthetic_inputs_are_in_memory"",""nativeFitting"":""measured where the scenario uses native NNLS"",""adapterFitting"":""not_applicable_native_javascript_path"",""qcEvidence"":""measured only for single_sample_fit_report"",""bootstrap"":""measured only for bootstrap_500"",""plotRendering"":""not_measured"",""reportSerialization"":""measured only for single_sample_fit_report"",""endToEndElapsed"":""measured"",""memory"":""observed JS heap sampled at stage boundaries where performance.memory is exposed; not OS process peak""}",1,9,,,
edge,150.0.4078.105,single_sample_fit_report,6,cold,completed,1357.7149999141693,1353.7349998950958,1351.329999923706,1353.7349998950958,,3.434999942779541,0.5450000762939453,20674518,20674518,1351.329999923706,,,2.445000171661377,,0.8700001239776611,,,0.5450000762939453,,,,,"{""sdkModuleFetchImport"":""measured in cold phase; warm phase reuses the loaded module"",""pyodideInitialization"":""not_applicable_native_javascript_path"",""webRInitialization"":""not_applicable_native_javascript_path"",""wrappedPackageImport"":""not_applicable_native_javascript_path"",""publicSpectrumCatalogFetch"":""not_measured_synthetic_inputs_are_in_memory"",""nativeFitting"":""measured where the scenario uses native NNLS"",""adapterFitting"":""not_applicable_native_javascript_path"",""qcEvidence"":""measured only for single_sample_fit_report"",""bootstrap"":""measured only for bootstrap_500"",""plotRendering"":""not_measured"",""reportSerialization"":""measured only for single_sample_fit_report"",""endToEndElapsed"":""measured"",""memory"":""observed JS heap sampled at stage boundaries where performance.memory is exposed; not OS process peak""}",1,9,,,
edge,150.0.4078.105,single_sample_fit_report,6,warm,completed,1.059999942779541,,0,0,,0.9600000381469727,0.09999990463256836,20674518,20674518,,,,0.5099999904632568,,0.4200000762939453,,,0.09999990463256836,,,,,"{""sdkModuleFetchImport"":""measured in cold phase; warm phase reuses the loaded module"",""pyodideInitialization"":""not_applicable_native_javascript_path"",""webRInitialization"":""not_applicable_native_javascript_path"",""wrappedPackageImport"":""not_applicable_native_javascript_path"",""publicSpectrumCatalogFetch"":""not_measured_synthetic_inputs_are_in_memory"",""nativeFitting"":""measured where the scenario uses native NNLS"",""adapterFitting"":""not_applicable_native_javascript_path"",""qcEvidence"":""measured only for single_sample_fit_report"",""bootstrap"":""measured only for bootstrap_500"",""plotRendering"":""not_measured"",""reportSerialization"":""measured only for single_sample_fit_report"",""endToEndElapsed"":""measured"",""memory"":""observed JS heap sampled at stage boundaries where performance.memory is exposed; not OS process peak""}",1,9,,,
edge,150.0.4078.105,single_sample_fit_report,7,cold,completed,1417.085000038147,1412.8150000572205,1409.8700001239777,1412.8150000572205,,3.7049999237060547,0.565000057220459,20651278,20651278,1409.8700001239777,,,2.674999952316284,,0.9149999618530273,,,0.565000057220459,,,,,"{""sdkModuleFetchImport"":""measured in cold phase; warm phase reuses the loaded module"",""pyodideInitialization"":""not_applicable_native_javascript_path"",""webRInitialization"":""not_applicable_native_javascript_path"",""wrappedPackageImport"":""not_applicable_native_javascript_path"",""publicSpectrumCatalogFetch"":""not_measured_synthetic_inputs_are_in_memory"",""nativeFitting"":""measured where the scenario uses native NNLS"",""adapterFitting"":""not_applicable_native_javascript_path"",""qcEvidence"":""measured only for single_sample_fit_report"",""bootstrap"":""measured only for bootstrap_500"",""plotRendering"":""not_measured"",""reportSerialization"":""measured only for single_sample_fit_report"",""endToEndElapsed"":""measured"",""memory"":""observed JS heap sampled at stage boundaries where performance.memory is exposed; not OS process peak""}",1,9,,,
edge,150.0.4078.105,single_sample_fit_report,7,warm,completed,1.0349998474121094,,0,0,,0.9449999332427979,0.08999991416931152,20651278,20651278,,,,0.5299999713897705,,0.3900001049041748,,,0.08999991416931152,,,,,"{""sdkModuleFetchImport"":""measured in cold phase; warm phase reuses the loaded module"",""pyodideInitialization"":""not_applicable_native_javascript_path"",""webRInitialization"":""not_applicable_native_javascript_path"",""wrappedPackageImport"":""not_applicable_native_javascript_path"",""publicSpectrumCatalogFetch"":""not_measured_synthetic_inputs_are_in_memory"",""nativeFitting"":""measured where the scenario uses native NNLS"",""adapterFitting"":""not_applicable_native_javascript_path"",""qcEvidence"":""measured only for single_sample_fit_report"",""bootstrap"":""measured only for bootstrap_500"",""plotRendering"":""not_measured"",""reportSerialization"":""measured only for single_sample_fit_report"",""endToEndElapsed"":""measured"",""memory"":""observed JS heap sampled at stage boundaries where performance.memory is exposed; not OS process peak""}",1,9,,,
edge,150.0.4078.105,single_sample_fit_report,8,cold,completed,1266.244999885559,1261.619999885559,1258.4849998950958,1261.6150000095367,,3.990000009536743,0.6349999904632568,20654298,20654298,1258.4849998950958,,,2.7749998569488525,,1.0850000381469727,,,0.6349999904632568,,,,,"{""sdkModuleFetchImport"":""measured in cold phase; warm phase reuses the loaded module"",""pyodideInitialization"":""not_applicable_native_javascript_path"",""webRInitialization"":""not_applicable_native_javascript_path"",""wrappedPackageImport"":""not_applicable_native_javascript_path"",""publicSpectrumCatalogFetch"":""not_measured_synthetic_inputs_are_in_memory"",""nativeFitting"":""measured where the scenario uses native NNLS"",""adapterFitting"":""not_applicable_native_javascript_path"",""qcEvidence"":""measured only for single_sample_fit_report"",""bootstrap"":""measured only for bootstrap_500"",""plotRendering"":""not_measured"",""reportSerialization"":""measured only for single_sample_fit_report"",""endToEndElapsed"":""measured"",""memory"":""observed JS heap sampled at stage boundaries where performance.memory is exposed; not OS process peak""}",1,9,,,
edge,150.0.4078.105,single_sample_fit_report,8,warm,completed,1.1499998569488525,,0,0,,1.0449998378753662,0.10500001907348633,20654298,20654298,,,,0.5899999141693115,,0.41499996185302734,,,0.10500001907348633,,,,,"{""sdkModuleFetchImport"":""measured in cold phase; warm phase reuses the loaded module"",""pyodideInitialization"":""not_applicable_native_javascript_path"",""webRInitialization"":""not_applicable_native_javascript_path"",""wrappedPackageImport"":""not_applicable_native_javascript_path"",""publicSpectrumCatalogFetch"":""not_measured_synthetic_inputs_are_in_memory"",""nativeFitting"":""measured where the scenario uses native NNLS"",""adapterFitting"":""not_applicable_native_javascript_path"",""qcEvidence"":""measured only for single_sample_fit_report"",""bootstrap"":""measured only for bootstrap_500"",""plotRendering"":""not_measured"",""reportSerialization"":""measured only for single_sample_fit_report"",""endToEndElapsed"":""measured"",""memory"":""observed JS heap sampled at stage boundaries where performance.memory is exposed; not OS process peak""}",1,9,,,
edge,150.0.4078.105,single_sample_fit_report,9,cold,completed,1849.3499999046326,1845.0699999332428,1842.545000076294,1845.0649998188019,,3.7200000286102295,0.559999942779541,20658698,20658698,1842.545000076294,,,2.7200000286102295,,0.8900001049041748,,,0.559999942779541,,,,,"{""sdkModuleFetchImport"":""measured in cold phase; warm phase reuses the loaded module"",""pyodideInitialization"":""not_applicable_native_javascript_path"",""webRInitialization"":""not_applicable_native_javascript_path"",""wrappedPackageImport"":""not_applicable_native_javascript_path"",""publicSpectrumCatalogFetch"":""not_measured_synthetic_inputs_are_in_memory"",""nativeFitting"":""measured where the scenario uses native NNLS"",""adapterFitting"":""not_applicable_native_javascript_path"",""qcEvidence"":""measured only for single_sample_fit_report"",""bootstrap"":""measured only for bootstrap_500"",""plotRendering"":""not_measured"",""reportSerialization"":""measured only for single_sample_fit_report"",""endToEndElapsed"":""measured"",""memory"":""observed JS heap sampled at stage boundaries where performance.memory is exposed; not OS process peak""}",1,9,,,
edge,150.0.4078.105,single_sample_fit_report,9,warm,completed,1.0150001049041748,,0,0,,0.9250001907348633,0.08999991416931152,20658698,20658698,,,,0.5250000953674316,,0.36999988555908203,,,0.08999991416931152,,,,,"{""sdkModuleFetchImport"":""measured in cold phase; warm phase reuses the loaded module"",""pyodideInitialization"":""not_applicable_native_javascript_path"",""webRInitialization"":""not_applicable_native_javascript_path"",""wrappedPackageImport"":""not_applicable_native_javascript_path"",""publicSpectrumCatalogFetch"":""not_measured_synthetic_inputs_are_in_memory"",""nativeFitting"":""measured where the scenario uses native NNLS"",""adapterFitting"":""not_applicable_native_javascript_path"",""qcEvidence"":""measured only for single_sample_fit_report"",""bootstrap"":""measured only for bootstrap_500"",""plotRendering"":""not_measured"",""reportSerialization"":""measured only for single_sample_fit_report"",""endToEndElapsed"":""measured"",""memory"":""observed JS heap sampled at stage boundaries where performance.memory is exposed; not OS process peak""}",1,9,,,
edge,150.0.4078.105,single_sample_fit_report,10,cold,completed,1442.8200001716614,1438.2350001335144,1435.3450000286102,1438.2350001335144,,4.009999990463257,0.5750000476837158,20659299,20659299,1435.3450000286102,,,2.8249998092651367,,1.0399999618530273,,,0.5750000476837158,,,,,"{""sdkModuleFetchImport"":""measured in cold phase; warm phase reuses the loaded module"",""pyodideInitialization"":""not_applicable_native_javascript_path"",""webRInitialization"":""not_applicable_native_javascript_path"",""wrappedPackageImport"":""not_applicable_native_javascript_path"",""publicSpectrumCatalogFetch"":""not_measured_synthetic_inputs_are_in_memory"",""nativeFitting"":""measured where the scenario uses native NNLS"",""adapterFitting"":""not_applicable_native_javascript_path"",""qcEvidence"":""measured only for single_sample_fit_report"",""bootstrap"":""measured only for bootstrap_500"",""plotRendering"":""not_measured"",""reportSerialization"":""measured only for single_sample_fit_report"",""endToEndElapsed"":""measured"",""memory"":""observed JS heap sampled at stage boundaries where performance.memory is exposed; not OS process peak""}",1,9,,,
edge,150.0.4078.105,single_sample_fit_report,10,warm,completed,1.1650002002716064,,0,0,,1.0500001907348633,0.11500000953674316,20659299,20659299,,,,0.5800001621246338,,0.4249999523162842,,,0.11500000953674316,,,,,"{""sdkModuleFetchImport"":""measured in cold phase; warm phase reuses the loaded module"",""pyodideInitialization"":""not_applicable_native_javascript_path"",""webRInitialization"":""not_applicable_native_javascript_path"",""wrappedPackageImport"":""not_applicable_native_javascript_path"",""publicSpectrumCatalogFetch"":""not_measured_synthetic_inputs_are_in_memory"",""nativeFitting"":""measured where the scenario uses native NNLS"",""adapterFitting"":""not_applicable_native_javascript_path"",""qcEvidence"":""measured only for single_sample_fit_report"",""bootstrap"":""measured only for bootstrap_500"",""plotRendering"":""not_measured"",""reportSerialization"":""measured only for single_sample_fit_report"",""endToEndElapsed"":""measured"",""memory"":""observed JS heap sampled at stage boundaries where performance.memory is exposed; not OS process peak""}",1,9,,,
edge,150.0.4078.105,single_sample_fit_report,11,cold,completed,1468.6849999427795,1464.125,1461.159999847412,1464.125,,3.940000057220459,0.619999885559082,20671903,20671903,1461.159999847412,,,2.884999990463257,,0.9200000762939453,,,0.619999885559082,,,,,"{""sdkModuleFetchImport"":""measured in cold phase; warm phase reuses the loaded module"",""pyodideInitialization"":""not_applicable_native_javascript_path"",""webRInitialization"":""not_applicable_native_javascript_path"",""wrappedPackageImport"":""not_applicable_native_javascript_path"",""publicSpectrumCatalogFetch"":""not_measured_synthetic_inputs_are_in_memory"",""nativeFitting"":""measured where the scenario uses native NNLS"",""adapterFitting"":""not_applicable_native_javascript_path"",""qcEvidence"":""measured only for single_sample_fit_report"",""bootstrap"":""measured only for bootstrap_500"",""plotRendering"":""not_measured"",""reportSerialization"":""measured only for single_sample_fit_report"",""endToEndElapsed"":""measured"",""memory"":""observed JS heap sampled at stage boundaries where performance.memory is exposed; not OS process peak""}",1,9,,,
edge,150.0.4078.105,single_sample_fit_report,11,warm,completed,1.0850000381469727,,0,0,,0.9850001335144043,0.09999990463256836,20671903,20671903,,,,0.5399999618530273,,0.40000009536743164,,,0.09999990463256836,,,,,"{""sdkModuleFetchImport"":""measured in cold phase; warm phase reuses the loaded module"",""pyodideInitialization"":""not_applicable_native_javascript_path"",""webRInitialization"":""not_applicable_native_javascript_path"",""wrappedPackageImport"":""not_applicable_native_javascript_path"",""publicSpectrumCatalogFetch"":""not_measured_synthetic_inputs_are_in_memory"",""nativeFitting"":""measured where the scenario uses native NNLS"",""adapterFitting"":""not_applicable_native_javascript_path"",""qcEvidence"":""measured only for single_sample_fit_report"",""bootstrap"":""measured only for bootstrap_500"",""plotRendering"":""not_measured"",""reportSerialization"":""measured only for single_sample_fit_report"",""endToEndElapsed"":""measured"",""memory"":""observed JS heap sampled at stage boundaries where performance.memory is exposed; not OS process peak""}",1,9,,,
edge,150.0.4078.105,single_sample_fit_report,12,cold,completed,1446.8949999809265,1442.5999999046326,1439.5299999713898,1442.5999999046326,,3.765000104904175,0.5299999713897705,20655667,20655667,1439.5299999713898,,,2.7049999237060547,,0.9350001811981201,,,0.5299999713897705,,,,,"{""sdkModuleFetchImport"":""measured in cold phase; warm phase reuses the loaded module"",""pyodideInitialization"":""not_applicable_native_javascript_path"",""webRInitialization"":""not_applicable_native_javascript_path"",""wrappedPackageImport"":""not_applicable_native_javascript_path"",""publicSpectrumCatalogFetch"":""not_measured_synthetic_inputs_are_in_memory"",""nativeFitting"":""measured where the scenario uses native NNLS"",""adapterFitting"":""not_applicable_native_javascript_path"",""qcEvidence"":""measured only for single_sample_fit_report"",""bootstrap"":""measured only for bootstrap_500"",""plotRendering"":""not_measured"",""reportSerialization"":""measured only for single_sample_fit_report"",""endToEndElapsed"":""measured"",""memory"":""observed JS heap sampled at stage boundaries where performance.memory is exposed; not OS process peak""}",1,9,,,
edge,150.0.4078.105,single_sample_fit_report,12,warm,completed,1.1099998950958252,,0,0,,1,0.1099998950958252,20655667,20655667,,,,0.5449998378753662,,0.4100000858306885,,,0.1099998950958252,,,,,"{""sdkModuleFetchImport"":""measured in cold phase; warm phase reuses the loaded module"",""pyodideInitialization"":""not_applicable_native_javascript_path"",""webRInitialization"":""not_applicable_native_javascript_path"",""wrappedPackageImport"":""not_applicable_native_javascript_path"",""publicSpectrumCatalogFetch"":""not_measured_synthetic_inputs_are_in_memory"",""nativeFitting"":""measured where the scenario uses native NNLS"",""adapterFitting"":""not_applicable_native_javascript_path"",""qcEvidence"":""measured only for single_sample_fit_report"",""bootstrap"":""measured only for bootstrap_500"",""plotRendering"":""not_measured"",""reportSerialization"":""measured only for single_sample_fit_report"",""endToEndElapsed"":""measured"",""memory"":""observed JS heap sampled at stage boundaries where performance.memory is exposed; not OS process peak""}",1,9,,,
edge,150.0.4078.105,single_sample_fit_report,13,cold,completed,1516.9449999332428,1512.744999885559,1509.9449999332428,1512.744999885559,,3.6599998474121094,0.5400002002716064,20711575,20711575,1509.9449999332428,,,2.565000057220459,,0.9850001335144043,,,0.5400002002716064,,,,,"{""sdkModuleFetchImport"":""measured in cold phase; warm phase reuses the loaded module"",""pyodideInitialization"":""not_applicable_native_javascript_path"",""webRInitialization"":""not_applicable_native_javascript_path"",""wrappedPackageImport"":""not_applicable_native_javascript_path"",""publicSpectrumCatalogFetch"":""not_measured_synthetic_inputs_are_in_memory"",""nativeFitting"":""measured where the scenario uses native NNLS"",""adapterFitting"":""not_applicable_native_javascript_path"",""qcEvidence"":""measured only for single_sample_fit_report"",""bootstrap"":""measured only for bootstrap_500"",""plotRendering"":""not_measured"",""reportSerialization"":""measured only for single_sample_fit_report"",""endToEndElapsed"":""measured"",""memory"":""observed JS heap sampled at stage boundaries where performance.memory is exposed; not OS process peak""}",1,9,,,
edge,150.0.4078.105,single_sample_fit_report,13,warm,completed,1.1150000095367432,,0,0,,1.0099999904632568,0.10500001907348633,20711575,20711575,,,,0.5450000762939453,,0.4199998378753662,,,0.10500001907348633,,,,,"{""sdkModuleFetchImport"":""measured in cold phase; warm phase reuses the loaded module"",""pyodideInitialization"":""not_applicable_native_javascript_path"",""webRInitialization"":""not_applicable_native_javascript_path"",""wrappedPackageImport"":""not_applicable_native_javascript_path"",""publicSpectrumCatalogFetch"":""not_measured_synthetic_inputs_are_in_memory"",""nativeFitting"":""measured where the scenario uses native NNLS"",""adapterFitting"":""not_applicable_native_javascript_path"",""qcEvidence"":""measured only for single_sample_fit_report"",""bootstrap"":""measured only for bootstrap_500"",""plotRendering"":""not_measured"",""reportSerialization"":""measured only for single_sample_fit_report"",""endToEndElapsed"":""measured"",""memory"":""observed JS heap sampled at stage boundaries where performance.memory is exposed; not OS process peak""}",1,9,,,
edge,150.0.4078.105,single_sample_fit_report,14,cold,completed,1456.9250001907349,1452.6000001430511,1450.3199999332428,1452.6000001430511,,3.8000001907348633,0.5249998569488525,20650527,20650527,1450.3199999332428,,,2.695000171661377,,0.994999885559082,,,0.5249998569488525,,,,,"{""sdkModuleFetchImport"":""measured in cold phase; warm phase reuses the loaded module"",""pyodideInitialization"":""not_applicable_native_javascript_path"",""webRInitialization"":""not_applicable_native_javascript_path"",""wrappedPackageImport"":""not_applicable_native_javascript_path"",""publicSpectrumCatalogFetch"":""not_measured_synthetic_inputs_are_in_memory"",""nativeFitting"":""measured where the scenario uses native NNLS"",""adapterFitting"":""not_applicable_native_javascript_path"",""qcEvidence"":""measured only for single_sample_fit_report"",""bootstrap"":""measured only for bootstrap_500"",""plotRendering"":""not_measured"",""reportSerialization"":""measured only for single_sample_fit_report"",""endToEndElapsed"":""measured"",""memory"":""observed JS heap sampled at stage boundaries where performance.memory is exposed; not OS process peak""}",1,9,,,
edge,150.0.4078.105,single_sample_fit_report,14,warm,completed,1.0850000381469727,,0,0,,0.9900000095367432,0.09500002861022949,20650527,20650527,,,,0.5399999618530273,,0.4100000858306885,,,0.09500002861022949,,,,,"{""sdkModuleFetchImport"":""measured in cold phase; warm phase reuses the loaded module"",""pyodideInitialization"":""not_applicable_native_javascript_path"",""webRInitialization"":""not_applicable_native_javascript_path"",""wrappedPackageImport"":""not_applicable_native_javascript_path"",""publicSpectrumCatalogFetch"":""not_measured_synthetic_inputs_are_in_memory"",""nativeFitting"":""measured where the scenario uses native NNLS"",""adapterFitting"":""not_applicable_native_javascript_path"",""qcEvidence"":""measured only for single_sample_fit_report"",""bootstrap"":""measured only for bootstrap_500"",""plotRendering"":""not_measured"",""reportSerialization"":""measured only for single_sample_fit_report"",""endToEndElapsed"":""measured"",""memory"":""observed JS heap sampled at stage boundaries where performance.memory is exposed; not OS process peak""}",1,9,,,
edge,150.0.4078.105,single_sample_fit_report,15,cold,completed,1458.0750000476837,1453.7000000476837,1451.4849998950958,1453.7000000476837,,3.865000009536743,0.5099999904632568,20671363,20671363,1451.4849998950958,,,2.7149999141693115,,1.0400002002716064,,,0.5099999904632568,,,,,"{""sdkModuleFetchImport"":""measured in cold phase; warm phase reuses the loaded module"",""pyodideInitialization"":""not_applicable_native_javascript_path"",""webRInitialization"":""not_applicable_native_javascript_path"",""wrappedPackageImport"":""not_applicable_native_javascript_path"",""publicSpectrumCatalogFetch"":""not_measured_synthetic_inputs_are_in_memory"",""nativeFitting"":""measured where the scenario uses native NNLS"",""adapterFitting"":""not_applicable_native_javascript_path"",""qcEvidence"":""measured only for single_sample_fit_report"",""bootstrap"":""measured only for bootstrap_500"",""plotRendering"":""not_measured"",""reportSerialization"":""measured only for single_sample_fit_report"",""endToEndElapsed"":""measured"",""memory"":""observed JS heap sampled at stage boundaries where performance.memory is exposed; not OS process peak""}",1,9,,,
edge,150.0.4078.105,single_sample_fit_report,15,warm,completed,1.065000057220459,,0,0,,0.9800000190734863,0.08500003814697266,20671363,20671363,,,,0.5449998378753662,,0.3900001049041748,,,0.08500003814697266,,,,,"{""sdkModuleFetchImport"":""measured in cold phase; warm phase reuses the loaded module"",""pyodideInitialization"":""not_applicable_native_javascript_path"",""webRInitialization"":""not_applicable_native_javascript_path"",""wrappedPackageImport"":""not_applicable_native_javascript_path"",""publicSpectrumCatalogFetch"":""not_measured_synthetic_inputs_are_in_memory"",""nativeFitting"":""measured where the scenario uses native NNLS"",""adapterFitting"":""not_applicable_native_javascript_path"",""qcEvidence"":""measured only for single_sample_fit_report"",""bootstrap"":""measured only for bootstrap_500"",""plotRendering"":""not_measured"",""reportSerialization"":""measured only for single_sample_fit_report"",""endToEndElapsed"":""measured"",""memory"":""observed JS heap sampled at stage boundaries where performance.memory is exposed; not OS process peak""}",1,9,,,
edge,150.0.4078.105,single_sample_fit_report,16,cold,completed,1534.8799998760223,1530.4249999523163,1527.6949999332428,1530.4249999523163,,3.809999942779541,0.6449999809265137,20673535,20673535,1527.6949999332428,,,2.7149999141693115,,0.9549999237060547,,,0.6449999809265137,,,,,"{""sdkModuleFetchImport"":""measured in cold phase; warm phase reuses the loaded module"",""pyodideInitialization"":""not_applicable_native_javascript_path"",""webRInitialization"":""not_applicable_native_javascript_path"",""wrappedPackageImport"":""not_applicable_native_javascript_path"",""publicSpectrumCatalogFetch"":""not_measured_synthetic_inputs_are_in_memory"",""nativeFitting"":""measured where the scenario uses native NNLS"",""adapterFitting"":""not_applicable_native_javascript_path"",""qcEvidence"":""measured only for single_sample_fit_report"",""bootstrap"":""measured only for bootstrap_500"",""plotRendering"":""not_measured"",""reportSerialization"":""measured only for single_sample_fit_report"",""endToEndElapsed"":""measured"",""memory"":""observed JS heap sampled at stage boundaries where performance.memory is exposed; not OS process peak""}",1,9,,,
edge,150.0.4078.105,single_sample_fit_report,16,warm,completed,1.3599998950958252,,0,0,,1.239999771118164,0.12000012397766113,20673535,20673535,,,,0.7149999141693115,,0.49000000953674316,,,0.12000012397766113,,,,,"{""sdkModuleFetchImport"":""measured in cold phase; warm phase reuses the loaded module"",""pyodideInitialization"":""not_applicable_native_javascript_path"",""webRInitialization"":""not_applicable_native_javascript_path"",""wrappedPackageImport"":""not_applicable_native_javascript_path"",""publicSpectrumCatalogFetch"":""not_measured_synthetic_inputs_are_in_memory"",""nativeFitting"":""measured where the scenario uses native NNLS"",""adapterFitting"":""not_applicable_native_javascript_path"",""qcEvidence"":""measured only for single_sample_fit_report"",""bootstrap"":""measured only for bootstrap_500"",""plotRendering"":""not_measured"",""reportSerialization"":""measured only for single_sample_fit_report"",""endToEndElapsed"":""measured"",""memory"":""observed JS heap sampled at stage boundaries where performance.memory is exposed; not OS process peak""}",1,9,,,
edge,150.0.4078.105,single_sample_fit_report,17,cold,completed,1542.965000152588,1538.8250000476837,1535.835000038147,1538.8200001716614,,3.620000123977661,0.5199999809265137,20671211,20671211,1535.835000038147,,,2.6050000190734863,,0.8900001049041748,,,0.5199999809265137,,,,,"{""sdkModuleFetchImport"":""measured in cold phase; warm phase reuses the loaded module"",""pyodideInitialization"":""not_applicable_native_javascript_path"",""webRInitialization"":""not_applicable_native_javascript_path"",""wrappedPackageImport"":""not_applicable_native_javascript_path"",""publicSpectrumCatalogFetch"":""not_measured_synthetic_inputs_are_in_memory"",""nativeFitting"":""measured where the scenario uses native NNLS"",""adapterFitting"":""not_applicable_native_javascript_path"",""qcEvidence"":""measured only for single_sample_fit_report"",""bootstrap"":""measured only for bootstrap_500"",""plotRendering"":""not_measured"",""reportSerialization"":""measured only for single_sample_fit_report"",""endToEndElapsed"":""measured"",""memory"":""observed JS heap sampled at stage boundaries where performance.memory is exposed; not OS process peak""}",1,9,,,
edge,150.0.4078.105,single_sample_fit_report,17,warm,completed,1.0550000667572021,,0,0,,0.9550001621246338,0.09999990463256836,20671211,20671211,,,,0.5200002193450928,,0.39499998092651367,,,0.09999990463256836,,,,,"{""sdkModuleFetchImport"":""measured in cold phase; warm phase reuses the loaded module"",""pyodideInitialization"":""not_applicable_native_javascript_path"",""webRInitialization"":""not_applicable_native_javascript_path"",""wrappedPackageImport"":""not_applicable_native_javascript_path"",""publicSpectrumCatalogFetch"":""not_measured_synthetic_inputs_are_in_memory"",""nativeFitting"":""measured where the scenario uses native NNLS"",""adapterFitting"":""not_applicable_native_javascript_path"",""qcEvidence"":""measured only for single_sample_fit_report"",""bootstrap"":""measured only for bootstrap_500"",""plotRendering"":""not_measured"",""reportSerialization"":""measured only for single_sample_fit_report"",""endToEndElapsed"":""measured"",""memory"":""observed JS heap sampled at stage boundaries where performance.memory is exposed; not OS process peak""}",1,9,,,
edge,150.0.4078.105,single_sample_fit_report,18,cold,completed,1410.2149999141693,1406.210000038147,1403.6449999809265,1406.210000038147,,3.5199997425079346,0.4850001335144043,20657811,20657811,1403.6449999809265,,,2.569999933242798,,0.8599998950958252,,,0.4850001335144043,,,,,"{""sdkModuleFetchImport"":""measured in cold phase; warm phase reuses the loaded module"",""pyodideInitialization"":""not_applicable_native_javascript_path"",""webRInitialization"":""not_applicable_native_javascript_path"",""wrappedPackageImport"":""not_applicable_native_javascript_path"",""publicSpectrumCatalogFetch"":""not_measured_synthetic_inputs_are_in_memory"",""nativeFitting"":""measured where the scenario uses native NNLS"",""adapterFitting"":""not_applicable_native_javascript_path"",""qcEvidence"":""measured only for single_sample_fit_report"",""bootstrap"":""measured only for bootstrap_500"",""plotRendering"":""not_measured"",""reportSerialization"":""measured only for single_sample_fit_report"",""endToEndElapsed"":""measured"",""memory"":""observed JS heap sampled at stage boundaries where performance.memory is exposed; not OS process peak""}",1,9,,,
edge,150.0.4078.105,single_sample_fit_report,18,warm,completed,1.0199999809265137,,0,0,,0.9249999523162842,0.09500002861022949,20657811,20657811,,,,0.505000114440918,,0.3899998664855957,,,0.09500002861022949,,,,,"{""sdkModuleFetchImport"":""measured in cold phase; warm phase reuses the loaded module"",""pyodideInitialization"":""not_applicable_native_javascript_path"",""webRInitialization"":""not_applicable_native_javascript_path"",""wrappedPackageImport"":""not_applicable_native_javascript_path"",""publicSpectrumCatalogFetch"":""not_measured_synthetic_inputs_are_in_memory"",""nativeFitting"":""measured where the scenario uses native NNLS"",""adapterFitting"":""not_applicable_native_javascript_path"",""qcEvidence"":""measured only for single_sample_fit_report"",""bootstrap"":""measured only for bootstrap_500"",""plotRendering"":""not_measured"",""reportSerialization"":""measured only for single_sample_fit_report"",""endToEndElapsed"":""measured"",""memory"":""observed JS heap sampled at stage boundaries where performance.memory is exposed; not OS process peak""}",1,9,,,
edge,150.0.4078.105,single_sample_fit_report,19,cold,completed,1375.4850001335144,1371.420000076294,1368.7799999713898,1371.420000076294,,3.5299999713897705,0.5350000858306885,20672647,20672647,1368.7799999713898,,,2.565000057220459,,0.809999942779541,,,0.5350000858306885,,,,,"{""sdkModuleFetchImport"":""measured in cold phase; warm phase reuses the loaded module"",""pyodideInitialization"":""not_applicable_native_javascript_path"",""webRInitialization"":""not_applicable_native_javascript_path"",""wrappedPackageImport"":""not_applicable_native_javascript_path"",""publicSpectrumCatalogFetch"":""not_measured_synthetic_inputs_are_in_memory"",""nativeFitting"":""measured where the scenario uses native NNLS"",""adapterFitting"":""not_applicable_native_javascript_path"",""qcEvidence"":""measured only for single_sample_fit_report"",""bootstrap"":""measured only for bootstrap_500"",""plotRendering"":""not_measured"",""reportSerialization"":""measured only for single_sample_fit_report"",""endToEndElapsed"":""measured"",""memory"":""observed JS heap sampled at stage boundaries where performance.memory is exposed; not OS process peak""}",1,9,,,
edge,150.0.4078.105,single_sample_fit_report,19,warm,completed,0.9950001239776611,,0,0,,0.9049999713897705,0.09000015258789062,20672647,20672647,,,,0.49500012397766113,,0.37000012397766113,,,0.09000015258789062,,,,,"{""sdkModuleFetchImport"":""measured in cold phase; warm phase reuses the loaded module"",""pyodideInitialization"":""not_applicable_native_javascript_path"",""webRInitialization"":""not_applicable_native_javascript_path"",""wrappedPackageImport"":""not_applicable_native_javascript_path"",""publicSpectrumCatalogFetch"":""not_measured_synthetic_inputs_are_in_memory"",""nativeFitting"":""measured where the scenario uses native NNLS"",""adapterFitting"":""not_applicable_native_javascript_path"",""qcEvidence"":""measured only for single_sample_fit_report"",""bootstrap"":""measured only for bootstrap_500"",""plotRendering"":""not_measured"",""reportSerialization"":""measured only for single_sample_fit_report"",""endToEndElapsed"":""measured"",""memory"":""observed JS heap sampled at stage boundaries where performance.memory is exposed; not OS process peak""}",1,9,,,
edge,150.0.4078.105,single_sample_fit_report,20,cold,completed,1628.414999961853,1624.454999923706,1622.4400000572205,1624.454999923706,,3.4650001525878906,0.49499988555908203,20666639,20666639,1622.4400000572205,,,2.4749999046325684,,0.8350000381469727,,,0.49499988555908203,,,,,"{""sdkModuleFetchImport"":""measured in cold phase; warm phase reuses the loaded module"",""pyodideInitialization"":""not_applicable_native_javascript_path"",""webRInitialization"":""not_applicable_native_javascript_path"",""wrappedPackageImport"":""not_applicable_native_javascript_path"",""publicSpectrumCatalogFetch"":""not_measured_synthetic_inputs_are_in_memory"",""nativeFitting"":""measured where the scenario uses native NNLS"",""adapterFitting"":""not_applicable_native_javascript_path"",""qcEvidence"":""measured only for single_sample_fit_report"",""bootstrap"":""measured only for bootstrap_500"",""plotRendering"":""not_measured"",""reportSerialization"":""measured only for single_sample_fit_report"",""endToEndElapsed"":""measured"",""memory"":""observed JS heap sampled at stage boundaries where performance.memory is exposed; not OS process peak""}",1,9,,,
edge,150.0.4078.105,single_sample_fit_report,20,warm,completed,1.0250000953674316,,0,0,,0.9350001811981201,0.08999991416931152,20666639,20666639,,,,0.5150001049041748,,0.40000009536743164,,,0.08999991416931152,,,,,"{""sdkModuleFetchImport"":""measured in cold phase; warm phase reuses the loaded module"",""pyodideInitialization"":""not_applicable_native_javascript_path"",""webRInitialization"":""not_applicable_native_javascript_path"",""wrappedPackageImport"":""not_applicable_native_javascript_path"",""publicSpectrumCatalogFetch"":""not_measured_synthetic_inputs_are_in_memory"",""nativeFitting"":""measured where the scenario uses native NNLS"",""adapterFitting"":""not_applicable_native_javascript_path"",""qcEvidence"":""measured only for single_sample_fit_report"",""bootstrap"":""measured only for bootstrap_500"",""plotRendering"":""not_measured"",""reportSerialization"":""measured only for single_sample_fit_report"",""endToEndElapsed"":""measured"",""memory"":""observed JS heap sampled at stage boundaries where performance.memory is exposed; not OS process peak""}",1,9,,,
edge,150.0.4078.105,medium_cohort_120,1,cold,completed,1539.3199999332428,1515.2249999046326,1512.460000038147,1515.2199997901917,,24.010000228881836,0.08499979972839355,22699843,22699843,1512.460000038147,,,23.884999990463257,,,,,,0.08499979972839355,,,,"{""sdkModuleFetchImport"":""measured in cold phase; warm phase reuses the loaded module"",""pyodideInitialization"":""not_applicable_native_javascript_path"",""webRInitialization"":""not_applicable_native_javascript_path"",""wrappedPackageImport"":""not_applicable_native_javascript_path"",""publicSpectrumCatalogFetch"":""not_measured_synthetic_inputs_are_in_memory"",""nativeFitting"":""measured where the scenario uses native NNLS"",""adapterFitting"":""not_applicable_native_javascript_path"",""qcEvidence"":""measured only for single_sample_fit_report"",""bootstrap"":""measured only for bootstrap_500"",""plotRendering"":""not_measured"",""reportSerialization"":""measured only for single_sample_fit_report"",""endToEndElapsed"":""measured"",""memory"":""observed JS heap sampled at stage boundaries where performance.memory is exposed; not OS process peak""}",120,9,,,
edge,150.0.4078.105,medium_cohort_120,1,warm,completed,17.855000019073486,,0,0,,17.77999997138977,0.07500004768371582,22699843,22699843,,,,17.734999895095825,,,,,,0.07500004768371582,,,,"{""sdkModuleFetchImport"":""measured in cold phase; warm phase reuses the loaded module"",""pyodideInitialization"":""not_applicable_native_javascript_path"",""webRInitialization"":""not_applicable_native_javascript_path"",""wrappedPackageImport"":""not_applicable_native_javascript_path"",""publicSpectrumCatalogFetch"":""not_measured_synthetic_inputs_are_in_memory"",""nativeFitting"":""measured where the scenario uses native NNLS"",""adapterFitting"":""not_applicable_native_javascript_path"",""qcEvidence"":""measured only for single_sample_fit_report"",""bootstrap"":""measured only for bootstrap_500"",""plotRendering"":""not_measured"",""reportSerialization"":""measured only for single_sample_fit_report"",""endToEndElapsed"":""measured"",""memory"":""observed JS heap sampled at stage boundaries where performance.memory is exposed; not OS process peak""}",120,9,,,
edge,150.0.4078.105,medium_cohort_120,2,cold,completed,1459.6400001049042,1435.505000114441,1432.75,1435.505000114441,,24.039999961853027,0.09500002861022949,22674679,22674679,1432.75,,,23.929999828338623,,,,,,0.09500002861022949,,,,"{""sdkModuleFetchImport"":""measured in cold phase; warm phase reuses the loaded module"",""pyodideInitialization"":""not_applicable_native_javascript_path"",""webRInitialization"":""not_applicable_native_javascript_path"",""wrappedPackageImport"":""not_applicable_native_javascript_path"",""publicSpectrumCatalogFetch"":""not_measured_synthetic_inputs_are_in_memory"",""nativeFitting"":""measured where the scenario uses native NNLS"",""adapterFitting"":""not_applicable_native_javascript_path"",""qcEvidence"":""measured only for single_sample_fit_report"",""bootstrap"":""measured only for bootstrap_500"",""plotRendering"":""not_measured"",""reportSerialization"":""measured only for single_sample_fit_report"",""endToEndElapsed"":""measured"",""memory"":""observed JS heap sampled at stage boundaries where performance.memory is exposed; not OS process peak""}",120,9,,,
edge,150.0.4078.105,medium_cohort_120,2,warm,completed,17.75499987602234,,0,0,,17.674999952316284,0.07999992370605469,22674679,22674679,,,,17.640000104904175,,,,,,0.07999992370605469,,,,"{""sdkModuleFetchImport"":""measured in cold phase; warm phase reuses the loaded module"",""pyodideInitialization"":""not_applicable_native_javascript_path"",""webRInitialization"":""not_applicable_native_javascript_path"",""wrappedPackageImport"":""not_applicable_native_javascript_path"",""publicSpectrumCatalogFetch"":""not_measured_synthetic_inputs_are_in_memory"",""nativeFitting"":""measured where the scenario uses native NNLS"",""adapterFitting"":""not_applicable_native_javascript_path"",""qcEvidence"":""measured only for single_sample_fit_report"",""bootstrap"":""measured only for bootstrap_500"",""plotRendering"":""not_measured"",""reportSerialization"":""measured only for single_sample_fit_report"",""endToEndElapsed"":""measured"",""memory"":""observed JS heap sampled at stage boundaries where performance.memory is exposed; not OS process peak""}",120,9,,,
edge,150.0.4078.105,medium_cohort_120,3,cold,completed,1588.1999998092651,1563.3550000190735,1560.869999885559,1563.3500001430511,,24.744999647140503,0.10000014305114746,22674011,22674011,1560.869999885559,,,24.62999987602234,,,,,,0.10000014305114746,,,,"{""sdkModuleFetchImport"":""measured in cold phase; warm phase reuses the loaded module"",""pyodideInitialization"":""not_applicable_native_javascript_path"",""webRInitialization"":""not_applicable_native_javascript_path"",""wrappedPackageImport"":""not_applicable_native_javascript_path"",""publicSpectrumCatalogFetch"":""not_measured_synthetic_inputs_are_in_memory"",""nativeFitting"":""measured where the scenario uses native NNLS"",""adapterFitting"":""not_applicable_native_javascript_path"",""qcEvidence"":""measured only for single_sample_fit_report"",""bootstrap"":""measured only for bootstrap_500"",""plotRendering"":""not_measured"",""reportSerialization"":""measured only for single_sample_fit_report"",""endToEndElapsed"":""measured"",""memory"":""observed JS heap sampled at stage boundaries where performance.memory is exposed; not OS process peak""}",120,9,,,
edge,150.0.4078.105,medium_cohort_120,3,warm,completed,17.795000076293945,,0,0,,17.72000002861023,0.07500004768371582,22674011,22674011,,,,17.68499994277954,,,,,,0.07500004768371582,,,,"{""sdkModuleFetchImport"":""measured in cold phase; warm phase reuses the loaded module"",""pyodideInitialization"":""not_applicable_native_javascript_path"",""webRInitialization"":""not_applicable_native_javascript_path"",""wrappedPackageImport"":""not_applicable_native_javascript_path"",""publicSpectrumCatalogFetch"":""not_measured_synthetic_inputs_are_in_memory"",""nativeFitting"":""measured where the scenario uses native NNLS"",""adapterFitting"":""not_applicable_native_javascript_path"",""qcEvidence"":""measured only for single_sample_fit_report"",""bootstrap"":""measured only for bootstrap_500"",""plotRendering"":""not_measured"",""reportSerialization"":""measured only for single_sample_fit_report"",""endToEndElapsed"":""measured"",""memory"":""observed JS heap sampled at stage boundaries where performance.memory is exposed; not OS process peak""}",120,9,,,
edge,150.0.4078.105,medium_cohort_120,4,cold,completed,1389.960000038147,1365.0749998092651,1362.5199999809265,1365.0749998092651,,24.78000020980835,0.10500001907348633,22706762,22706762,1362.5199999809265,,,24.65999984741211,,,,,,0.10500001907348633,,,,"{""sdkModuleFetchImport"":""measured in cold phase; warm phase reuses the loaded module"",""pyodideInitialization"":""not_applicable_native_javascript_path"",""webRInitialization"":""not_applicable_native_javascript_path"",""wrappedPackageImport"":""not_applicable_native_javascript_path"",""publicSpectrumCatalogFetch"":""not_measured_synthetic_inputs_are_in_memory"",""nativeFitting"":""measured where the scenario uses native NNLS"",""adapterFitting"":""not_applicable_native_javascript_path"",""qcEvidence"":""measured only for single_sample_fit_report"",""bootstrap"":""measured only for bootstrap_500"",""plotRendering"":""not_measured"",""reportSerialization"":""measured only for single_sample_fit_report"",""endToEndElapsed"":""measured"",""memory"":""observed JS heap sampled at stage boundaries where performance.memory is exposed; not OS process peak""}",120,9,,,
edge,150.0.4078.105,medium_cohort_120,4,warm,completed,18.204999923706055,,0,0,,18.115000009536743,0.08999991416931152,22706762,22706762,,,,18.075000047683716,,,,,,0.08999991416931152,,,,"{""sdkModuleFetchImport"":""measured in cold phase; warm phase reuses the loaded module"",""pyodideInitialization"":""not_applicable_native_javascript_path"",""webRInitialization"":""not_applicable_native_javascript_path"",""wrappedPackageImport"":""not_applicable_native_javascript_path"",""publicSpectrumCatalogFetch"":""not_measured_synthetic_inputs_are_in_memory"",""nativeFitting"":""measured where the scenario uses native NNLS"",""adapterFitting"":""not_applicable_native_javascript_path"",""qcEvidence"":""measured only for single_sample_fit_report"",""bootstrap"":""measured only for bootstrap_500"",""plotRendering"":""not_measured"",""reportSerialization"":""measured only for single_sample_fit_report"",""endToEndElapsed"":""measured"",""memory"":""observed JS heap sampled at stage boundaries where performance.memory is exposed; not OS process peak""}",120,9,,,
edge,150.0.4078.105,medium_cohort_120,5,cold,completed,1459.119999885559,1434.5499999523163,1431.5099999904633,1434.5499999523163,,24.46499991416931,0.10500001907348633,22684686,22684686,1431.5099999904633,,,24.335000038146973,,,,,,0.10500001907348633,,,,"{""sdkModuleFetchImport"":""measured in cold phase; warm phase reuses the loaded module"",""pyodideInitialization"":""not_applicable_native_javascript_path"",""webRInitialization"":""not_applicable_native_javascript_path"",""wrappedPackageImport"":""not_applicable_native_javascript_path"",""publicSpectrumCatalogFetch"":""not_measured_synthetic_inputs_are_in_memory"",""nativeFitting"":""measured where the scenario uses native NNLS"",""adapterFitting"":""not_applicable_native_javascript_path"",""qcEvidence"":""measured only for single_sample_fit_report"",""bootstrap"":""measured only for bootstrap_500"",""plotRendering"":""not_measured"",""reportSerialization"":""measured only for single_sample_fit_report"",""endToEndElapsed"":""measured"",""memory"":""observed JS heap sampled at stage boundaries where performance.memory is exposed; not OS process peak""}",120,9,,,
edge,150.0.4078.105,medium_cohort_120,5,warm,completed,19.240000009536743,,0,0,,19.145000219345093,0.09499979019165039,22684686,22684686,,,,19.079999923706055,,,,,,0.09499979019165039,,,,"{""sdkModuleFetchImport"":""measured in cold phase; warm phase reuses the loaded module"",""pyodideInitialization"":""not_applicable_native_javascript_path"",""webRInitialization"":""not_applicable_native_javascript_path"",""wrappedPackageImport"":""not_applicable_native_javascript_path"",""publicSpectrumCatalogFetch"":""not_measured_synthetic_inputs_are_in_memory"",""nativeFitting"":""measured where the scenario uses native NNLS"",""adapterFitting"":""not_applicable_native_javascript_path"",""qcEvidence"":""measured only for single_sample_fit_report"",""bootstrap"":""measured only for bootstrap_500"",""plotRendering"":""not_measured"",""reportSerialization"":""measured only for single_sample_fit_report"",""endToEndElapsed"":""measured"",""memory"":""observed JS heap sampled at stage boundaries where performance.memory is exposed; not OS process peak""}",120,9,,,
edge,150.0.4078.105,medium_cohort_120,6,cold,completed,1386.2499997615814,1361.3399999141693,1358.9900000095367,1361.335000038147,,24.819999933242798,0.08999991416931152,22687374,22687374,1358.9900000095367,,,24.709999799728394,,,,,,0.08999991416931152,,,,"{""sdkModuleFetchImport"":""measured in cold phase; warm phase reuses the loaded module"",""pyodideInitialization"":""not_applicable_native_javascript_path"",""webRInitialization"":""not_applicable_native_javascript_path"",""wrappedPackageImport"":""not_applicable_native_javascript_path"",""publicSpectrumCatalogFetch"":""not_measured_synthetic_inputs_are_in_memory"",""nativeFitting"":""measured where the scenario uses native NNLS"",""adapterFitting"":""not_applicable_native_javascript_path"",""qcEvidence"":""measured only for single_sample_fit_report"",""bootstrap"":""measured only for bootstrap_500"",""plotRendering"":""not_measured"",""reportSerialization"":""measured only for single_sample_fit_report"",""endToEndElapsed"":""measured"",""memory"":""observed JS heap sampled at stage boundaries where performance.memory is exposed; not OS process peak""}",120,9,,,
edge,150.0.4078.105,medium_cohort_120,6,warm,completed,17.74500012397766,,0,0,,17.66000008583069,0.08500003814697266,22687374,22687374,,,,17.600000143051147,,,,,,0.08500003814697266,,,,"{""sdkModuleFetchImport"":""measured in cold phase; warm phase reuses the loaded module"",""pyodideInitialization"":""not_applicable_native_javascript_path"",""webRInitialization"":""not_applicable_native_javascript_path"",""wrappedPackageImport"":""not_applicable_native_javascript_path"",""publicSpectrumCatalogFetch"":""not_measured_synthetic_inputs_are_in_memory"",""nativeFitting"":""measured where the scenario uses native NNLS"",""adapterFitting"":""not_applicable_native_javascript_path"",""qcEvidence"":""measured only for single_sample_fit_report"",""bootstrap"":""measured only for bootstrap_500"",""plotRendering"":""not_measured"",""reportSerialization"":""measured only for single_sample_fit_report"",""endToEndElapsed"":""measured"",""memory"":""observed JS heap sampled at stage boundaries where performance.memory is exposed; not OS process peak""}",120,9,,,
edge,150.0.4078.105,medium_cohort_120,7,cold,completed,1521.534999847412,1496.1949999332428,1493.6749999523163,1496.1899998188019,,25.25499987602234,0.08500003814697266,22678214,22678214,1493.6749999523163,,,25.134999990463257,,,,,,0.08500003814697266,,,,"{""sdkModuleFetchImport"":""measured in cold phase; warm phase reuses the loaded module"",""pyodideInitialization"":""not_applicable_native_javascript_path"",""webRInitialization"":""not_applicable_native_javascript_path"",""wrappedPackageImport"":""not_applicable_native_javascript_path"",""publicSpectrumCatalogFetch"":""not_measured_synthetic_inputs_are_in_memory"",""nativeFitting"":""measured where the scenario uses native NNLS"",""adapterFitting"":""not_applicable_native_javascript_path"",""qcEvidence"":""measured only for single_sample_fit_report"",""bootstrap"":""measured only for bootstrap_500"",""plotRendering"":""not_measured"",""reportSerialization"":""measured only for single_sample_fit_report"",""endToEndElapsed"":""measured"",""memory"":""observed JS heap sampled at stage boundaries where performance.memory is exposed; not OS process peak""}",120,9,,,
edge,150.0.4078.105,medium_cohort_120,7,warm,completed,18.144999980926514,,0,0,,18.050000190734863,0.09499979019165039,22678214,22678214,,,,17.99500012397766,,,,,,0.09499979019165039,,,,"{""sdkModuleFetchImport"":""measured in cold phase; warm phase reuses the loaded module"",""pyodideInitialization"":""not_applicable_native_javascript_path"",""webRInitialization"":""not_applicable_native_javascript_path"",""wrappedPackageImport"":""not_applicable_native_javascript_path"",""publicSpectrumCatalogFetch"":""not_measured_synthetic_inputs_are_in_memory"",""nativeFitting"":""measured where the scenario uses native NNLS"",""adapterFitting"":""not_applicable_native_javascript_path"",""qcEvidence"":""measured only for single_sample_fit_report"",""bootstrap"":""measured only for bootstrap_500"",""plotRendering"":""not_measured"",""reportSerialization"":""measured only for single_sample_fit_report"",""endToEndElapsed"":""measured"",""memory"":""observed JS heap sampled at stage boundaries where performance.memory is exposed; not OS process peak""}",120,9,,,
edge,150.0.4078.105,medium_cohort_120,8,cold,completed,1452.5,1421.4800000190735,1418.4849998950958,1421.4749999046326,,30.914999961853027,0.10500001907348633,22694366,22694366,1418.4849998950958,,,30.789999961853027,,,,,,0.10500001907348633,,,,"{""sdkModuleFetchImport"":""measured in cold phase; warm phase reuses the loaded module"",""pyodideInitialization"":""not_applicable_native_javascript_path"",""webRInitialization"":""not_applicable_native_javascript_path"",""wrappedPackageImport"":""not_applicable_native_javascript_path"",""publicSpectrumCatalogFetch"":""not_measured_synthetic_inputs_are_in_memory"",""nativeFitting"":""measured where the scenario uses native NNLS"",""adapterFitting"":""not_applicable_native_javascript_path"",""qcEvidence"":""measured only for single_sample_fit_report"",""bootstrap"":""measured only for bootstrap_500"",""plotRendering"":""not_measured"",""reportSerialization"":""measured only for single_sample_fit_report"",""endToEndElapsed"":""measured"",""memory"":""observed JS heap sampled at stage boundaries where performance.memory is exposed; not OS process peak""}",120,9,,,
edge,150.0.4078.105,medium_cohort_120,8,warm,completed,19.59499979019165,,0,0,,19.419999837875366,0.17499995231628418,23390374,23390374,,,,19.319999933242798,,,,,,0.17499995231628418,,,,"{""sdkModuleFetchImport"":""measured in cold phase; warm phase reuses the loaded module"",""pyodideInitialization"":""not_applicable_native_javascript_path"",""webRInitialization"":""not_applicable_native_javascript_path"",""wrappedPackageImport"":""not_applicable_native_javascript_path"",""publicSpectrumCatalogFetch"":""not_measured_synthetic_inputs_are_in_memory"",""nativeFitting"":""measured where the scenario uses native NNLS"",""adapterFitting"":""not_applicable_native_javascript_path"",""qcEvidence"":""measured only for single_sample_fit_report"",""bootstrap"":""measured only for bootstrap_500"",""plotRendering"":""not_measured"",""reportSerialization"":""measured only for single_sample_fit_report"",""endToEndElapsed"":""measured"",""memory"":""observed JS heap sampled at stage boundaries where performance.memory is exposed; not OS process peak""}",120,9,,,
edge,150.0.4078.105,medium_cohort_120,9,cold,completed,1702.8899998664856,1672.1299998760223,1669.4750001430511,1672.125,,30.644999980926514,0.11500000953674316,22742442,22742442,1669.4750001430511,,,30.494999885559082,,,,,,0.11500000953674316,,,,"{""sdkModuleFetchImport"":""measured in cold phase; warm phase reuses the loaded module"",""pyodideInitialization"":""not_applicable_native_javascript_path"",""webRInitialization"":""not_applicable_native_javascript_path"",""wrappedPackageImport"":""not_applicable_native_javascript_path"",""publicSpectrumCatalogFetch"":""not_measured_synthetic_inputs_are_in_memory"",""nativeFitting"":""measured where the scenario uses native NNLS"",""adapterFitting"":""not_applicable_native_javascript_path"",""qcEvidence"":""measured only for single_sample_fit_report"",""bootstrap"":""measured only for bootstrap_500"",""plotRendering"":""not_measured"",""reportSerialization"":""measured only for single_sample_fit_report"",""endToEndElapsed"":""measured"",""memory"":""observed JS heap sampled at stage boundaries where performance.memory is exposed; not OS process peak""}",120,9,,,
edge,150.0.4078.105,medium_cohort_120,9,warm,completed,19.544999837875366,,0,0,,19.43999981880188,0.10500001907348633,27180478,27180478,,,,19.355000019073486,,,,,,0.10500001907348633,,,,"{""sdkModuleFetchImport"":""measured in cold phase; warm phase reuses the loaded module"",""pyodideInitialization"":""not_applicable_native_javascript_path"",""webRInitialization"":""not_applicable_native_javascript_path"",""wrappedPackageImport"":""not_applicable_native_javascript_path"",""publicSpectrumCatalogFetch"":""not_measured_synthetic_inputs_are_in_memory"",""nativeFitting"":""measured where the scenario uses native NNLS"",""adapterFitting"":""not_applicable_native_javascript_path"",""qcEvidence"":""measured only for single_sample_fit_report"",""bootstrap"":""measured only for bootstrap_500"",""plotRendering"":""not_measured"",""reportSerialization"":""measured only for single_sample_fit_report"",""endToEndElapsed"":""measured"",""memory"":""observed JS heap sampled at stage boundaries where performance.memory is exposed; not OS process peak""}",120,9,,,
edge,150.0.4078.105,medium_cohort_120,10,cold,completed,1555.460000038147,1530.835000038147,1528.119999885559,1530.829999923706,,24.52999997138977,0.09500002861022949,22672767,22672767,1528.119999885559,,,24.420000076293945,,,,,,0.09500002861022949,,,,"{""sdkModuleFetchImport"":""measured in cold phase; warm phase reuses the loaded module"",""pyodideInitialization"":""not_applicable_native_javascript_path"",""webRInitialization"":""not_applicable_native_javascript_path"",""wrappedPackageImport"":""not_applicable_native_javascript_path"",""publicSpectrumCatalogFetch"":""not_measured_synthetic_inputs_are_in_memory"",""nativeFitting"":""measured where the scenario uses native NNLS"",""adapterFitting"":""not_applicable_native_javascript_path"",""qcEvidence"":""measured only for single_sample_fit_report"",""bootstrap"":""measured only for bootstrap_500"",""plotRendering"":""not_measured"",""reportSerialization"":""measured only for single_sample_fit_report"",""endToEndElapsed"":""measured"",""memory"":""observed JS heap sampled at stage boundaries where performance.memory is exposed; not OS process peak""}",120,9,,,
edge,150.0.4078.105,medium_cohort_120,10,warm,completed,17.774999856948853,,0,0,,17.68999981880188,0.08500003814697266,22672767,22672767,,,,17.644999980926514,,,,,,0.08500003814697266,,,,"{""sdkModuleFetchImport"":""measured in cold phase; warm phase reuses the loaded module"",""pyodideInitialization"":""not_applicable_native_javascript_path"",""webRInitialization"":""not_applicable_native_javascript_path"",""wrappedPackageImport"":""not_applicable_native_javascript_path"",""publicSpectrumCatalogFetch"":""not_measured_synthetic_inputs_are_in_memory"",""nativeFitting"":""measured where the scenario uses native NNLS"",""adapterFitting"":""not_applicable_native_javascript_path"",""qcEvidence"":""measured only for single_sample_fit_report"",""bootstrap"":""measured only for bootstrap_500"",""plotRendering"":""not_measured"",""reportSerialization"":""measured only for single_sample_fit_report"",""endToEndElapsed"":""measured"",""memory"":""observed JS heap sampled at stage boundaries where performance.memory is exposed; not OS process peak""}",120,9,,,
edge,150.0.4078.105,medium_cohort_120,11,cold,completed,1483.0750000476837,1458.3450000286102,1455.3900001049042,1458.340000152588,,24.644999980926514,0.08500003814697266,22683043,22683043,1455.3900001049042,,,24.52500009536743,,,,,,0.08500003814697266,,,,"{""sdkModuleFetchImport"":""measured in cold phase; warm phase reuses the loaded module"",""pyodideInitialization"":""not_applicable_native_javascript_path"",""webRInitialization"":""not_applicable_native_javascript_path"",""wrappedPackageImport"":""not_applicable_native_javascript_path"",""publicSpectrumCatalogFetch"":""not_measured_synthetic_inputs_are_in_memory"",""nativeFitting"":""measured where the scenario uses native NNLS"",""adapterFitting"":""not_applicable_native_javascript_path"",""qcEvidence"":""measured only for single_sample_fit_report"",""bootstrap"":""measured only for bootstrap_500"",""plotRendering"":""not_measured"",""reportSerialization"":""measured only for single_sample_fit_report"",""endToEndElapsed"":""measured"",""memory"":""observed JS heap sampled at stage boundaries where performance.memory is exposed; not OS process peak""}",120,9,,,
edge,150.0.4078.105,medium_cohort_120,11,warm,completed,17.865000009536743,,0,0,,17.77500009536743,0.08999991416931152,22683043,22683043,,,,17.730000019073486,,,,,,0.08999991416931152,,,,"{""sdkModuleFetchImport"":""measured in cold phase; warm phase reuses the loaded module"",""pyodideInitialization"":""not_applicable_native_javascript_path"",""webRInitialization"":""not_applicable_native_javascript_path"",""wrappedPackageImport"":""not_applicable_native_javascript_path"",""publicSpectrumCatalogFetch"":""not_measured_synthetic_inputs_are_in_memory"",""nativeFitting"":""measured where the scenario uses native NNLS"",""adapterFitting"":""not_applicable_native_javascript_path"",""qcEvidence"":""measured only for single_sample_fit_report"",""bootstrap"":""measured only for bootstrap_500"",""plotRendering"":""not_measured"",""reportSerialization"":""measured only for single_sample_fit_report"",""endToEndElapsed"":""measured"",""memory"":""observed JS heap sampled at stage boundaries where performance.memory is exposed; not OS process peak""}",120,9,,,
edge,150.0.4078.105,medium_cohort_120,12,cold,completed,1461.0550000667572,1433.8199999332428,1431.1349999904633,1433.8199999332428,,27.100000143051147,0.13499999046325684,22689403,22689403,1431.1349999904633,,,26.950000047683716,,,,,,0.13499999046325684,,,,"{""sdkModuleFetchImport"":""measured in cold phase; warm phase reuses the loaded module"",""pyodideInitialization"":""not_applicable_native_javascript_path"",""webRInitialization"":""not_applicable_native_javascript_path"",""wrappedPackageImport"":""not_applicable_native_javascript_path"",""publicSpectrumCatalogFetch"":""not_measured_synthetic_inputs_are_in_memory"",""nativeFitting"":""measured where the scenario uses native NNLS"",""adapterFitting"":""not_applicable_native_javascript_path"",""qcEvidence"":""measured only for single_sample_fit_report"",""bootstrap"":""measured only for bootstrap_500"",""plotRendering"":""not_measured"",""reportSerialization"":""measured only for single_sample_fit_report"",""endToEndElapsed"":""measured"",""memory"":""observed JS heap sampled at stage boundaries where performance.memory is exposed; not OS process peak""}",120,9,,,
edge,150.0.4078.105,medium_cohort_120,12,warm,completed,19.28499984741211,,0,0,,19.15499997138977,0.12999987602233887,22689403,22689403,,,,19.075000047683716,,,,,,0.12999987602233887,,,,"{""sdkModuleFetchImport"":""measured in cold phase; warm phase reuses the loaded module"",""pyodideInitialization"":""not_applicable_native_javascript_path"",""webRInitialization"":""not_applicable_native_javascript_path"",""wrappedPackageImport"":""not_applicable_native_javascript_path"",""publicSpectrumCatalogFetch"":""not_measured_synthetic_inputs_are_in_memory"",""nativeFitting"":""measured where the scenario uses native NNLS"",""adapterFitting"":""not_applicable_native_javascript_path"",""qcEvidence"":""measured only for single_sample_fit_report"",""bootstrap"":""measured only for bootstrap_500"",""plotRendering"":""not_measured"",""reportSerialization"":""measured only for single_sample_fit_report"",""endToEndElapsed"":""measured"",""memory"":""observed JS heap sampled at stage boundaries where performance.memory is exposed; not OS process peak""}",120,9,,,
edge,150.0.4078.105,medium_cohort_120,13,cold,completed,1497.3599998950958,1472,1468.1949999332428,1471.994999885559,,25.25,0.1099998950958252,22712883,22712883,1468.1949999332428,,,25.109999895095825,,,,,,0.1099998950958252,,,,"{""sdkModuleFetchImport"":""measured in cold phase; warm phase reuses the loaded module"",""pyodideInitialization"":""not_applicable_native_javascript_path"",""webRInitialization"":""not_applicable_native_javascript_path"",""wrappedPackageImport"":""not_applicable_native_javascript_path"",""publicSpectrumCatalogFetch"":""not_measured_synthetic_inputs_are_in_memory"",""nativeFitting"":""measured where the scenario uses native NNLS"",""adapterFitting"":""not_applicable_native_javascript_path"",""qcEvidence"":""measured only for single_sample_fit_report"",""bootstrap"":""measured only for bootstrap_500"",""plotRendering"":""not_measured"",""reportSerialization"":""measured only for single_sample_fit_report"",""endToEndElapsed"":""measured"",""memory"":""observed JS heap sampled at stage boundaries where performance.memory is exposed; not OS process peak""}",120,9,,,
edge,150.0.4078.105,medium_cohort_120,13,warm,completed,19.079999923706055,,0,0,,18.980000019073486,0.09999990463256836,22712883,22712883,,,,18.914999961853027,,,,,,0.09999990463256836,,,,"{""sdkModuleFetchImport"":""measured in cold phase; warm phase reuses the loaded module"",""pyodideInitialization"":""not_applicable_native_javascript_path"",""webRInitialization"":""not_applicable_native_javascript_path"",""wrappedPackageImport"":""not_applicable_native_javascript_path"",""publicSpectrumCatalogFetch"":""not_measured_synthetic_inputs_are_in_memory"",""nativeFitting"":""measured where the scenario uses native NNLS"",""adapterFitting"":""not_applicable_native_javascript_path"",""qcEvidence"":""measured only for single_sample_fit_report"",""bootstrap"":""measured only for bootstrap_500"",""plotRendering"":""not_measured"",""reportSerialization"":""measured only for single_sample_fit_report"",""endToEndElapsed"":""measured"",""memory"":""observed JS heap sampled at stage boundaries where performance.memory is exposed; not OS process peak""}",120,9,,,
edge,150.0.4078.105,medium_cohort_120,14,cold,completed,1610.7350001335144,1584.1050000190735,1580.960000038147,1584.1050000190735,,26.52500009536743,0.10500001907348633,22677043,22677043,1580.960000038147,,,26.380000114440918,,,,,,0.10500001907348633,,,,"{""sdkModuleFetchImport"":""measured in cold phase; warm phase reuses the loaded module"",""pyodideInitialization"":""not_applicable_native_javascript_path"",""webRInitialization"":""not_applicable_native_javascript_path"",""wrappedPackageImport"":""not_applicable_native_javascript_path"",""publicSpectrumCatalogFetch"":""not_measured_synthetic_inputs_are_in_memory"",""nativeFitting"":""measured where the scenario uses native NNLS"",""adapterFitting"":""not_applicable_native_javascript_path"",""qcEvidence"":""measured only for single_sample_fit_report"",""bootstrap"":""measured only for bootstrap_500"",""plotRendering"":""not_measured"",""reportSerialization"":""measured only for single_sample_fit_report"",""endToEndElapsed"":""measured"",""memory"":""observed JS heap sampled at stage boundaries where performance.memory is exposed; not OS process peak""}",120,9,,,
edge,150.0.4078.105,medium_cohort_120,14,warm,completed,18.375,,0,0,,18.269999980926514,0.10500001907348633,22677043,22677043,,,,18.209999799728394,,,,,,0.10500001907348633,,,,"{""sdkModuleFetchImport"":""measured in cold phase; warm phase reuses the loaded module"",""pyodideInitialization"":""not_applicable_native_javascript_path"",""webRInitialization"":""not_applicable_native_javascript_path"",""wrappedPackageImport"":""not_applicable_native_javascript_path"",""publicSpectrumCatalogFetch"":""not_measured_synthetic_inputs_are_in_memory"",""nativeFitting"":""measured where the scenario uses native NNLS"",""adapterFitting"":""not_applicable_native_javascript_path"",""qcEvidence"":""measured only for single_sample_fit_report"",""bootstrap"":""measured only for bootstrap_500"",""plotRendering"":""not_measured"",""reportSerialization"":""measured only for single_sample_fit_report"",""endToEndElapsed"":""measured"",""memory"":""observed JS heap sampled at stage boundaries where performance.memory is exposed; not OS process peak""}",120,9,,,
edge,150.0.4078.105,medium_cohort_120,15,cold,completed,1456.6449999809265,1431,1428.6050000190735,1431,,25.555000066757202,0.08999991416931152,22686623,22686623,1428.6050000190735,,,25.430000066757202,,,,,,0.08999991416931152,,,,"{""sdkModuleFetchImport"":""measured in cold phase; warm phase reuses the loaded module"",""pyodideInitialization"":""not_applicable_native_javascript_path"",""webRInitialization"":""not_applicable_native_javascript_path"",""wrappedPackageImport"":""not_applicable_native_javascript_path"",""publicSpectrumCatalogFetch"":""not_measured_synthetic_inputs_are_in_memory"",""nativeFitting"":""measured where the scenario uses native NNLS"",""adapterFitting"":""not_applicable_native_javascript_path"",""qcEvidence"":""measured only for single_sample_fit_report"",""bootstrap"":""measured only for bootstrap_500"",""plotRendering"":""not_measured"",""reportSerialization"":""measured only for single_sample_fit_report"",""endToEndElapsed"":""measured"",""memory"":""observed JS heap sampled at stage boundaries where performance.memory is exposed; not OS process peak""}",120,9,,,
edge,150.0.4078.105,medium_cohort_120,15,warm,completed,18.515000104904175,,0,0,,18.430000066757202,0.08500003814697266,22686623,22686623,,,,18.375,,,,,,0.08500003814697266,,,,"{""sdkModuleFetchImport"":""measured in cold phase; warm phase reuses the loaded module"",""pyodideInitialization"":""not_applicable_native_javascript_path"",""webRInitialization"":""not_applicable_native_javascript_path"",""wrappedPackageImport"":""not_applicable_native_javascript_path"",""publicSpectrumCatalogFetch"":""not_measured_synthetic_inputs_are_in_memory"",""nativeFitting"":""measured where the scenario uses native NNLS"",""adapterFitting"":""not_applicable_native_javascript_path"",""qcEvidence"":""measured only for single_sample_fit_report"",""bootstrap"":""measured only for bootstrap_500"",""plotRendering"":""not_measured"",""reportSerialization"":""measured only for single_sample_fit_report"",""endToEndElapsed"":""measured"",""memory"":""observed JS heap sampled at stage boundaries where performance.memory is exposed; not OS process peak""}",120,9,,,
edge,150.0.4078.105,medium_cohort_120,16,cold,completed,1563.6349999904633,1537.4199998378754,1534.5149998664856,1537.414999961853,,26.070000171661377,0.14499998092651367,22676111,22676111,1534.5149998664856,,,25.920000076293945,,,,,,0.14499998092651367,,,,"{""sdkModuleFetchImport"":""measured in cold phase; warm phase reuses the loaded module"",""pyodideInitialization"":""not_applicable_native_javascript_path"",""webRInitialization"":""not_applicable_native_javascript_path"",""wrappedPackageImport"":""not_applicable_native_javascript_path"",""publicSpectrumCatalogFetch"":""not_measured_synthetic_inputs_are_in_memory"",""nativeFitting"":""measured where the scenario uses native NNLS"",""adapterFitting"":""not_applicable_native_javascript_path"",""qcEvidence"":""measured only for single_sample_fit_report"",""bootstrap"":""measured only for bootstrap_500"",""plotRendering"":""not_measured"",""reportSerialization"":""measured only for single_sample_fit_report"",""endToEndElapsed"":""measured"",""memory"":""observed JS heap sampled at stage boundaries where performance.memory is exposed; not OS process peak""}",120,9,,,
edge,150.0.4078.105,medium_cohort_120,16,warm,completed,19.255000114440918,,0,0,,19.15500020980835,0.09999990463256836,22676111,22676111,,,,19.09999990463257,,,,,,0.09999990463256836,,,,"{""sdkModuleFetchImport"":""measured in cold phase; warm phase reuses the loaded module"",""pyodideInitialization"":""not_applicable_native_javascript_path"",""webRInitialization"":""not_applicable_native_javascript_path"",""wrappedPackageImport"":""not_applicable_native_javascript_path"",""publicSpectrumCatalogFetch"":""not_measured_synthetic_inputs_are_in_memory"",""nativeFitting"":""measured where the scenario uses native NNLS"",""adapterFitting"":""not_applicable_native_javascript_path"",""qcEvidence"":""measured only for single_sample_fit_report"",""bootstrap"":""measured only for bootstrap_500"",""plotRendering"":""not_measured"",""reportSerialization"":""measured only for single_sample_fit_report"",""endToEndElapsed"":""measured"",""memory"":""observed JS heap sampled at stage boundaries where performance.memory is exposed; not OS process peak""}",120,9,,,
edge,150.0.4078.105,medium_cohort_120,17,cold,completed,1548.2450001239777,1523.039999961853,1520.414999961853,1523.0350000858307,,25.110000133514404,0.09500002861022949,22705895,22705895,1520.414999961853,,,25,,,,,,0.09500002861022949,,,,"{""sdkModuleFetchImport"":""measured in cold phase; warm phase reuses the loaded module"",""pyodideInitialization"":""not_applicable_native_javascript_path"",""webRInitialization"":""not_applicable_native_javascript_path"",""wrappedPackageImport"":""not_applicable_native_javascript_path"",""publicSpectrumCatalogFetch"":""not_measured_synthetic_inputs_are_in_memory"",""nativeFitting"":""measured where the scenario uses native NNLS"",""adapterFitting"":""not_applicable_native_javascript_path"",""qcEvidence"":""measured only for single_sample_fit_report"",""bootstrap"":""measured only for bootstrap_500"",""plotRendering"":""not_measured"",""reportSerialization"":""measured only for single_sample_fit_report"",""endToEndElapsed"":""measured"",""memory"":""observed JS heap sampled at stage boundaries where performance.memory is exposed; not OS process peak""}",120,9,,,
edge,150.0.4078.105,medium_cohort_120,17,warm,completed,18.085000038146973,,0,0,,18.00499987602234,0.08000016212463379,22705895,22705895,,,,17.97000002861023,,,,,,0.08000016212463379,,,,"{""sdkModuleFetchImport"":""measured in cold phase; warm phase reuses the loaded module"",""pyodideInitialization"":""not_applicable_native_javascript_path"",""webRInitialization"":""not_applicable_native_javascript_path"",""wrappedPackageImport"":""not_applicable_native_javascript_path"",""publicSpectrumCatalogFetch"":""not_measured_synthetic_inputs_are_in_memory"",""nativeFitting"":""measured where the scenario uses native NNLS"",""adapterFitting"":""not_applicable_native_javascript_path"",""qcEvidence"":""measured only for single_sample_fit_report"",""bootstrap"":""measured only for bootstrap_500"",""plotRendering"":""not_measured"",""reportSerialization"":""measured only for single_sample_fit_report"",""endToEndElapsed"":""measured"",""memory"":""observed JS heap sampled at stage boundaries where performance.memory is exposed; not OS process peak""}",120,9,,,
edge,150.0.4078.105,medium_cohort_120,18,cold,completed,1463.0750002861023,1438.715000152588,1435.6549999713898,1438.710000038147,,24.270000219345093,0.08999991416931152,22680167,22680167,1435.6549999713898,,,24.16000008583069,,,,,,0.08999991416931152,,,,"{""sdkModuleFetchImport"":""measured in cold phase; warm phase reuses the loaded module"",""pyodideInitialization"":""not_applicable_native_javascript_path"",""webRInitialization"":""not_applicable_native_javascript_path"",""wrappedPackageImport"":""not_applicable_native_javascript_path"",""publicSpectrumCatalogFetch"":""not_measured_synthetic_inputs_are_in_memory"",""nativeFitting"":""measured where the scenario uses native NNLS"",""adapterFitting"":""not_applicable_native_javascript_path"",""qcEvidence"":""measured only for single_sample_fit_report"",""bootstrap"":""measured only for bootstrap_500"",""plotRendering"":""not_measured"",""reportSerialization"":""measured only for single_sample_fit_report"",""endToEndElapsed"":""measured"",""memory"":""observed JS heap sampled at stage boundaries where performance.memory is exposed; not OS process peak""}",120,9,,,
edge,150.0.4078.105,medium_cohort_120,18,warm,completed,18.24500012397766,,0,0,,18.165000200271606,0.07999992370605469,22680167,22680167,,,,18.114999771118164,,,,,,0.07999992370605469,,,,"{""sdkModuleFetchImport"":""measured in cold phase; warm phase reuses the loaded module"",""pyodideInitialization"":""not_applicable_native_javascript_path"",""webRInitialization"":""not_applicable_native_javascript_path"",""wrappedPackageImport"":""not_applicable_native_javascript_path"",""publicSpectrumCatalogFetch"":""not_measured_synthetic_inputs_are_in_memory"",""nativeFitting"":""measured where the scenario uses native NNLS"",""adapterFitting"":""not_applicable_native_javascript_path"",""qcEvidence"":""measured only for single_sample_fit_report"",""bootstrap"":""measured only for bootstrap_500"",""plotRendering"":""not_measured"",""reportSerialization"":""measured only for single_sample_fit_report"",""endToEndElapsed"":""measured"",""memory"":""observed JS heap sampled at stage boundaries where performance.memory is exposed; not OS process peak""}",120,9,,,
edge,150.0.4078.105,medium_cohort_120,19,cold,completed,1647.0199999809265,1621.494999885559,1618.5599999427795,1621.494999885559,,25.44000005722046,0.08500003814697266,22691159,22691159,1618.5599999427795,,,25.34000015258789,,,,,,0.08500003814697266,,,,"{""sdkModuleFetchImport"":""measured in cold phase; warm phase reuses the loaded module"",""pyodideInitialization"":""not_applicable_native_javascript_path"",""webRInitialization"":""not_applicable_native_javascript_path"",""wrappedPackageImport"":""not_applicable_native_javascript_path"",""publicSpectrumCatalogFetch"":""not_measured_synthetic_inputs_are_in_memory"",""nativeFitting"":""measured where the scenario uses native NNLS"",""adapterFitting"":""not_applicable_native_javascript_path"",""qcEvidence"":""measured only for single_sample_fit_report"",""bootstrap"":""measured only for bootstrap_500"",""plotRendering"":""not_measured"",""reportSerialization"":""measured only for single_sample_fit_report"",""endToEndElapsed"":""measured"",""memory"":""observed JS heap sampled at stage boundaries where performance.memory is exposed; not OS process peak""}",120,9,,,
edge,150.0.4078.105,medium_cohort_120,19,warm,completed,18.180000066757202,,0,0,,18.110000133514404,0.06999993324279785,22691159,22691159,,,,18.070000171661377,,,,,,0.06999993324279785,,,,"{""sdkModuleFetchImport"":""measured in cold phase; warm phase reuses the loaded module"",""pyodideInitialization"":""not_applicable_native_javascript_path"",""webRInitialization"":""not_applicable_native_javascript_path"",""wrappedPackageImport"":""not_applicable_native_javascript_path"",""publicSpectrumCatalogFetch"":""not_measured_synthetic_inputs_are_in_memory"",""nativeFitting"":""measured where the scenario uses native NNLS"",""adapterFitting"":""not_applicable_native_javascript_path"",""qcEvidence"":""measured only for single_sample_fit_report"",""bootstrap"":""measured only for bootstrap_500"",""plotRendering"":""not_measured"",""reportSerialization"":""measured only for single_sample_fit_report"",""endToEndElapsed"":""measured"",""memory"":""observed JS heap sampled at stage boundaries where performance.memory is exposed; not OS process peak""}",120,9,,,
edge,150.0.4078.105,medium_cohort_120,20,cold,completed,1383.3150000572205,1355.3250000476837,1352.4100000858307,1355.3250000476837,,27.789999961853027,0.20000004768371582,22694703,22694703,1352.4100000858307,,,27.609999895095825,,,,,,0.20000004768371582,,,,"{""sdkModuleFetchImport"":""measured in cold phase; warm phase reuses the loaded module"",""pyodideInitialization"":""not_applicable_native_javascript_path"",""webRInitialization"":""not_applicable_native_javascript_path"",""wrappedPackageImport"":""not_applicable_native_javascript_path"",""publicSpectrumCatalogFetch"":""not_measured_synthetic_inputs_are_in_memory"",""nativeFitting"":""measured where the scenario uses native NNLS"",""adapterFitting"":""not_applicable_native_javascript_path"",""qcEvidence"":""measured only for single_sample_fit_report"",""bootstrap"":""measured only for bootstrap_500"",""plotRendering"":""not_measured"",""reportSerialization"":""measured only for single_sample_fit_report"",""endToEndElapsed"":""measured"",""memory"":""observed JS heap sampled at stage boundaries where performance.memory is exposed; not OS process peak""}",120,9,,,
edge,150.0.4078.105,medium_cohort_120,20,warm,completed,18.394999980926514,,0,0,,18.24500012397766,0.14999985694885254,22694703,22694703,,,,18.180000066757202,,,,,,0.14999985694885254,,,,"{""sdkModuleFetchImport"":""measured in cold phase; warm phase reuses the loaded module"",""pyodideInitialization"":""not_applicable_native_javascript_path"",""webRInitialization"":""not_applicable_native_javascript_path"",""wrappedPackageImport"":""not_applicable_native_javascript_path"",""publicSpectrumCatalogFetch"":""not_measured_synthetic_inputs_are_in_memory"",""nativeFitting"":""measured where the scenario uses native NNLS"",""adapterFitting"":""not_applicable_native_javascript_path"",""qcEvidence"":""measured only for single_sample_fit_report"",""bootstrap"":""measured only for bootstrap_500"",""plotRendering"":""not_measured"",""reportSerialization"":""measured only for single_sample_fit_report"",""endToEndElapsed"":""measured"",""memory"":""observed JS heap sampled at stage boundaries where performance.memory is exposed; not OS process peak""}",120,9,,,
edge,150.0.4078.105,portal_scale_300x40,1,cold,completed,3106.2099997997284,1414.2549998760223,1411.9500000476837,1414.2549998760223,,1691.3050000667572,0.6499998569488525,27308060,27308060,1411.9500000476837,,,1691.1299998760223,,,,,,0.6499998569488525,,,,"{""sdkModuleFetchImport"":""measured in cold phase; warm phase reuses the loaded module"",""pyodideInitialization"":""not_applicable_native_javascript_path"",""webRInitialization"":""not_applicable_native_javascript_path"",""wrappedPackageImport"":""not_applicable_native_javascript_path"",""publicSpectrumCatalogFetch"":""not_measured_synthetic_inputs_are_in_memory"",""nativeFitting"":""measured where the scenario uses native NNLS"",""adapterFitting"":""not_applicable_native_javascript_path"",""qcEvidence"":""measured only for single_sample_fit_report"",""bootstrap"":""measured only for bootstrap_500"",""plotRendering"":""not_measured"",""reportSerialization"":""measured only for single_sample_fit_report"",""endToEndElapsed"":""measured"",""memory"":""observed JS heap sampled at stage boundaries where performance.memory is exposed; not OS process peak""}",300,40,,,
edge,150.0.4078.105,portal_scale_300x40,1,warm,completed,1662.6549999713898,,0,0,,1662.0149998664856,0.6400001049041748,32031324,32031324,,,,1661.8949999809265,,,,,,0.6400001049041748,,,,"{""sdkModuleFetchImport"":""measured in cold phase; warm phase reuses the loaded module"",""pyodideInitialization"":""not_applicable_native_javascript_path"",""webRInitialization"":""not_applicable_native_javascript_path"",""wrappedPackageImport"":""not_applicable_native_javascript_path"",""publicSpectrumCatalogFetch"":""not_measured_synthetic_inputs_are_in_memory"",""nativeFitting"":""measured where the scenario uses native NNLS"",""adapterFitting"":""not_applicable_native_javascript_path"",""qcEvidence"":""measured only for single_sample_fit_report"",""bootstrap"":""measured only for bootstrap_500"",""plotRendering"":""not_measured"",""reportSerialization"":""measured only for single_sample_fit_report"",""endToEndElapsed"":""measured"",""memory"":""observed JS heap sampled at stage boundaries where performance.memory is exposed; not OS process peak""}",300,40,,,
edge,150.0.4078.105,portal_scale_300x40,2,cold,completed,3116.274999856949,1388.9900000095367,1385.914999961853,1388.9849998950958,,1726.4800000190735,0.804999828338623,32836352,32836352,1385.914999961853,,,1726.284999847412,,,,,,0.804999828338623,,,,"{""sdkModuleFetchImport"":""measured in cold phase; warm phase reuses the loaded module"",""pyodideInitialization"":""not_applicable_native_javascript_path"",""webRInitialization"":""not_applicable_native_javascript_path"",""wrappedPackageImport"":""not_applicable_native_javascript_path"",""publicSpectrumCatalogFetch"":""not_measured_synthetic_inputs_are_in_memory"",""nativeFitting"":""measured where the scenario uses native NNLS"",""adapterFitting"":""not_applicable_native_javascript_path"",""qcEvidence"":""measured only for single_sample_fit_report"",""bootstrap"":""measured only for bootstrap_500"",""plotRendering"":""not_measured"",""reportSerialization"":""measured only for single_sample_fit_report"",""endToEndElapsed"":""measured"",""memory"":""observed JS heap sampled at stage boundaries where performance.memory is exposed; not OS process peak""}",300,40,,,
edge,150.0.4078.105,portal_scale_300x40,2,warm,completed,1648.3650000095367,,0,0,,1647.8499999046326,0.5150001049041748,32836352,32836352,,,,1647.7699999809265,,,,,,0.5150001049041748,,,,"{""sdkModuleFetchImport"":""measured in cold phase; warm phase reuses the loaded module"",""pyodideInitialization"":""not_applicable_native_javascript_path"",""webRInitialization"":""not_applicable_native_javascript_path"",""wrappedPackageImport"":""not_applicable_native_javascript_path"",""publicSpectrumCatalogFetch"":""not_measured_synthetic_inputs_are_in_memory"",""nativeFitting"":""measured where the scenario uses native NNLS"",""adapterFitting"":""not_applicable_native_javascript_path"",""qcEvidence"":""measured only for single_sample_fit_report"",""bootstrap"":""measured only for bootstrap_500"",""plotRendering"":""not_measured"",""reportSerialization"":""measured only for single_sample_fit_report"",""endToEndElapsed"":""measured"",""memory"":""observed JS heap sampled at stage boundaries where performance.memory is exposed; not OS process peak""}",300,40,,,
edge,150.0.4078.105,portal_scale_300x40,3,cold,completed,3002.835000038147,1411.5499999523163,1409.130000114441,1411.5499999523163,,1590.645000219345,0.6399998664855957,27990652,27990652,1409.130000114441,,,1590.5099999904633,,,,,,0.6399998664855957,,,,"{""sdkModuleFetchImport"":""measured in cold phase; warm phase reuses the loaded module"",""pyodideInitialization"":""not_applicable_native_javascript_path"",""webRInitialization"":""not_applicable_native_javascript_path"",""wrappedPackageImport"":""not_applicable_native_javascript_path"",""publicSpectrumCatalogFetch"":""not_measured_synthetic_inputs_are_in_memory"",""nativeFitting"":""measured where the scenario uses native NNLS"",""adapterFitting"":""not_applicable_native_javascript_path"",""qcEvidence"":""measured only for single_sample_fit_report"",""bootstrap"":""measured only for bootstrap_500"",""plotRendering"":""not_measured"",""reportSerialization"":""measured only for single_sample_fit_report"",""endToEndElapsed"":""measured"",""memory"":""observed JS heap sampled at stage boundaries where performance.memory is exposed; not OS process peak""}",300,40,,,
edge,150.0.4078.105,portal_scale_300x40,3,warm,completed,1600.079999923706,,0,0,,1599.5449998378754,0.5350000858306885,32540832,32540832,,,,1599.460000038147,,,,,,0.5350000858306885,,,,"{""sdkModuleFetchImport"":""measured in cold phase; warm phase reuses the loaded module"",""pyodideInitialization"":""not_applicable_native_javascript_path"",""webRInitialization"":""not_applicable_native_javascript_path"",""wrappedPackageImport"":""not_applicable_native_javascript_path"",""publicSpectrumCatalogFetch"":""not_measured_synthetic_inputs_are_in_memory"",""nativeFitting"":""measured where the scenario uses native NNLS"",""adapterFitting"":""not_applicable_native_javascript_path"",""qcEvidence"":""measured only for single_sample_fit_report"",""bootstrap"":""measured only for bootstrap_500"",""plotRendering"":""not_measured"",""reportSerialization"":""measured only for single_sample_fit_report"",""endToEndElapsed"":""measured"",""memory"":""observed JS heap sampled at stage boundaries where performance.memory is exposed; not OS process peak""}",300,40,,,
edge,150.0.4078.105,portal_scale_300x40,4,cold,completed,3114.045000076294,1448.579999923706,1446.0250000953674,1448.579999923706,,1664.7900002002716,0.6749999523162842,27974044,27974044,1446.0250000953674,,,1664.6549999713898,,,,,,0.6749999523162842,,,,"{""sdkModuleFetchImport"":""measured in cold phase; warm phase reuses the loaded module"",""pyodideInitialization"":""not_applicable_native_javascript_path"",""webRInitialization"":""not_applicable_native_javascript_path"",""wrappedPackageImport"":""not_applicable_native_javascript_path"",""publicSpectrumCatalogFetch"":""not_measured_synthetic_inputs_are_in_memory"",""nativeFitting"":""measured where the scenario uses native NNLS"",""adapterFitting"":""not_applicable_native_javascript_path"",""qcEvidence"":""measured only for single_sample_fit_report"",""bootstrap"":""measured only for bootstrap_500"",""plotRendering"":""not_measured"",""reportSerialization"":""measured only for single_sample_fit_report"",""endToEndElapsed"":""measured"",""memory"":""observed JS heap sampled at stage boundaries where performance.memory is exposed; not OS process peak""}",300,40,,,
edge,150.0.4078.105,portal_scale_300x40,4,warm,completed,1626.8900001049042,,0,0,,1626.3300001621246,0.559999942779541,32513792,32513792,,,,1626.244999885559,,,,,,0.559999942779541,,,,"{""sdkModuleFetchImport"":""measured in cold phase; warm phase reuses the loaded module"",""pyodideInitialization"":""not_applicable_native_javascript_path"",""webRInitialization"":""not_applicable_native_javascript_path"",""wrappedPackageImport"":""not_applicable_native_javascript_path"",""publicSpectrumCatalogFetch"":""not_measured_synthetic_inputs_are_in_memory"",""nativeFitting"":""measured where the scenario uses native NNLS"",""adapterFitting"":""not_applicable_native_javascript_path"",""qcEvidence"":""measured only for single_sample_fit_report"",""bootstrap"":""measured only for bootstrap_500"",""plotRendering"":""not_measured"",""reportSerialization"":""measured only for single_sample_fit_report"",""endToEndElapsed"":""measured"",""memory"":""observed JS heap sampled at stage boundaries where performance.memory is exposed; not OS process peak""}",300,40,,,
edge,150.0.4078.105,portal_scale_300x40,5,cold,completed,4606.0599999427795,2907.5299999713898,2904.829999923706,2907.5299999713898,,1697.9349999427795,0.5950000286102295,26788084,26788084,2904.829999923706,,,1697.7699999809265,,,,,,0.5950000286102295,,,,"{""sdkModuleFetchImport"":""measured in cold phase; warm phase reuses the loaded module"",""pyodideInitialization"":""not_applicable_native_javascript_path"",""webRInitialization"":""not_applicable_native_javascript_path"",""wrappedPackageImport"":""not_applicable_native_javascript_path"",""publicSpectrumCatalogFetch"":""not_measured_synthetic_inputs_are_in_memory"",""nativeFitting"":""measured where the scenario uses native NNLS"",""adapterFitting"":""not_applicable_native_javascript_path"",""qcEvidence"":""measured only for single_sample_fit_report"",""bootstrap"":""measured only for bootstrap_500"",""plotRendering"":""not_measured"",""reportSerialization"":""measured only for single_sample_fit_report"",""endToEndElapsed"":""measured"",""memory"":""observed JS heap sampled at stage boundaries where performance.memory is exposed; not OS process peak""}",300,40,,,
edge,150.0.4078.105,portal_scale_300x40,5,warm,completed,1607.6100001335144,,0,0,,1607.0750002861023,0.5349998474121094,31703940,31703940,,,,1606.9800000190735,,,,,,0.5349998474121094,,,,"{""sdkModuleFetchImport"":""measured in cold phase; warm phase reuses the loaded module"",""pyodideInitialization"":""not_applicable_native_javascript_path"",""webRInitialization"":""not_applicable_native_javascript_path"",""wrappedPackageImport"":""not_applicable_native_javascript_path"",""publicSpectrumCatalogFetch"":""not_measured_synthetic_inputs_are_in_memory"",""nativeFitting"":""measured where the scenario uses native NNLS"",""adapterFitting"":""not_applicable_native_javascript_path"",""qcEvidence"":""measured only for single_sample_fit_report"",""bootstrap"":""measured only for bootstrap_500"",""plotRendering"":""not_measured"",""reportSerialization"":""measured only for single_sample_fit_report"",""endToEndElapsed"":""measured"",""memory"":""observed JS heap sampled at stage boundaries where performance.memory is exposed; not OS process peak""}",300,40,,,
edge,150.0.4078.105,portal_scale_300x40,6,cold,completed,3119.8450000286102,1456.960000038147,1454.204999923706,1456.9500000476837,,1662.1600000858307,0.7249999046325684,31713524,31713524,1454.204999923706,,,1662.0249998569489,,,,,,0.7249999046325684,,,,"{""sdkModuleFetchImport"":""measured in cold phase; warm phase reuses the loaded module"",""pyodideInitialization"":""not_applicable_native_javascript_path"",""webRInitialization"":""not_applicable_native_javascript_path"",""wrappedPackageImport"":""not_applicable_native_javascript_path"",""publicSpectrumCatalogFetch"":""not_measured_synthetic_inputs_are_in_memory"",""nativeFitting"":""measured where the scenario uses native NNLS"",""adapterFitting"":""not_applicable_native_javascript_path"",""qcEvidence"":""measured only for single_sample_fit_report"",""bootstrap"":""measured only for bootstrap_500"",""plotRendering"":""not_measured"",""reportSerialization"":""measured only for single_sample_fit_report"",""endToEndElapsed"":""measured"",""memory"":""observed JS heap sampled at stage boundaries where performance.memory is exposed; not OS process peak""}",300,40,,,
edge,150.0.4078.105,portal_scale_300x40,6,warm,completed,1917.7599999904633,,0,0,,1917.2649998664856,0.49500012397766113,31713524,31713524,,,,1917.170000076294,,,,,,0.49500012397766113,,,,"{""sdkModuleFetchImport"":""measured in cold phase; warm phase reuses the loaded module"",""pyodideInitialization"":""not_applicable_native_javascript_path"",""webRInitialization"":""not_applicable_native_javascript_path"",""wrappedPackageImport"":""not_applicable_native_javascript_path"",""publicSpectrumCatalogFetch"":""not_measured_synthetic_inputs_are_in_memory"",""nativeFitting"":""measured where the scenario uses native NNLS"",""adapterFitting"":""not_applicable_native_javascript_path"",""qcEvidence"":""measured only for single_sample_fit_report"",""bootstrap"":""measured only for bootstrap_500"",""plotRendering"":""not_measured"",""reportSerialization"":""measured only for single_sample_fit_report"",""endToEndElapsed"":""measured"",""memory"":""observed JS heap sampled at stage boundaries where performance.memory is exposed; not OS process peak""}",300,40,,,
edge,150.0.4078.105,portal_scale_300x40,7,cold,completed,3143.0199999809265,1377.5,1374.835000038147,1377.494999885559,,1764.6799998283386,0.8400001525878906,27371392,27371392,1374.835000038147,,,1764.5149998664856,,,,,,0.8400001525878906,,,,"{""sdkModuleFetchImport"":""measured in cold phase; warm phase reuses the loaded module"",""pyodideInitialization"":""not_applicable_native_javascript_path"",""webRInitialization"":""not_applicable_native_javascript_path"",""wrappedPackageImport"":""not_applicable_native_javascript_path"",""publicSpectrumCatalogFetch"":""not_measured_synthetic_inputs_are_in_memory"",""nativeFitting"":""measured where the scenario uses native NNLS"",""adapterFitting"":""not_applicable_native_javascript_path"",""qcEvidence"":""measured only for single_sample_fit_report"",""bootstrap"":""measured only for bootstrap_500"",""plotRendering"":""not_measured"",""reportSerialization"":""measured only for single_sample_fit_report"",""endToEndElapsed"":""measured"",""memory"":""observed JS heap sampled at stage boundaries where performance.memory is exposed; not OS process peak""}",300,40,,,
edge,150.0.4078.105,portal_scale_300x40,7,warm,completed,2009.4500000476837,,0,0,,2008.920000076294,0.5299999713897705,32131756,32131756,,,,2008.8249998092651,,,,,,0.5299999713897705,,,,"{""sdkModuleFetchImport"":""measured in cold phase; warm phase reuses the loaded module"",""pyodideInitialization"":""not_applicable_native_javascript_path"",""webRInitialization"":""not_applicable_native_javascript_path"",""wrappedPackageImport"":""not_applicable_native_javascript_path"",""publicSpectrumCatalogFetch"":""not_measured_synthetic_inputs_are_in_memory"",""nativeFitting"":""measured where the scenario uses native NNLS"",""adapterFitting"":""not_applicable_native_javascript_path"",""qcEvidence"":""measured only for single_sample_fit_report"",""bootstrap"":""measured only for bootstrap_500"",""plotRendering"":""not_measured"",""reportSerialization"":""measured only for single_sample_fit_report"",""endToEndElapsed"":""measured"",""memory"":""observed JS heap sampled at stage boundaries where performance.memory is exposed; not OS process peak""}",300,40,,,
edge,150.0.4078.105,portal_scale_300x40,8,cold,completed,3427.5650000572205,1662.4300000667572,1660.3099999427795,1662.4249999523163,,1764.4349999427795,0.7000000476837158,33666320,33666320,1660.3099999427795,,,1764.289999961853,,,,,,0.7000000476837158,,,,"{""sdkModuleFetchImport"":""measured in cold phase; warm phase reuses the loaded module"",""pyodideInitialization"":""not_applicable_native_javascript_path"",""webRInitialization"":""not_applicable_native_javascript_path"",""wrappedPackageImport"":""not_applicable_native_javascript_path"",""publicSpectrumCatalogFetch"":""not_measured_synthetic_inputs_are_in_memory"",""nativeFitting"":""measured where the scenario uses native NNLS"",""adapterFitting"":""not_applicable_native_javascript_path"",""qcEvidence"":""measured only for single_sample_fit_report"",""bootstrap"":""measured only for bootstrap_500"",""plotRendering"":""not_measured"",""reportSerialization"":""measured only for single_sample_fit_report"",""endToEndElapsed"":""measured"",""memory"":""observed JS heap sampled at stage boundaries where performance.memory is exposed; not OS process peak""}",300,40,,,
edge,150.0.4078.105,portal_scale_300x40,8,warm,completed,1930.0999999046326,,0,0,,1929.585000038147,0.5149998664855957,33666320,33666320,,,,1929.4900000095367,,,,,,0.5149998664855957,,,,"{""sdkModuleFetchImport"":""measured in cold phase; warm phase reuses the loaded module"",""pyodideInitialization"":""not_applicable_native_javascript_path"",""webRInitialization"":""not_applicable_native_javascript_path"",""wrappedPackageImport"":""not_applicable_native_javascript_path"",""publicSpectrumCatalogFetch"":""not_measured_synthetic_inputs_are_in_memory"",""nativeFitting"":""measured where the scenario uses native NNLS"",""adapterFitting"":""not_applicable_native_javascript_path"",""qcEvidence"":""measured only for single_sample_fit_report"",""bootstrap"":""measured only for bootstrap_500"",""plotRendering"":""not_measured"",""reportSerialization"":""measured only for single_sample_fit_report"",""endToEndElapsed"":""measured"",""memory"":""observed JS heap sampled at stage boundaries where performance.memory is exposed; not OS process peak""}",300,40,,,
edge,150.0.4078.105,portal_scale_300x40,9,cold,completed,3139.8349997997284,1459.4749999046326,1457.3949999809265,1459.4699997901917,,1679.6299998760223,0.7300000190734863,26198936,26198936,1457.3949999809265,,,1679.4849998950958,,,,,,0.7300000190734863,,,,"{""sdkModuleFetchImport"":""measured in cold phase; warm phase reuses the loaded module"",""pyodideInitialization"":""not_applicable_native_javascript_path"",""webRInitialization"":""not_applicable_native_javascript_path"",""wrappedPackageImport"":""not_applicable_native_javascript_path"",""publicSpectrumCatalogFetch"":""not_measured_synthetic_inputs_are_in_memory"",""nativeFitting"":""measured where the scenario uses native NNLS"",""adapterFitting"":""not_applicable_native_javascript_path"",""qcEvidence"":""measured only for single_sample_fit_report"",""bootstrap"":""measured only for bootstrap_500"",""plotRendering"":""not_measured"",""reportSerialization"":""measured only for single_sample_fit_report"",""endToEndElapsed"":""measured"",""memory"":""observed JS heap sampled at stage boundaries where performance.memory is exposed; not OS process peak""}",300,40,,,
edge,150.0.4078.105,portal_scale_300x40,9,warm,completed,1864.8200001716614,,0,0,,1864.3000001907349,0.5199999809265137,31215312,31215312,,,,1864.210000038147,,,,,,0.5199999809265137,,,,"{""sdkModuleFetchImport"":""measured in cold phase; warm phase reuses the loaded module"",""pyodideInitialization"":""not_applicable_native_javascript_path"",""webRInitialization"":""not_applicable_native_javascript_path"",""wrappedPackageImport"":""not_applicable_native_javascript_path"",""publicSpectrumCatalogFetch"":""not_measured_synthetic_inputs_are_in_memory"",""nativeFitting"":""measured where the scenario uses native NNLS"",""adapterFitting"":""not_applicable_native_javascript_path"",""qcEvidence"":""measured only for single_sample_fit_report"",""bootstrap"":""measured only for bootstrap_500"",""plotRendering"":""not_measured"",""reportSerialization"":""measured only for single_sample_fit_report"",""endToEndElapsed"":""measured"",""memory"":""observed JS heap sampled at stage boundaries where performance.memory is exposed; not OS process peak""}",300,40,,,
edge,150.0.4078.105,portal_scale_300x40,10,cold,completed,2975.095000267029,1220.6200001239777,1218.1999998092651,1220.6200001239777,,1753.9300000667572,0.5450000762939453,26421929,26421929,1218.1999998092651,,,1753.789999961853,,,,,,0.5450000762939453,,,,"{""sdkModuleFetchImport"":""measured in cold phase; warm phase reuses the loaded module"",""pyodideInitialization"":""not_applicable_native_javascript_path"",""webRInitialization"":""not_applicable_native_javascript_path"",""wrappedPackageImport"":""not_applicable_native_javascript_path"",""publicSpectrumCatalogFetch"":""not_measured_synthetic_inputs_are_in_memory"",""nativeFitting"":""measured where the scenario uses native NNLS"",""adapterFitting"":""not_applicable_native_javascript_path"",""qcEvidence"":""measured only for single_sample_fit_report"",""bootstrap"":""measured only for bootstrap_500"",""plotRendering"":""not_measured"",""reportSerialization"":""measured only for single_sample_fit_report"",""endToEndElapsed"":""measured"",""memory"":""observed JS heap sampled at stage boundaries where performance.memory is exposed; not OS process peak""}",300,40,,,
edge,150.0.4078.105,portal_scale_300x40,10,warm,completed,1902.0699999332428,,0,0,,1901.534999847412,0.5350000858306885,31464645,31464645,,,,1901.4400000572205,,,,,,0.5350000858306885,,,,"{""sdkModuleFetchImport"":""measured in cold phase; warm phase reuses the loaded module"",""pyodideInitialization"":""not_applicable_native_javascript_path"",""webRInitialization"":""not_applicable_native_javascript_path"",""wrappedPackageImport"":""not_applicable_native_javascript_path"",""publicSpectrumCatalogFetch"":""not_measured_synthetic_inputs_are_in_memory"",""nativeFitting"":""measured where the scenario uses native NNLS"",""adapterFitting"":""not_applicable_native_javascript_path"",""qcEvidence"":""measured only for single_sample_fit_report"",""bootstrap"":""measured only for bootstrap_500"",""plotRendering"":""not_measured"",""reportSerialization"":""measured only for single_sample_fit_report"",""endToEndElapsed"":""measured"",""memory"":""observed JS heap sampled at stage boundaries where performance.memory is exposed; not OS process peak""}",300,40,,,
edge,150.0.4078.105,portal_scale_300x40,11,cold,completed,3001.1449999809265,1366.3949999809265,1364.4150002002716,1366.3900001049042,,1633.8999998569489,0.8500001430511475,32353677,32353677,1364.4150002002716,,,1633.75,,,,,,0.8500001430511475,,,,"{""sdkModuleFetchImport"":""measured in cold phase; warm phase reuses the loaded module"",""pyodideInitialization"":""not_applicable_native_javascript_path"",""webRInitialization"":""not_applicable_native_javascript_path"",""wrappedPackageImport"":""not_applicable_native_javascript_path"",""publicSpectrumCatalogFetch"":""not_measured_synthetic_inputs_are_in_memory"",""nativeFitting"":""measured where the scenario uses native NNLS"",""adapterFitting"":""not_applicable_native_javascript_path"",""qcEvidence"":""measured only for single_sample_fit_report"",""bootstrap"":""measured only for bootstrap_500"",""plotRendering"":""not_measured"",""reportSerialization"":""measured only for single_sample_fit_report"",""endToEndElapsed"":""measured"",""memory"":""observed JS heap sampled at stage boundaries where performance.memory is exposed; not OS process peak""}",300,40,,,
edge,150.0.4078.105,portal_scale_300x40,11,warm,completed,1808.8550000190735,,0,0,,1808.170000076294,0.684999942779541,32353677,32353677,,,,1808.0650000572205,,,,,,0.684999942779541,,,,"{""sdkModuleFetchImport"":""measured in cold phase; warm phase reuses the loaded module"",""pyodideInitialization"":""not_applicable_native_javascript_path"",""webRInitialization"":""not_applicable_native_javascript_path"",""wrappedPackageImport"":""not_applicable_native_javascript_path"",""publicSpectrumCatalogFetch"":""not_measured_synthetic_inputs_are_in_memory"",""nativeFitting"":""measured where the scenario uses native NNLS"",""adapterFitting"":""not_applicable_native_javascript_path"",""qcEvidence"":""measured only for single_sample_fit_report"",""bootstrap"":""measured only for bootstrap_500"",""plotRendering"":""not_measured"",""reportSerialization"":""measured only for single_sample_fit_report"",""endToEndElapsed"":""measured"",""memory"":""observed JS heap sampled at stage boundaries where performance.memory is exposed; not OS process peak""}",300,40,,,
edge,150.0.4078.105,portal_scale_300x40,12,cold,completed,3208.8949999809265,1465.7850000858307,1463.5999999046326,1465.7799999713898,,1742.4149997234344,0.695000171661377,33898537,33898537,1463.5999999046326,,,1742.2250001430511,,,,,,0.695000171661377,,,,"{""sdkModuleFetchImport"":""measured in cold phase; warm phase reuses the loaded module"",""pyodideInitialization"":""not_applicable_native_javascript_path"",""webRInitialization"":""not_applicable_native_javascript_path"",""wrappedPackageImport"":""not_applicable_native_javascript_path"",""publicSpectrumCatalogFetch"":""not_measured_synthetic_inputs_are_in_memory"",""nativeFitting"":""measured where the scenario uses native NNLS"",""adapterFitting"":""not_applicable_native_javascript_path"",""qcEvidence"":""measured only for single_sample_fit_report"",""bootstrap"":""measured only for bootstrap_500"",""plotRendering"":""not_measured"",""reportSerialization"":""measured only for single_sample_fit_report"",""endToEndElapsed"":""measured"",""memory"":""observed JS heap sampled at stage boundaries where performance.memory is exposed; not OS process peak""}",300,40,,,
edge,150.0.4078.105,portal_scale_300x40,12,warm,completed,1953.4249999523163,,0,0,,1952.869999885559,0.5550000667572021,33898537,33898537,,,,1952.7799999713898,,,,,,0.5550000667572021,,,,"{""sdkModuleFetchImport"":""measured in cold phase; warm phase reuses the loaded module"",""pyodideInitialization"":""not_applicable_native_javascript_path"",""webRInitialization"":""not_applicable_native_javascript_path"",""wrappedPackageImport"":""not_applicable_native_javascript_path"",""publicSpectrumCatalogFetch"":""not_measured_synthetic_inputs_are_in_memory"",""nativeFitting"":""measured where the scenario uses native NNLS"",""adapterFitting"":""not_applicable_native_javascript_path"",""qcEvidence"":""measured only for single_sample_fit_report"",""bootstrap"":""measured only for bootstrap_500"",""plotRendering"":""not_measured"",""reportSerialization"":""measured only for single_sample_fit_report"",""endToEndElapsed"":""measured"",""memory"":""observed JS heap sampled at stage boundaries where performance.memory is exposed; not OS process peak""}",300,40,,,
edge,150.0.4078.105,portal_scale_300x40,13,cold,completed,3260.2249999046326,1509.3450000286102,1506.954999923706,1509.3450000286102,,1750.2949998378754,0.5850000381469727,26431521,26431521,1506.954999923706,,,1750.1349999904633,,,,,,0.5850000381469727,,,,"{""sdkModuleFetchImport"":""measured in cold phase; warm phase reuses the loaded module"",""pyodideInitialization"":""not_applicable_native_javascript_path"",""webRInitialization"":""not_applicable_native_javascript_path"",""wrappedPackageImport"":""not_applicable_native_javascript_path"",""publicSpectrumCatalogFetch"":""not_measured_synthetic_inputs_are_in_memory"",""nativeFitting"":""measured where the scenario uses native NNLS"",""adapterFitting"":""not_applicable_native_javascript_path"",""qcEvidence"":""measured only for single_sample_fit_report"",""bootstrap"":""measured only for bootstrap_500"",""plotRendering"":""not_measured"",""reportSerialization"":""measured only for single_sample_fit_report"",""endToEndElapsed"":""measured"",""memory"":""observed JS heap sampled at stage boundaries where performance.memory is exposed; not OS process peak""}",300,40,,,
edge,150.0.4078.105,portal_scale_300x40,13,warm,completed,1782.045000076294,,0,0,,1781.5299999713898,0.5150001049041748,31463989,31463989,,,,1781.4300000667572,,,,,,0.5150001049041748,,,,"{""sdkModuleFetchImport"":""measured in cold phase; warm phase reuses the loaded module"",""pyodideInitialization"":""not_applicable_native_javascript_path"",""webRInitialization"":""not_applicable_native_javascript_path"",""wrappedPackageImport"":""not_applicable_native_javascript_path"",""publicSpectrumCatalogFetch"":""not_measured_synthetic_inputs_are_in_memory"",""nativeFitting"":""measured where the scenario uses native NNLS"",""adapterFitting"":""not_applicable_native_javascript_path"",""qcEvidence"":""measured only for single_sample_fit_report"",""bootstrap"":""measured only for bootstrap_500"",""plotRendering"":""not_measured"",""reportSerialization"":""measured only for single_sample_fit_report"",""endToEndElapsed"":""measured"",""memory"":""observed JS heap sampled at stage boundaries where performance.memory is exposed; not OS process peak""}",300,40,,,
edge,150.0.4078.105,portal_scale_300x40,14,cold,completed,3012.474999666214,1328.2749998569489,1326.079999923706,1328.2749998569489,,1683.4849996566772,0.7150001525878906,32959885,32959885,1326.079999923706,,,1683.335000038147,,,,,,0.7150001525878906,,,,"{""sdkModuleFetchImport"":""measured in cold phase; warm phase reuses the loaded module"",""pyodideInitialization"":""not_applicable_native_javascript_path"",""webRInitialization"":""not_applicable_native_javascript_path"",""wrappedPackageImport"":""not_applicable_native_javascript_path"",""publicSpectrumCatalogFetch"":""not_measured_synthetic_inputs_are_in_memory"",""nativeFitting"":""measured where the scenario uses native NNLS"",""adapterFitting"":""not_applicable_native_javascript_path"",""qcEvidence"":""measured only for single_sample_fit_report"",""bootstrap"":""measured only for bootstrap_500"",""plotRendering"":""not_measured"",""reportSerialization"":""measured only for single_sample_fit_report"",""endToEndElapsed"":""measured"",""memory"":""observed JS heap sampled at stage boundaries where performance.memory is exposed; not OS process peak""}",300,40,,,
edge,150.0.4078.105,portal_scale_300x40,14,warm,completed,1779.2799999713898,,0,0,,1778.755000114441,0.5249998569488525,32959885,32959885,,,,1778.664999961853,,,,,,0.5249998569488525,,,,"{""sdkModuleFetchImport"":""measured in cold phase; warm phase reuses the loaded module"",""pyodideInitialization"":""not_applicable_native_javascript_path"",""webRInitialization"":""not_applicable_native_javascript_path"",""wrappedPackageImport"":""not_applicable_native_javascript_path"",""publicSpectrumCatalogFetch"":""not_measured_synthetic_inputs_are_in_memory"",""nativeFitting"":""measured where the scenario uses native NNLS"",""adapterFitting"":""not_applicable_native_javascript_path"",""qcEvidence"":""measured only for single_sample_fit_report"",""bootstrap"":""measured only for bootstrap_500"",""plotRendering"":""not_measured"",""reportSerialization"":""measured only for single_sample_fit_report"",""endToEndElapsed"":""measured"",""memory"":""observed JS heap sampled at stage boundaries where performance.memory is exposed; not OS process peak""}",300,40,,,
edge,150.0.4078.105,portal_scale_300x40,15,cold,completed,3014.2400000095367,1352.6949999332428,1350.4900000095367,1352.6899998188019,,1660.8050000667572,0.7400000095367432,27043797,27043797,1350.4900000095367,,,1660.6500000953674,,,,,,0.7400000095367432,,,,"{""sdkModuleFetchImport"":""measured in cold phase; warm phase reuses the loaded module"",""pyodideInitialization"":""not_applicable_native_javascript_path"",""webRInitialization"":""not_applicable_native_javascript_path"",""wrappedPackageImport"":""not_applicable_native_javascript_path"",""publicSpectrumCatalogFetch"":""not_measured_synthetic_inputs_are_in_memory"",""nativeFitting"":""measured where the scenario uses native NNLS"",""adapterFitting"":""not_applicable_native_javascript_path"",""qcEvidence"":""measured only for single_sample_fit_report"",""bootstrap"":""measured only for bootstrap_500"",""plotRendering"":""not_measured"",""reportSerialization"":""measured only for single_sample_fit_report"",""endToEndElapsed"":""measured"",""memory"":""observed JS heap sampled at stage boundaries where performance.memory is exposed; not OS process peak""}",300,40,,,
edge,150.0.4078.105,portal_scale_300x40,15,warm,completed,1833.4349999427795,,0,0,,1832.8700001239777,0.5649998188018799,31858917,31858917,,,,1832.7650001049042,,,,,,0.5649998188018799,,,,"{""sdkModuleFetchImport"":""measured in cold phase; warm phase reuses the loaded module"",""pyodideInitialization"":""not_applicable_native_javascript_path"",""webRInitialization"":""not_applicable_native_javascript_path"",""wrappedPackageImport"":""not_applicable_native_javascript_path"",""publicSpectrumCatalogFetch"":""not_measured_synthetic_inputs_are_in_memory"",""nativeFitting"":""measured where the scenario uses native NNLS"",""adapterFitting"":""not_applicable_native_javascript_path"",""qcEvidence"":""measured only for single_sample_fit_report"",""bootstrap"":""measured only for bootstrap_500"",""plotRendering"":""not_measured"",""reportSerialization"":""measured only for single_sample_fit_report"",""endToEndElapsed"":""measured"",""memory"":""observed JS heap sampled at stage boundaries where performance.memory is exposed; not OS process peak""}",300,40,,,
edge,150.0.4078.105,portal_scale_300x40,16,cold,completed,2981.430000066757,1339.8150000572205,1337.534999847412,1339.8099999427795,,1640.914999961853,0.7000000476837158,31648085,31648085,1337.534999847412,,,1640.7699999809265,,,,,,0.7000000476837158,,,,"{""sdkModuleFetchImport"":""measured in cold phase; warm phase reuses the loaded module"",""pyodideInitialization"":""not_applicable_native_javascript_path"",""webRInitialization"":""not_applicable_native_javascript_path"",""wrappedPackageImport"":""not_applicable_native_javascript_path"",""publicSpectrumCatalogFetch"":""not_measured_synthetic_inputs_are_in_memory"",""nativeFitting"":""measured where the scenario uses native NNLS"",""adapterFitting"":""not_applicable_native_javascript_path"",""qcEvidence"":""measured only for single_sample_fit_report"",""bootstrap"":""measured only for bootstrap_500"",""plotRendering"":""not_measured"",""reportSerialization"":""measured only for single_sample_fit_report"",""endToEndElapsed"":""measured"",""memory"":""observed JS heap sampled at stage boundaries where performance.memory is exposed; not OS process peak""}",300,40,,,
edge,150.0.4078.105,portal_scale_300x40,16,warm,completed,1936.2699999809265,,0,0,,1935.8149998188019,0.4550001621246338,31648085,31648085,,,,1935.7200000286102,,,,,,0.4550001621246338,,,,"{""sdkModuleFetchImport"":""measured in cold phase; warm phase reuses the loaded module"",""pyodideInitialization"":""not_applicable_native_javascript_path"",""webRInitialization"":""not_applicable_native_javascript_path"",""wrappedPackageImport"":""not_applicable_native_javascript_path"",""publicSpectrumCatalogFetch"":""not_measured_synthetic_inputs_are_in_memory"",""nativeFitting"":""measured where the scenario uses native NNLS"",""adapterFitting"":""not_applicable_native_javascript_path"",""qcEvidence"":""measured only for single_sample_fit_report"",""bootstrap"":""measured only for bootstrap_500"",""plotRendering"":""not_measured"",""reportSerialization"":""measured only for single_sample_fit_report"",""endToEndElapsed"":""measured"",""memory"":""observed JS heap sampled at stage boundaries where performance.memory is exposed; not OS process peak""}",300,40,,,
edge,150.0.4078.105,portal_scale_300x40,17,cold,completed,3049.7799999713898,1417.6150000095367,1415.6099998950958,1417.6099998950958,,1631.4449999332428,0.7200000286102295,31569501,31569501,1415.6099998950958,,,1631.3100001811981,,,,,,0.7200000286102295,,,,"{""sdkModuleFetchImport"":""measured in cold phase; warm phase reuses the loaded module"",""pyodideInitialization"":""not_applicable_native_javascript_path"",""webRInitialization"":""not_applicable_native_javascript_path"",""wrappedPackageImport"":""not_applicable_native_javascript_path"",""publicSpectrumCatalogFetch"":""not_measured_synthetic_inputs_are_in_memory"",""nativeFitting"":""measured where the scenario uses native NNLS"",""adapterFitting"":""not_applicable_native_javascript_path"",""qcEvidence"":""measured only for single_sample_fit_report"",""bootstrap"":""measured only for bootstrap_500"",""plotRendering"":""not_measured"",""reportSerialization"":""measured only for single_sample_fit_report"",""endToEndElapsed"":""measured"",""memory"":""observed JS heap sampled at stage boundaries where performance.memory is exposed; not OS process peak""}",300,40,,,
edge,150.0.4078.105,portal_scale_300x40,17,warm,completed,1772.9199998378754,,0,0,,1772.354999780655,0.565000057220459,31569501,31569501,,,,1772.2649998664856,,,,,,0.565000057220459,,,,"{""sdkModuleFetchImport"":""measured in cold phase; warm phase reuses the loaded module"",""pyodideInitialization"":""not_applicable_native_javascript_path"",""webRInitialization"":""not_applicable_native_javascript_path"",""wrappedPackageImport"":""not_applicable_native_javascript_path"",""publicSpectrumCatalogFetch"":""not_measured_synthetic_inputs_are_in_memory"",""nativeFitting"":""measured where the scenario uses native NNLS"",""adapterFitting"":""not_applicable_native_javascript_path"",""qcEvidence"":""measured only for single_sample_fit_report"",""bootstrap"":""measured only for bootstrap_500"",""plotRendering"":""not_measured"",""reportSerialization"":""measured only for single_sample_fit_report"",""endToEndElapsed"":""measured"",""memory"":""observed JS heap sampled at stage boundaries where performance.memory is exposed; not OS process peak""}",300,40,,,
edge,150.0.4078.105,portal_scale_300x40,18,cold,completed,2969.479999780655,1292.2349998950958,1289.835000038147,1292.2349998950958,,1676.4699997901917,0.7750000953674316,33400325,33400325,1289.835000038147,,,1676.3150000572205,,,,,,0.7750000953674316,,,,"{""sdkModuleFetchImport"":""measured in cold phase; warm phase reuses the loaded module"",""pyodideInitialization"":""not_applicable_native_javascript_path"",""webRInitialization"":""not_applicable_native_javascript_path"",""wrappedPackageImport"":""not_applicable_native_javascript_path"",""publicSpectrumCatalogFetch"":""not_measured_synthetic_inputs_are_in_memory"",""nativeFitting"":""measured where the scenario uses native NNLS"",""adapterFitting"":""not_applicable_native_javascript_path"",""qcEvidence"":""measured only for single_sample_fit_report"",""bootstrap"":""measured only for bootstrap_500"",""plotRendering"":""not_measured"",""reportSerialization"":""measured only for single_sample_fit_report"",""endToEndElapsed"":""measured"",""memory"":""observed JS heap sampled at stage boundaries where performance.memory is exposed; not OS process peak""}",300,40,,,
edge,150.0.4078.105,portal_scale_300x40,18,warm,completed,1895.3600001335144,,0,0,,1894.8600001335144,0.5,33400325,33400325,,,,1894.7649998664856,,,,,,0.5,,,,"{""sdkModuleFetchImport"":""measured in cold phase; warm phase reuses the loaded module"",""pyodideInitialization"":""not_applicable_native_javascript_path"",""webRInitialization"":""not_applicable_native_javascript_path"",""wrappedPackageImport"":""not_applicable_native_javascript_path"",""publicSpectrumCatalogFetch"":""not_measured_synthetic_inputs_are_in_memory"",""nativeFitting"":""measured where the scenario uses native NNLS"",""adapterFitting"":""not_applicable_native_javascript_path"",""qcEvidence"":""measured only for single_sample_fit_report"",""bootstrap"":""measured only for bootstrap_500"",""plotRendering"":""not_measured"",""reportSerialization"":""measured only for single_sample_fit_report"",""endToEndElapsed"":""measured"",""memory"":""observed JS heap sampled at stage boundaries where performance.memory is exposed; not OS process peak""}",300,40,,,
edge,150.0.4078.105,portal_scale_300x40,19,cold,completed,3046.994999885559,1377.2549998760223,1374.9249999523163,1377.2549998760223,,1669.1799998283386,0.5600001811981201,26535101,26535101,1374.9249999523163,,,1669.0250000953674,,,,,,0.5600001811981201,,,,"{""sdkModuleFetchImport"":""measured in cold phase; warm phase reuses the loaded module"",""pyodideInitialization"":""not_applicable_native_javascript_path"",""webRInitialization"":""not_applicable_native_javascript_path"",""wrappedPackageImport"":""not_applicable_native_javascript_path"",""publicSpectrumCatalogFetch"":""not_measured_synthetic_inputs_are_in_memory"",""nativeFitting"":""measured where the scenario uses native NNLS"",""adapterFitting"":""not_applicable_native_javascript_path"",""qcEvidence"":""measured only for single_sample_fit_report"",""bootstrap"":""measured only for bootstrap_500"",""plotRendering"":""not_measured"",""reportSerialization"":""measured only for single_sample_fit_report"",""endToEndElapsed"":""measured"",""memory"":""observed JS heap sampled at stage boundaries where performance.memory is exposed; not OS process peak""}",300,40,,,
edge,150.0.4078.105,portal_scale_300x40,19,warm,completed,1795.3249998092651,,0,0,,1794.7749998569489,0.5499999523162842,31463625,31463625,,,,1794.6849999427795,,,,,,0.5499999523162842,,,,"{""sdkModuleFetchImport"":""measured in cold phase; warm phase reuses the loaded module"",""pyodideInitialization"":""not_applicable_native_javascript_path"",""webRInitialization"":""not_applicable_native_javascript_path"",""wrappedPackageImport"":""not_applicable_native_javascript_path"",""publicSpectrumCatalogFetch"":""not_measured_synthetic_inputs_are_in_memory"",""nativeFitting"":""measured where the scenario uses native NNLS"",""adapterFitting"":""not_applicable_native_javascript_path"",""qcEvidence"":""measured only for single_sample_fit_report"",""bootstrap"":""measured only for bootstrap_500"",""plotRendering"":""not_measured"",""reportSerialization"":""measured only for single_sample_fit_report"",""endToEndElapsed"":""measured"",""memory"":""observed JS heap sampled at stage boundaries where performance.memory is exposed; not OS process peak""}",300,40,,,
edge,150.0.4078.105,portal_scale_300x40,20,cold,completed,2940.0199999809265,1251.0999999046326,1248.625,1251.0999999046326,,1688.125,0.7950000762939453,32554717,32554717,1248.625,,,1687.9700000286102,,,,,,0.7950000762939453,,,,"{""sdkModuleFetchImport"":""measured in cold phase; warm phase reuses the loaded module"",""pyodideInitialization"":""not_applicable_native_javascript_path"",""webRInitialization"":""not_applicable_native_javascript_path"",""wrappedPackageImport"":""not_applicable_native_javascript_path"",""publicSpectrumCatalogFetch"":""not_measured_synthetic_inputs_are_in_memory"",""nativeFitting"":""measured where the scenario uses native NNLS"",""adapterFitting"":""not_applicable_native_javascript_path"",""qcEvidence"":""measured only for single_sample_fit_report"",""bootstrap"":""measured only for bootstrap_500"",""plotRendering"":""not_measured"",""reportSerialization"":""measured only for single_sample_fit_report"",""endToEndElapsed"":""measured"",""memory"":""observed JS heap sampled at stage boundaries where performance.memory is exposed; not OS process peak""}",300,40,,,
edge,150.0.4078.105,portal_scale_300x40,20,warm,completed,1756.0299999713898,,0,0,,1755.5149998664856,0.5150001049041748,32554717,32554717,,,,1755.4249999523163,,,,,,0.5150001049041748,,,,"{""sdkModuleFetchImport"":""measured in cold phase; warm phase reuses the loaded module"",""pyodideInitialization"":""not_applicable_native_javascript_path"",""webRInitialization"":""not_applicable_native_javascript_path"",""wrappedPackageImport"":""not_applicable_native_javascript_path"",""publicSpectrumCatalogFetch"":""not_measured_synthetic_inputs_are_in_memory"",""nativeFitting"":""measured where the scenario uses native NNLS"",""adapterFitting"":""not_applicable_native_javascript_path"",""qcEvidence"":""measured only for single_sample_fit_report"",""bootstrap"":""measured only for bootstrap_500"",""plotRendering"":""not_measured"",""reportSerialization"":""measured only for single_sample_fit_report"",""endToEndElapsed"":""measured"",""memory"":""observed JS heap sampled at stage boundaries where performance.memory is exposed; not OS process peak""}",300,40,,,
edge,150.0.4078.105,bootstrap_500,1,cold,completed,1615.1349999904633,1354.670000076294,1352.3900001049042,1354.670000076294,,260.0849997997284,0.38000011444091797,20882530,20882530,1352.3900001049042,,,,,,259.9850001335144,,,0.38000011444091797,,,,"{""sdkModuleFetchImport"":""measured in cold phase; warm phase reuses the loaded module"",""pyodideInitialization"":""not_applicable_native_javascript_path"",""webRInitialization"":""not_applicable_native_javascript_path"",""wrappedPackageImport"":""not_applicable_native_javascript_path"",""publicSpectrumCatalogFetch"":""not_measured_synthetic_inputs_are_in_memory"",""nativeFitting"":""measured where the scenario uses native NNLS"",""adapterFitting"":""not_applicable_native_javascript_path"",""qcEvidence"":""measured only for single_sample_fit_report"",""bootstrap"":""measured only for bootstrap_500"",""plotRendering"":""not_measured"",""reportSerialization"":""measured only for single_sample_fit_report"",""endToEndElapsed"":""measured"",""memory"":""observed JS heap sampled at stage boundaries where performance.memory is exposed; not OS process peak""}",1,9,,,
edge,150.0.4078.105,bootstrap_500,1,warm,completed,222.46000003814697,,0,0,,222.13000011444092,0.3299999237060547,26954194,26954194,,,,,,,222.06500005722046,,,0.3299999237060547,,,,"{""sdkModuleFetchImport"":""measured in cold phase; warm phase reuses the loaded module"",""pyodideInitialization"":""not_applicable_native_javascript_path"",""webRInitialization"":""not_applicable_native_javascript_path"",""wrappedPackageImport"":""not_applicable_native_javascript_path"",""publicSpectrumCatalogFetch"":""not_measured_synthetic_inputs_are_in_memory"",""nativeFitting"":""measured where the scenario uses native NNLS"",""adapterFitting"":""not_applicable_native_javascript_path"",""qcEvidence"":""measured only for single_sample_fit_report"",""bootstrap"":""measured only for bootstrap_500"",""plotRendering"":""not_measured"",""reportSerialization"":""measured only for single_sample_fit_report"",""endToEndElapsed"":""measured"",""memory"":""observed JS heap sampled at stage boundaries where performance.memory is exposed; not OS process peak""}",1,9,,,
edge,150.0.4078.105,bootstrap_500,2,cold,completed,1498.6400001049042,1247.335000038147,1245.0650000572205,1247.3300001621246,,250.92000007629395,0.38499999046325684,20675078,20675078,1245.0650000572205,,,,,,250.83500003814697,,,0.38499999046325684,,,,"{""sdkModuleFetchImport"":""measured in cold phase; warm phase reuses the loaded module"",""pyodideInitialization"":""not_applicable_native_javascript_path"",""webRInitialization"":""not_applicable_native_javascript_path"",""wrappedPackageImport"":""not_applicable_native_javascript_path"",""publicSpectrumCatalogFetch"":""not_measured_synthetic_inputs_are_in_memory"",""nativeFitting"":""measured where the scenario uses native NNLS"",""adapterFitting"":""not_applicable_native_javascript_path"",""qcEvidence"":""measured only for single_sample_fit_report"",""bootstrap"":""measured only for bootstrap_500"",""plotRendering"":""not_measured"",""reportSerialization"":""measured only for single_sample_fit_report"",""endToEndElapsed"":""measured"",""memory"":""observed JS heap sampled at stage boundaries where performance.memory is exposed; not OS process peak""}",1,9,,,
edge,150.0.4078.105,bootstrap_500,2,warm,completed,219.5199999809265,,0,0,,219.17499995231628,0.3450000286102295,26949966,26949966,,,,,,,219.125,,,0.3450000286102295,,,,"{""sdkModuleFetchImport"":""measured in cold phase; warm phase reuses the loaded module"",""pyodideInitialization"":""not_applicable_native_javascript_path"",""webRInitialization"":""not_applicable_native_javascript_path"",""wrappedPackageImport"":""not_applicable_native_javascript_path"",""publicSpectrumCatalogFetch"":""not_measured_synthetic_inputs_are_in_memory"",""nativeFitting"":""measured where the scenario uses native NNLS"",""adapterFitting"":""not_applicable_native_javascript_path"",""qcEvidence"":""measured only for single_sample_fit_report"",""bootstrap"":""measured only for bootstrap_500"",""plotRendering"":""not_measured"",""reportSerialization"":""measured only for single_sample_fit_report"",""endToEndElapsed"":""measured"",""memory"":""observed JS heap sampled at stage boundaries where performance.memory is exposed; not OS process peak""}",1,9,,,
edge,150.0.4078.105,bootstrap_500,3,cold,completed,1762.4700000286102,1493.670000076294,1490.869999885559,1493.670000076294,,268.42000007629395,0.37999987602233887,20952858,20952858,1490.869999885559,,,,,,268.3199999332428,,,0.37999987602233887,,,,"{""sdkModuleFetchImport"":""measured in cold phase; warm phase reuses the loaded module"",""pyodideInitialization"":""not_applicable_native_javascript_path"",""webRInitialization"":""not_applicable_native_javascript_path"",""wrappedPackageImport"":""not_applicable_native_javascript_path"",""publicSpectrumCatalogFetch"":""not_measured_synthetic_inputs_are_in_memory"",""nativeFitting"":""measured where the scenario uses native NNLS"",""adapterFitting"":""not_applicable_native_javascript_path"",""qcEvidence"":""measured only for single_sample_fit_report"",""bootstrap"":""measured only for bootstrap_500"",""plotRendering"":""not_measured"",""reportSerialization"":""measured only for single_sample_fit_report"",""endToEndElapsed"":""measured"",""memory"":""observed JS heap sampled at stage boundaries where performance.memory is exposed; not OS process peak""}",1,9,,,
edge,150.0.4078.105,bootstrap_500,3,warm,completed,234.57500004768372,,0,0,,234.23499989509583,0.3400001525878906,25954310,25954310,,,,,,,234.1800000667572,,,0.3400001525878906,,,,"{""sdkModuleFetchImport"":""measured in cold phase; warm phase reuses the loaded module"",""pyodideInitialization"":""not_applicable_native_javascript_path"",""webRInitialization"":""not_applicable_native_javascript_path"",""wrappedPackageImport"":""not_applicable_native_javascript_path"",""publicSpectrumCatalogFetch"":""not_measured_synthetic_inputs_are_in_memory"",""nativeFitting"":""measured where the scenario uses native NNLS"",""adapterFitting"":""not_applicable_native_javascript_path"",""qcEvidence"":""measured only for single_sample_fit_report"",""bootstrap"":""measured only for bootstrap_500"",""plotRendering"":""not_measured"",""reportSerialization"":""measured only for single_sample_fit_report"",""endToEndElapsed"":""measured"",""memory"":""observed JS heap sampled at stage boundaries where performance.memory is exposed; not OS process peak""}",1,9,,,
edge,150.0.4078.105,bootstrap_500,4,cold,completed,1752.4900002479553,1482.5700001716614,1480.4000000953674,1482.5700001716614,,269.52500009536743,0.39499998092651367,20812282,20812282,1480.4000000953674,,,,,,269.4300000667572,,,0.39499998092651367,,,,"{""sdkModuleFetchImport"":""measured in cold phase; warm phase reuses the loaded module"",""pyodideInitialization"":""not_applicable_native_javascript_path"",""webRInitialization"":""not_applicable_native_javascript_path"",""wrappedPackageImport"":""not_applicable_native_javascript_path"",""publicSpectrumCatalogFetch"":""not_measured_synthetic_inputs_are_in_memory"",""nativeFitting"":""measured where the scenario uses native NNLS"",""adapterFitting"":""not_applicable_native_javascript_path"",""qcEvidence"":""measured only for single_sample_fit_report"",""bootstrap"":""measured only for bootstrap_500"",""plotRendering"":""not_measured"",""reportSerialization"":""measured only for single_sample_fit_report"",""endToEndElapsed"":""measured"",""memory"":""observed JS heap sampled at stage boundaries where performance.memory is exposed; not OS process peak""}",1,9,,,
edge,150.0.4078.105,bootstrap_500,4,warm,completed,239.07000017166138,,0,0,,238.75500011444092,0.315000057220459,26925242,26925242,,,,,,,238.69000005722046,,,0.315000057220459,,,,"{""sdkModuleFetchImport"":""measured in cold phase; warm phase reuses the loaded module"",""pyodideInitialization"":""not_applicable_native_javascript_path"",""webRInitialization"":""not_applicable_native_javascript_path"",""wrappedPackageImport"":""not_applicable_native_javascript_path"",""publicSpectrumCatalogFetch"":""not_measured_synthetic_inputs_are_in_memory"",""nativeFitting"":""measured where the scenario uses native NNLS"",""adapterFitting"":""not_applicable_native_javascript_path"",""qcEvidence"":""measured only for single_sample_fit_report"",""bootstrap"":""measured only for bootstrap_500"",""plotRendering"":""not_measured"",""reportSerialization"":""measured only for single_sample_fit_report"",""endToEndElapsed"":""measured"",""memory"":""observed JS heap sampled at stage boundaries where performance.memory is exposed; not OS process peak""}",1,9,,,
edge,150.0.4078.105,bootstrap_500,5,cold,completed,1552.3050000667572,1281.0950000286102,1278.0299999713898,1281.090000152588,,270.8250000476837,0.38499999046325684,20713686,20713686,1278.0299999713898,,,,,,270.72499990463257,,,0.38499999046325684,,,,"{""sdkModuleFetchImport"":""measured in cold phase; warm phase reuses the loaded module"",""pyodideInitialization"":""not_applicable_native_javascript_path"",""webRInitialization"":""not_applicable_native_javascript_path"",""wrappedPackageImport"":""not_applicable_native_javascript_path"",""publicSpectrumCatalogFetch"":""not_measured_synthetic_inputs_are_in_memory"",""nativeFitting"":""measured where the scenario uses native NNLS"",""adapterFitting"":""not_applicable_native_javascript_path"",""qcEvidence"":""measured only for single_sample_fit_report"",""bootstrap"":""measured only for bootstrap_500"",""plotRendering"":""not_measured"",""reportSerialization"":""measured only for single_sample_fit_report"",""endToEndElapsed"":""measured"",""memory"":""observed JS heap sampled at stage boundaries where performance.memory is exposed; not OS process peak""}",1,9,,,
edge,150.0.4078.105,bootstrap_500,5,warm,completed,230.40499997138977,,0,0,,230.02499985694885,0.38000011444091797,22591818,22591818,,,,,,,229.9649999141693,,,0.38000011444091797,,,,"{""sdkModuleFetchImport"":""measured in cold phase; warm phase reuses the loaded module"",""pyodideInitialization"":""not_applicable_native_javascript_path"",""webRInitialization"":""not_applicable_native_javascript_path"",""wrappedPackageImport"":""not_applicable_native_javascript_path"",""publicSpectrumCatalogFetch"":""not_measured_synthetic_inputs_are_in_memory"",""nativeFitting"":""measured where the scenario uses native NNLS"",""adapterFitting"":""not_applicable_native_javascript_path"",""qcEvidence"":""measured only for single_sample_fit_report"",""bootstrap"":""measured only for bootstrap_500"",""plotRendering"":""not_measured"",""reportSerialization"":""measured only for single_sample_fit_report"",""endToEndElapsed"":""measured"",""memory"":""observed JS heap sampled at stage boundaries where performance.memory is exposed; not OS process peak""}",1,9,,,
edge,150.0.4078.105,bootstrap_500,6,cold,completed,1696.3850002288818,1433.2250001430511,1431.0950000286102,1433.2200000286102,,262.75,0.4100000858306885,20816866,20816866,1431.0950000286102,,,,,,262.65499997138977,,,0.4100000858306885,,,,"{""sdkModuleFetchImport"":""measured in cold phase; warm phase reuses the loaded module"",""pyodideInitialization"":""not_applicable_native_javascript_path"",""webRInitialization"":""not_applicable_native_javascript_path"",""wrappedPackageImport"":""not_applicable_native_javascript_path"",""publicSpectrumCatalogFetch"":""not_measured_synthetic_inputs_are_in_memory"",""nativeFitting"":""measured where the scenario uses native NNLS"",""adapterFitting"":""not_applicable_native_javascript_path"",""qcEvidence"":""measured only for single_sample_fit_report"",""bootstrap"":""measured only for bootstrap_500"",""plotRendering"":""not_measured"",""reportSerialization"":""measured only for single_sample_fit_report"",""endToEndElapsed"":""measured"",""memory"":""observed JS heap sampled at stage boundaries where performance.memory is exposed; not OS process peak""}",1,9,,,
edge,150.0.4078.105,bootstrap_500,6,warm,completed,240.1650002002716,,0,0,,239.84500002861023,0.32000017166137695,22611686,22611686,,,,,,,239.79999995231628,,,0.32000017166137695,,,,"{""sdkModuleFetchImport"":""measured in cold phase; warm phase reuses the loaded module"",""pyodideInitialization"":""not_applicable_native_javascript_path"",""webRInitialization"":""not_applicable_native_javascript_path"",""wrappedPackageImport"":""not_applicable_native_javascript_path"",""publicSpectrumCatalogFetch"":""not_measured_synthetic_inputs_are_in_memory"",""nativeFitting"":""measured where the scenario uses native NNLS"",""adapterFitting"":""not_applicable_native_javascript_path"",""qcEvidence"":""measured only for single_sample_fit_report"",""bootstrap"":""measured only for bootstrap_500"",""plotRendering"":""not_measured"",""reportSerialization"":""measured only for single_sample_fit_report"",""endToEndElapsed"":""measured"",""memory"":""observed JS heap sampled at stage boundaries where performance.memory is exposed; not OS process peak""}",1,9,,,
edge,150.0.4078.105,bootstrap_500,7,cold,completed,1668.8600001335144,1405.6400001049042,1403.479999780655,1405.6400001049042,,262.835000038147,0.38499999046325684,21476362,21476362,1403.479999780655,,,,,,262.7149999141693,,,0.38499999046325684,,,,"{""sdkModuleFetchImport"":""measured in cold phase; warm phase reuses the loaded module"",""pyodideInitialization"":""not_applicable_native_javascript_path"",""webRInitialization"":""not_applicable_native_javascript_path"",""wrappedPackageImport"":""not_applicable_native_javascript_path"",""publicSpectrumCatalogFetch"":""not_measured_synthetic_inputs_are_in_memory"",""nativeFitting"":""measured where the scenario uses native NNLS"",""adapterFitting"":""not_applicable_native_javascript_path"",""qcEvidence"":""measured only for single_sample_fit_report"",""bootstrap"":""measured only for bootstrap_500"",""plotRendering"":""not_measured"",""reportSerialization"":""measured only for single_sample_fit_report"",""endToEndElapsed"":""measured"",""memory"":""observed JS heap sampled at stage boundaries where performance.memory is exposed; not OS process peak""}",1,9,,,
edge,150.0.4078.105,bootstrap_500,7,warm,completed,237.24500012397766,,0,0,,236.91499996185303,0.3300001621246338,24990166,24990166,,,,,,,236.875,,,0.3300001621246338,,,,"{""sdkModuleFetchImport"":""measured in cold phase; warm phase reuses the loaded module"",""pyodideInitialization"":""not_applicable_native_javascript_path"",""webRInitialization"":""not_applicable_native_javascript_path"",""wrappedPackageImport"":""not_applicable_native_javascript_path"",""publicSpectrumCatalogFetch"":""not_measured_synthetic_inputs_are_in_memory"",""nativeFitting"":""measured where the scenario uses native NNLS"",""adapterFitting"":""not_applicable_native_javascript_path"",""qcEvidence"":""measured only for single_sample_fit_report"",""bootstrap"":""measured only for bootstrap_500"",""plotRendering"":""not_measured"",""reportSerialization"":""measured only for single_sample_fit_report"",""endToEndElapsed"":""measured"",""memory"":""observed JS heap sampled at stage boundaries where performance.memory is exposed; not OS process peak""}",1,9,,,
edge,150.0.4078.105,bootstrap_500,8,cold,completed,1647.5300002098083,1388.2650001049042,1386.0699999332428,1388.2650001049042,,258.84999990463257,0.41500020027160645,24063546,24063546,1386.0699999332428,,,,,,258.75499987602234,,,0.41500020027160645,,,,"{""sdkModuleFetchImport"":""measured in cold phase; warm phase reuses the loaded module"",""pyodideInitialization"":""not_applicable_native_javascript_path"",""webRInitialization"":""not_applicable_native_javascript_path"",""wrappedPackageImport"":""not_applicable_native_javascript_path"",""publicSpectrumCatalogFetch"":""not_measured_synthetic_inputs_are_in_memory"",""nativeFitting"":""measured where the scenario uses native NNLS"",""adapterFitting"":""not_applicable_native_javascript_path"",""qcEvidence"":""measured only for single_sample_fit_report"",""bootstrap"":""measured only for bootstrap_500"",""plotRendering"":""not_measured"",""reportSerialization"":""measured only for single_sample_fit_report"",""endToEndElapsed"":""measured"",""memory"":""observed JS heap sampled at stage boundaries where performance.memory is exposed; not OS process peak""}",1,9,,,
edge,150.0.4078.105,bootstrap_500,8,warm,completed,233.34999990463257,,0,0,,232.99499988555908,0.35500001907348633,24063546,24063546,,,,,,,232.9449999332428,,,0.35500001907348633,,,,"{""sdkModuleFetchImport"":""measured in cold phase; warm phase reuses the loaded module"",""pyodideInitialization"":""not_applicable_native_javascript_path"",""webRInitialization"":""not_applicable_native_javascript_path"",""wrappedPackageImport"":""not_applicable_native_javascript_path"",""publicSpectrumCatalogFetch"":""not_measured_synthetic_inputs_are_in_memory"",""nativeFitting"":""measured where the scenario uses native NNLS"",""adapterFitting"":""not_applicable_native_javascript_path"",""qcEvidence"":""measured only for single_sample_fit_report"",""bootstrap"":""measured only for bootstrap_500"",""plotRendering"":""not_measured"",""reportSerialization"":""measured only for single_sample_fit_report"",""endToEndElapsed"":""measured"",""memory"":""observed JS heap sampled at stage boundaries where performance.memory is exposed; not OS process peak""}",1,9,,,
edge,150.0.4078.105,bootstrap_500,9,cold,completed,1482.6899998188019,1220.7249999046326,1218.1999998092651,1220.7249999046326,,261.5199999809265,0.44499993324279785,23050802,23050802,1218.1999998092651,,,,,,261.4249999523163,,,0.44499993324279785,,,,"{""sdkModuleFetchImport"":""measured in cold phase; warm phase reuses the loaded module"",""pyodideInitialization"":""not_applicable_native_javascript_path"",""webRInitialization"":""not_applicable_native_javascript_path"",""wrappedPackageImport"":""not_applicable_native_javascript_path"",""publicSpectrumCatalogFetch"":""not_measured_synthetic_inputs_are_in_memory"",""nativeFitting"":""measured where the scenario uses native NNLS"",""adapterFitting"":""not_applicable_native_javascript_path"",""qcEvidence"":""measured only for single_sample_fit_report"",""bootstrap"":""measured only for bootstrap_500"",""plotRendering"":""not_measured"",""reportSerialization"":""measured only for single_sample_fit_report"",""endToEndElapsed"":""measured"",""memory"":""observed JS heap sampled at stage boundaries where performance.memory is exposed; not OS process peak""}",1,9,,,
edge,150.0.4078.105,bootstrap_500,9,warm,completed,239.65499997138977,,0,0,,239.33000016212463,0.3249998092651367,25657822,25657822,,,,,,,239.28999996185303,,,0.3249998092651367,,,,"{""sdkModuleFetchImport"":""measured in cold phase; warm phase reuses the loaded module"",""pyodideInitialization"":""not_applicable_native_javascript_path"",""webRInitialization"":""not_applicable_native_javascript_path"",""wrappedPackageImport"":""not_applicable_native_javascript_path"",""publicSpectrumCatalogFetch"":""not_measured_synthetic_inputs_are_in_memory"",""nativeFitting"":""measured where the scenario uses native NNLS"",""adapterFitting"":""not_applicable_native_javascript_path"",""qcEvidence"":""measured only for single_sample_fit_report"",""bootstrap"":""measured only for bootstrap_500"",""plotRendering"":""not_measured"",""reportSerialization"":""measured only for single_sample_fit_report"",""endToEndElapsed"":""measured"",""memory"":""observed JS heap sampled at stage boundaries where performance.memory is exposed; not OS process peak""}",1,9,,,
edge,150.0.4078.105,bootstrap_500,10,cold,completed,1671.2649998664856,1405.3949999809265,1402.664999961853,1405.3949999809265,,265.48999977111816,0.38000011444091797,21196455,21196455,1402.664999961853,,,,,,265.37999987602234,,,0.38000011444091797,,,,"{""sdkModuleFetchImport"":""measured in cold phase; warm phase reuses the loaded module"",""pyodideInitialization"":""not_applicable_native_javascript_path"",""webRInitialization"":""not_applicable_native_javascript_path"",""wrappedPackageImport"":""not_applicable_native_javascript_path"",""publicSpectrumCatalogFetch"":""not_measured_synthetic_inputs_are_in_memory"",""nativeFitting"":""measured where the scenario uses native NNLS"",""adapterFitting"":""not_applicable_native_javascript_path"",""qcEvidence"":""measured only for single_sample_fit_report"",""bootstrap"":""measured only for bootstrap_500"",""plotRendering"":""not_measured"",""reportSerialization"":""measured only for single_sample_fit_report"",""endToEndElapsed"":""measured"",""memory"":""observed JS heap sampled at stage boundaries where performance.memory is exposed; not OS process peak""}",1,9,,,
edge,150.0.4078.105,bootstrap_500,10,warm,completed,228.6449999809265,,0,0,,228.31000018119812,0.33499979972839355,22573775,22573775,,,,,,,228.2649998664856,,,0.33499979972839355,,,,"{""sdkModuleFetchImport"":""measured in cold phase; warm phase reuses the loaded module"",""pyodideInitialization"":""not_applicable_native_javascript_path"",""webRInitialization"":""not_applicable_native_javascript_path"",""wrappedPackageImport"":""not_applicable_native_javascript_path"",""publicSpectrumCatalogFetch"":""not_measured_synthetic_inputs_are_in_memory"",""nativeFitting"":""measured where the scenario uses native NNLS"",""adapterFitting"":""not_applicable_native_javascript_path"",""qcEvidence"":""measured only for single_sample_fit_report"",""bootstrap"":""measured only for bootstrap_500"",""plotRendering"":""not_measured"",""reportSerialization"":""measured only for single_sample_fit_report"",""endToEndElapsed"":""measured"",""memory"":""observed JS heap sampled at stage boundaries where performance.memory is exposed; not OS process peak""}",1,9,,,
edge,150.0.4078.105,bootstrap_500,11,cold,completed,1519.3450000286102,1254.1100001335144,1252.5350000858307,1254.1100001335144,,264.82999992370605,0.4049999713897705,24027035,24027035,1252.5350000858307,,,,,,264.72000002861023,,,0.4049999713897705,,,,"{""sdkModuleFetchImport"":""measured in cold phase; warm phase reuses the loaded module"",""pyodideInitialization"":""not_applicable_native_javascript_path"",""webRInitialization"":""not_applicable_native_javascript_path"",""wrappedPackageImport"":""not_applicable_native_javascript_path"",""publicSpectrumCatalogFetch"":""not_measured_synthetic_inputs_are_in_memory"",""nativeFitting"":""measured where the scenario uses native NNLS"",""adapterFitting"":""not_applicable_native_javascript_path"",""qcEvidence"":""measured only for single_sample_fit_report"",""bootstrap"":""measured only for bootstrap_500"",""plotRendering"":""not_measured"",""reportSerialization"":""measured only for single_sample_fit_report"",""endToEndElapsed"":""measured"",""memory"":""observed JS heap sampled at stage boundaries where performance.memory is exposed; not OS process peak""}",1,9,,,
edge,150.0.4078.105,bootstrap_500,11,warm,completed,242.78000020980835,,0,0,,242.42000031471252,0.3599998950958252,24027035,24027035,,,,,,,242.3600001335144,,,0.3599998950958252,,,,"{""sdkModuleFetchImport"":""measured in cold phase; warm phase reuses the loaded module"",""pyodideInitialization"":""not_applicable_native_javascript_path"",""webRInitialization"":""not_applicable_native_javascript_path"",""wrappedPackageImport"":""not_applicable_native_javascript_path"",""publicSpectrumCatalogFetch"":""not_measured_synthetic_inputs_are_in_memory"",""nativeFitting"":""measured where the scenario uses native NNLS"",""adapterFitting"":""not_applicable_native_javascript_path"",""qcEvidence"":""measured only for single_sample_fit_report"",""bootstrap"":""measured only for bootstrap_500"",""plotRendering"":""not_measured"",""reportSerialization"":""measured only for single_sample_fit_report"",""endToEndElapsed"":""measured"",""memory"":""observed JS heap sampled at stage boundaries where performance.memory is exposed; not OS process peak""}",1,9,,,
edge,150.0.4078.105,bootstrap_500,12,cold,completed,1756.289999961853,1490.3550000190735,1488.1200001239777,1490.3550000190735,,265.5499999523163,0.38499999046325684,21019495,21019495,1488.1200001239777,,,,,,265.43499994277954,,,0.38499999046325684,,,,"{""sdkModuleFetchImport"":""measured in cold phase; warm phase reuses the loaded module"",""pyodideInitialization"":""not_applicable_native_javascript_path"",""webRInitialization"":""not_applicable_native_javascript_path"",""wrappedPackageImport"":""not_applicable_native_javascript_path"",""publicSpectrumCatalogFetch"":""not_measured_synthetic_inputs_are_in_memory"",""nativeFitting"":""measured where the scenario uses native NNLS"",""adapterFitting"":""not_applicable_native_javascript_path"",""qcEvidence"":""measured only for single_sample_fit_report"",""bootstrap"":""measured only for bootstrap_500"",""plotRendering"":""not_measured"",""reportSerialization"":""measured only for single_sample_fit_report"",""endToEndElapsed"":""measured"",""memory"":""observed JS heap sampled at stage boundaries where performance.memory is exposed; not OS process peak""}",1,9,,,
edge,150.0.4078.105,bootstrap_500,12,warm,completed,228.02999997138977,,0,0,,227.67499995231628,0.35500001907348633,23324127,23324127,,,,,,,227.63000011444092,,,0.35500001907348633,,,,"{""sdkModuleFetchImport"":""measured in cold phase; warm phase reuses the loaded module"",""pyodideInitialization"":""not_applicable_native_javascript_path"",""webRInitialization"":""not_applicable_native_javascript_path"",""wrappedPackageImport"":""not_applicable_native_javascript_path"",""publicSpectrumCatalogFetch"":""not_measured_synthetic_inputs_are_in_memory"",""nativeFitting"":""measured where the scenario uses native NNLS"",""adapterFitting"":""not_applicable_native_javascript_path"",""qcEvidence"":""measured only for single_sample_fit_report"",""bootstrap"":""measured only for bootstrap_500"",""plotRendering"":""not_measured"",""reportSerialization"":""measured only for single_sample_fit_report"",""endToEndElapsed"":""measured"",""memory"":""observed JS heap sampled at stage boundaries where performance.memory is exposed; not OS process peak""}",1,9,,,
edge,150.0.4078.105,bootstrap_500,13,cold,completed,1608.340000152588,1351.0750000476837,1349.0099999904633,1351.0750000476837,,256.875,0.3900001049041748,20795771,20795771,1349.0099999904633,,,,,,256.7850000858307,,,0.3900001049041748,,,,"{""sdkModuleFetchImport"":""measured in cold phase; warm phase reuses the loaded module"",""pyodideInitialization"":""not_applicable_native_javascript_path"",""webRInitialization"":""not_applicable_native_javascript_path"",""wrappedPackageImport"":""not_applicable_native_javascript_path"",""publicSpectrumCatalogFetch"":""not_measured_synthetic_inputs_are_in_memory"",""nativeFitting"":""measured where the scenario uses native NNLS"",""adapterFitting"":""not_applicable_native_javascript_path"",""qcEvidence"":""measured only for single_sample_fit_report"",""bootstrap"":""measured only for bootstrap_500"",""plotRendering"":""not_measured"",""reportSerialization"":""measured only for single_sample_fit_report"",""endToEndElapsed"":""measured"",""memory"":""observed JS heap sampled at stage boundaries where performance.memory is exposed; not OS process peak""}",1,9,,,
edge,150.0.4078.105,bootstrap_500,13,warm,completed,225.39000010490417,,0,0,,225.0550000667572,0.33500003814697266,22561323,22561323,,,,,,,225.00500011444092,,,0.33500003814697266,,,,"{""sdkModuleFetchImport"":""measured in cold phase; warm phase reuses the loaded module"",""pyodideInitialization"":""not_applicable_native_javascript_path"",""webRInitialization"":""not_applicable_native_javascript_path"",""wrappedPackageImport"":""not_applicable_native_javascript_path"",""publicSpectrumCatalogFetch"":""not_measured_synthetic_inputs_are_in_memory"",""nativeFitting"":""measured where the scenario uses native NNLS"",""adapterFitting"":""not_applicable_native_javascript_path"",""qcEvidence"":""measured only for single_sample_fit_report"",""bootstrap"":""measured only for bootstrap_500"",""plotRendering"":""not_measured"",""reportSerialization"":""measured only for single_sample_fit_report"",""endToEndElapsed"":""measured"",""memory"":""observed JS heap sampled at stage boundaries where performance.memory is exposed; not OS process peak""}",1,9,,,
edge,150.0.4078.105,bootstrap_500,14,cold,completed,1689.1249997615814,1427.2399997711182,1425.1150000095367,1427.2349998950958,,261.47499990463257,0.4100000858306885,24011619,24011619,1425.1150000095367,,,,,,261.37999987602234,,,0.4100000858306885,,,,"{""sdkModuleFetchImport"":""measured in cold phase; warm phase reuses the loaded module"",""pyodideInitialization"":""not_applicable_native_javascript_path"",""webRInitialization"":""not_applicable_native_javascript_path"",""wrappedPackageImport"":""not_applicable_native_javascript_path"",""publicSpectrumCatalogFetch"":""not_measured_synthetic_inputs_are_in_memory"",""nativeFitting"":""measured where the scenario uses native NNLS"",""adapterFitting"":""not_applicable_native_javascript_path"",""qcEvidence"":""measured only for single_sample_fit_report"",""bootstrap"":""measured only for bootstrap_500"",""plotRendering"":""not_measured"",""reportSerialization"":""measured only for single_sample_fit_report"",""endToEndElapsed"":""measured"",""memory"":""observed JS heap sampled at stage boundaries where performance.memory is exposed; not OS process peak""}",1,9,,,
edge,150.0.4078.105,bootstrap_500,14,warm,completed,233.43500018119812,,0,0,,233.0950002670288,0.3399999141693115,24970679,24970679,,,,,,,233.04999995231628,,,0.3399999141693115,,,,"{""sdkModuleFetchImport"":""measured in cold phase; warm phase reuses the loaded module"",""pyodideInitialization"":""not_applicable_native_javascript_path"",""webRInitialization"":""not_applicable_native_javascript_path"",""wrappedPackageImport"":""not_applicable_native_javascript_path"",""publicSpectrumCatalogFetch"":""not_measured_synthetic_inputs_are_in_memory"",""nativeFitting"":""measured where the scenario uses native NNLS"",""adapterFitting"":""not_applicable_native_javascript_path"",""qcEvidence"":""measured only for single_sample_fit_report"",""bootstrap"":""measured only for bootstrap_500"",""plotRendering"":""not_measured"",""reportSerialization"":""measured only for single_sample_fit_report"",""endToEndElapsed"":""measured"",""memory"":""observed JS heap sampled at stage boundaries where performance.memory is exposed; not OS process peak""}",1,9,,,
edge,150.0.4078.105,bootstrap_500,15,cold,completed,1639.4400000572205,1375.9300000667572,1373.2300000190735,1375.9300000667572,,263.13499999046326,0.375,20850339,20850339,1373.2300000190735,,,,,,263.02999997138977,,,0.375,,,,"{""sdkModuleFetchImport"":""measured in cold phase; warm phase reuses the loaded module"",""pyodideInitialization"":""not_applicable_native_javascript_path"",""webRInitialization"":""not_applicable_native_javascript_path"",""wrappedPackageImport"":""not_applicable_native_javascript_path"",""publicSpectrumCatalogFetch"":""not_measured_synthetic_inputs_are_in_memory"",""nativeFitting"":""measured where the scenario uses native NNLS"",""adapterFitting"":""not_applicable_native_javascript_path"",""qcEvidence"":""measured only for single_sample_fit_report"",""bootstrap"":""measured only for bootstrap_500"",""plotRendering"":""not_measured"",""reportSerialization"":""measured only for single_sample_fit_report"",""endToEndElapsed"":""measured"",""memory"":""observed JS heap sampled at stage boundaries where performance.memory is exposed; not OS process peak""}",1,9,,,
edge,150.0.4078.105,bootstrap_500,15,warm,completed,223.8399999141693,,0,0,,223.4799997806549,0.3600001335144043,22970719,22970719,,,,,,,223.4300000667572,,,0.3600001335144043,,,,"{""sdkModuleFetchImport"":""measured in cold phase; warm phase reuses the loaded module"",""pyodideInitialization"":""not_applicable_native_javascript_path"",""webRInitialization"":""not_applicable_native_javascript_path"",""wrappedPackageImport"":""not_applicable_native_javascript_path"",""publicSpectrumCatalogFetch"":""not_measured_synthetic_inputs_are_in_memory"",""nativeFitting"":""measured where the scenario uses native NNLS"",""adapterFitting"":""not_applicable_native_javascript_path"",""qcEvidence"":""measured only for single_sample_fit_report"",""bootstrap"":""measured only for bootstrap_500"",""plotRendering"":""not_measured"",""reportSerialization"":""measured only for single_sample_fit_report"",""endToEndElapsed"":""measured"",""memory"":""observed JS heap sampled at stage boundaries where performance.memory is exposed; not OS process peak""}",1,9,,,
edge,150.0.4078.105,bootstrap_500,16,cold,completed,5607.759999990463,5267.900000095367,5264.824999809265,5267.8949999809265,,339.45499992370605,0.4049999713897705,21692235,21692235,5264.824999809265,,,,,,339.3199999332428,,,0.4049999713897705,,,,"{""sdkModuleFetchImport"":""measured in cold phase; warm phase reuses the loaded module"",""pyodideInitialization"":""not_applicable_native_javascript_path"",""webRInitialization"":""not_applicable_native_javascript_path"",""wrappedPackageImport"":""not_applicable_native_javascript_path"",""publicSpectrumCatalogFetch"":""not_measured_synthetic_inputs_are_in_memory"",""nativeFitting"":""measured where the scenario uses native NNLS"",""adapterFitting"":""not_applicable_native_javascript_path"",""qcEvidence"":""measured only for single_sample_fit_report"",""bootstrap"":""measured only for bootstrap_500"",""plotRendering"":""not_measured"",""reportSerialization"":""measured only for single_sample_fit_report"",""endToEndElapsed"":""measured"",""memory"":""observed JS heap sampled at stage boundaries where performance.memory is exposed; not OS process peak""}",1,9,,,
edge,150.0.4078.105,bootstrap_500,16,warm,completed,266.6100001335144,,0,0,,266.0899999141693,0.5200002193450928,22680423,22680423,,,,,,,266.02999997138977,,,0.5200002193450928,,,,"{""sdkModuleFetchImport"":""measured in cold phase; warm phase reuses the loaded module"",""pyodideInitialization"":""not_applicable_native_javascript_path"",""webRInitialization"":""not_applicable_native_javascript_path"",""wrappedPackageImport"":""not_applicable_native_javascript_path"",""publicSpectrumCatalogFetch"":""not_measured_synthetic_inputs_are_in_memory"",""nativeFitting"":""measured where the scenario uses native NNLS"",""adapterFitting"":""not_applicable_native_javascript_path"",""qcEvidence"":""measured only for single_sample_fit_report"",""bootstrap"":""measured only for bootstrap_500"",""plotRendering"":""not_measured"",""reportSerialization"":""measured only for single_sample_fit_report"",""endToEndElapsed"":""measured"",""memory"":""observed JS heap sampled at stage boundaries where performance.memory is exposed; not OS process peak""}",1,9,,,
edge,150.0.4078.105,bootstrap_500,17,cold,completed,1858.3399999141693,1594.9500000476837,1593.170000076294,1594.9500000476837,,263.02499985694885,0.36500000953674316,21460699,21460699,1593.170000076294,,,,,,262.91999983787537,,,0.36500000953674316,,,,"{""sdkModuleFetchImport"":""measured in cold phase; warm phase reuses the loaded module"",""pyodideInitialization"":""not_applicable_native_javascript_path"",""webRInitialization"":""not_applicable_native_javascript_path"",""wrappedPackageImport"":""not_applicable_native_javascript_path"",""publicSpectrumCatalogFetch"":""not_measured_synthetic_inputs_are_in_memory"",""nativeFitting"":""measured where the scenario uses native NNLS"",""adapterFitting"":""not_applicable_native_javascript_path"",""qcEvidence"":""measured only for single_sample_fit_report"",""bootstrap"":""measured only for bootstrap_500"",""plotRendering"":""not_measured"",""reportSerialization"":""measured only for single_sample_fit_report"",""endToEndElapsed"":""measured"",""memory"":""observed JS heap sampled at stage boundaries where performance.memory is exposed; not OS process peak""}",1,9,,,
edge,150.0.4078.105,bootstrap_500,17,warm,completed,243.50999999046326,,0,0,,243.11500000953674,0.39499998092651367,28350351,28350351,,,,,,,243.02999997138977,,,0.39499998092651367,,,,"{""sdkModuleFetchImport"":""measured in cold phase; warm phase reuses the loaded module"",""pyodideInitialization"":""not_applicable_native_javascript_path"",""webRInitialization"":""not_applicable_native_javascript_path"",""wrappedPackageImport"":""not_applicable_native_javascript_path"",""publicSpectrumCatalogFetch"":""not_measured_synthetic_inputs_are_in_memory"",""nativeFitting"":""measured where the scenario uses native NNLS"",""adapterFitting"":""not_applicable_native_javascript_path"",""qcEvidence"":""measured only for single_sample_fit_report"",""bootstrap"":""measured only for bootstrap_500"",""plotRendering"":""not_measured"",""reportSerialization"":""measured only for single_sample_fit_report"",""endToEndElapsed"":""measured"",""memory"":""observed JS heap sampled at stage boundaries where performance.memory is exposed; not OS process peak""}",1,9,,,
edge,150.0.4078.105,bootstrap_500,18,cold,completed,1550.505000114441,1289.3150000572205,1287.170000076294,1289.3050000667572,,260.81500005722046,0.375,21715407,21715407,1287.170000076294,,,,,,260.7149999141693,,,0.375,,,,"{""sdkModuleFetchImport"":""measured in cold phase; warm phase reuses the loaded module"",""pyodideInitialization"":""not_applicable_native_javascript_path"",""webRInitialization"":""not_applicable_native_javascript_path"",""wrappedPackageImport"":""not_applicable_native_javascript_path"",""publicSpectrumCatalogFetch"":""not_measured_synthetic_inputs_are_in_memory"",""nativeFitting"":""measured where the scenario uses native NNLS"",""adapterFitting"":""not_applicable_native_javascript_path"",""qcEvidence"":""measured only for single_sample_fit_report"",""bootstrap"":""measured only for bootstrap_500"",""plotRendering"":""not_measured"",""reportSerialization"":""measured only for single_sample_fit_report"",""endToEndElapsed"":""measured"",""memory"":""observed JS heap sampled at stage boundaries where performance.memory is exposed; not OS process peak""}",1,9,,,
edge,150.0.4078.105,bootstrap_500,18,warm,completed,233.7849998474121,,0,0,,233.42999982833862,0.35500001907348633,26620183,26620183,,,,,,,233.38499999046326,,,0.35500001907348633,,,,"{""sdkModuleFetchImport"":""measured in cold phase; warm phase reuses the loaded module"",""pyodideInitialization"":""not_applicable_native_javascript_path"",""webRInitialization"":""not_applicable_native_javascript_path"",""wrappedPackageImport"":""not_applicable_native_javascript_path"",""publicSpectrumCatalogFetch"":""not_measured_synthetic_inputs_are_in_memory"",""nativeFitting"":""measured where the scenario uses native NNLS"",""adapterFitting"":""not_applicable_native_javascript_path"",""qcEvidence"":""measured only for single_sample_fit_report"",""bootstrap"":""measured only for bootstrap_500"",""plotRendering"":""not_measured"",""reportSerialization"":""measured only for single_sample_fit_report"",""endToEndElapsed"":""measured"",""memory"":""observed JS heap sampled at stage boundaries where performance.memory is exposed; not OS process peak""}",1,9,,,
edge,150.0.4078.105,bootstrap_500,19,cold,completed,1702.090000152588,1430.3600001335144,1428.0199999809265,1430.3449997901917,,271.3550000190735,0.375,23931863,23931863,1428.0199999809265,,,,,,271.25,,,0.375,,,,"{""sdkModuleFetchImport"":""measured in cold phase; warm phase reuses the loaded module"",""pyodideInitialization"":""not_applicable_native_javascript_path"",""webRInitialization"":""not_applicable_native_javascript_path"",""wrappedPackageImport"":""not_applicable_native_javascript_path"",""publicSpectrumCatalogFetch"":""not_measured_synthetic_inputs_are_in_memory"",""nativeFitting"":""measured where the scenario uses native NNLS"",""adapterFitting"":""not_applicable_native_javascript_path"",""qcEvidence"":""measured only for single_sample_fit_report"",""bootstrap"":""measured only for bootstrap_500"",""plotRendering"":""not_measured"",""reportSerialization"":""measured only for single_sample_fit_report"",""endToEndElapsed"":""measured"",""memory"":""observed JS heap sampled at stage boundaries where performance.memory is exposed; not OS process peak""}",1,9,,,
edge,150.0.4078.105,bootstrap_500,19,warm,completed,240.5699999332428,,0,0,,240.24000000953674,0.3299999237060547,27014647,27014647,,,,,,,240.1800000667572,,,0.3299999237060547,,,,"{""sdkModuleFetchImport"":""measured in cold phase; warm phase reuses the loaded module"",""pyodideInitialization"":""not_applicable_native_javascript_path"",""webRInitialization"":""not_applicable_native_javascript_path"",""wrappedPackageImport"":""not_applicable_native_javascript_path"",""publicSpectrumCatalogFetch"":""not_measured_synthetic_inputs_are_in_memory"",""nativeFitting"":""measured where the scenario uses native NNLS"",""adapterFitting"":""not_applicable_native_javascript_path"",""qcEvidence"":""measured only for single_sample_fit_report"",""bootstrap"":""measured only for bootstrap_500"",""plotRendering"":""not_measured"",""reportSerialization"":""measured only for single_sample_fit_report"",""endToEndElapsed"":""measured"",""memory"":""observed JS heap sampled at stage boundaries where performance.memory is exposed; not OS process peak""}",1,9,,,
edge,150.0.4078.105,bootstrap_500,20,cold,completed,1628.145000219345,1360.6600000858307,1358.4199998378754,1360.6549999713898,,267.10000014305115,0.38499999046325684,21391211,21391211,1358.4199998378754,,,,,,267,,,0.38499999046325684,,,,"{""sdkModuleFetchImport"":""measured in cold phase; warm phase reuses the loaded module"",""pyodideInitialization"":""not_applicable_native_javascript_path"",""webRInitialization"":""not_applicable_native_javascript_path"",""wrappedPackageImport"":""not_applicable_native_javascript_path"",""publicSpectrumCatalogFetch"":""not_measured_synthetic_inputs_are_in_memory"",""nativeFitting"":""measured where the scenario uses native NNLS"",""adapterFitting"":""not_applicable_native_javascript_path"",""qcEvidence"":""measured only for single_sample_fit_report"",""bootstrap"":""measured only for bootstrap_500"",""plotRendering"":""not_measured"",""reportSerialization"":""measured only for single_sample_fit_report"",""endToEndElapsed"":""measured"",""memory"":""observed JS heap sampled at stage boundaries where performance.memory is exposed; not OS process peak""}",1,9,,,
edge,150.0.4078.105,bootstrap_500,20,warm,completed,233.0349998474121,,0,0,,232.6949999332428,0.3399999141693115,22665171,22665171,,,,,,,232.64999985694885,,,0.3399999141693115,,,,"{""sdkModuleFetchImport"":""measured in cold phase; warm phase reuses the loaded module"",""pyodideInitialization"":""not_applicable_native_javascript_path"",""webRInitialization"":""not_applicable_native_javascript_path"",""wrappedPackageImport"":""not_applicable_native_javascript_path"",""publicSpectrumCatalogFetch"":""not_measured_synthetic_inputs_are_in_memory"",""nativeFitting"":""measured where the scenario uses native NNLS"",""adapterFitting"":""not_applicable_native_javascript_path"",""qcEvidence"":""measured only for single_sample_fit_report"",""bootstrap"":""measured only for bootstrap_500"",""plotRendering"":""not_measured"",""reportSerialization"":""measured only for single_sample_fit_report"",""endToEndElapsed"":""measured"",""memory"":""observed JS heap sampled at stage boundaries where performance.memory is exposed; not OS process peak""}",1,9,,,
edge,150.0.4078.105,nmf_rank_selection_rank4,1,cold,completed,4719.579999923706,1381.3099999427795,1379.1900000572205,1381.3049998283386,,3334.7200000286102,3.549999952316284,30474501,30474501,1379.1900000572205,,,,,,,,,3.549999952316284,,,,"{""sdkModuleFetchImport"":""measured in cold phase; warm phase reuses the loaded module"",""pyodideInitialization"":""not_applicable_native_javascript_path"",""webRInitialization"":""not_applicable_native_javascript_path"",""wrappedPackageImport"":""not_applicable_native_javascript_path"",""publicSpectrumCatalogFetch"":""not_measured_synthetic_inputs_are_in_memory"",""nativeFitting"":""measured where the scenario uses native NNLS"",""adapterFitting"":""not_applicable_native_javascript_path"",""qcEvidence"":""measured only for single_sample_fit_report"",""bootstrap"":""measured only for bootstrap_500"",""plotRendering"":""not_measured"",""reportSerialization"":""measured only for single_sample_fit_report"",""endToEndElapsed"":""measured"",""memory"":""observed JS heap sampled at stage boundaries where performance.memory is exposed; not OS process peak""}",80,,2135.0350000858307,1199.5350000858307,
edge,150.0.4078.105,nmf_rank_selection_rank4,1,warm,completed,3232.1349999904633,,0,0,,3228.329999923706,3.805000066757202,59694285,59694285,,,,,,,,,,3.805000066757202,,,,"{""sdkModuleFetchImport"":""measured in cold phase; warm phase reuses the loaded module"",""pyodideInitialization"":""not_applicable_native_javascript_path"",""webRInitialization"":""not_applicable_native_javascript_path"",""wrappedPackageImport"":""not_applicable_native_javascript_path"",""publicSpectrumCatalogFetch"":""not_measured_synthetic_inputs_are_in_memory"",""nativeFitting"":""measured where the scenario uses native NNLS"",""adapterFitting"":""not_applicable_native_javascript_path"",""qcEvidence"":""measured only for single_sample_fit_report"",""bootstrap"":""measured only for bootstrap_500"",""plotRendering"":""not_measured"",""reportSerialization"":""measured only for single_sample_fit_report"",""endToEndElapsed"":""measured"",""memory"":""observed JS heap sampled at stage boundaries where performance.memory is exposed; not OS process peak""}",80,,2071.234999895096,1157,
edge,150.0.4078.105,nmf_rank_selection_rank4,2,cold,completed,4554.9349999427795,1476.1800000667572,1473.9749999046326,1476.1800000667572,,3075.569999933243,3.184999942779541,41082017,41082017,1473.9749999046326,,,,,,,,,3.184999942779541,,,,"{""sdkModuleFetchImport"":""measured in cold phase; warm phase reuses the loaded module"",""pyodideInitialization"":""not_applicable_native_javascript_path"",""webRInitialization"":""not_applicable_native_javascript_path"",""wrappedPackageImport"":""not_applicable_native_javascript_path"",""publicSpectrumCatalogFetch"":""not_measured_synthetic_inputs_are_in_memory"",""nativeFitting"":""measured where the scenario uses native NNLS"",""adapterFitting"":""not_applicable_native_javascript_path"",""qcEvidence"":""measured only for single_sample_fit_report"",""bootstrap"":""measured only for bootstrap_500"",""plotRendering"":""not_measured"",""reportSerialization"":""measured only for single_sample_fit_report"",""endToEndElapsed"":""measured"",""memory"":""observed JS heap sampled at stage boundaries where performance.memory is exposed; not OS process peak""}",80,,2073.399999856949,1002.0200002193451,
edge,150.0.4078.105,nmf_rank_selection_rank4,2,warm,completed,3368.399999856949,,0,0,,3365.814999818802,2.5850000381469727,41082017,41082017,,,,,,,,,,2.5850000381469727,,,,"{""sdkModuleFetchImport"":""measured in cold phase; warm phase reuses the loaded module"",""pyodideInitialization"":""not_applicable_native_javascript_path"",""webRInitialization"":""not_applicable_native_javascript_path"",""wrappedPackageImport"":""not_applicable_native_javascript_path"",""publicSpectrumCatalogFetch"":""not_measured_synthetic_inputs_are_in_memory"",""nativeFitting"":""measured where the scenario uses native NNLS"",""adapterFitting"":""not_applicable_native_javascript_path"",""qcEvidence"":""measured only for single_sample_fit_report"",""bootstrap"":""measured only for bootstrap_500"",""plotRendering"":""not_measured"",""reportSerialization"":""measured only for single_sample_fit_report"",""endToEndElapsed"":""measured"",""memory"":""observed JS heap sampled at stage boundaries where performance.memory is exposed; not OS process peak""}",80,,2299.069999933243,1066.664999961853,
edge,150.0.4078.105,nmf_rank_selection_rank4,3,cold,completed,4439.459999799728,1409.4449999332428,1407.4300000667572,1409.4449999332428,,3025.989999771118,4.025000095367432,51454985,51454985,1407.4300000667572,,,,,,,,,4.025000095367432,,,,"{""sdkModuleFetchImport"":""measured in cold phase; warm phase reuses the loaded module"",""pyodideInitialization"":""not_applicable_native_javascript_path"",""webRInitialization"":""not_applicable_native_javascript_path"",""wrappedPackageImport"":""not_applicable_native_javascript_path"",""publicSpectrumCatalogFetch"":""not_measured_synthetic_inputs_are_in_memory"",""nativeFitting"":""measured where the scenario uses native NNLS"",""adapterFitting"":""not_applicable_native_javascript_path"",""qcEvidence"":""measured only for single_sample_fit_report"",""bootstrap"":""measured only for bootstrap_500"",""plotRendering"":""not_measured"",""reportSerialization"":""measured only for single_sample_fit_report"",""endToEndElapsed"":""measured"",""memory"":""observed JS heap sampled at stage boundaries where performance.memory is exposed; not OS process peak""}",80,,1974.414999961853,1051.4299998283386,
edge,150.0.4078.105,nmf_rank_selection_rank4,3,warm,completed,3586.875,,0,0,,3583.7000000476837,3.174999952316284,51454985,51454985,,,,,,,,,,3.174999952316284,,,,"{""sdkModuleFetchImport"":""measured in cold phase; warm phase reuses the loaded module"",""pyodideInitialization"":""not_applicable_native_javascript_path"",""webRInitialization"":""not_applicable_native_javascript_path"",""wrappedPackageImport"":""not_applicable_native_javascript_path"",""publicSpectrumCatalogFetch"":""not_measured_synthetic_inputs_are_in_memory"",""nativeFitting"":""measured where the scenario uses native NNLS"",""adapterFitting"":""not_applicable_native_javascript_path"",""qcEvidence"":""measured only for single_sample_fit_report"",""bootstrap"":""measured only for bootstrap_500"",""plotRendering"":""not_measured"",""reportSerialization"":""measured only for single_sample_fit_report"",""endToEndElapsed"":""measured"",""memory"":""observed JS heap sampled at stage boundaries where performance.memory is exposed; not OS process peak""}",80,,2394.829999923706,1188.7750000953674,
edge,150.0.4078.105,nmf_rank_selection_rank4,4,cold,completed,4572.224999904633,1356.170000076294,1354.0099999904633,1356.170000076294,,3212.519999742508,3.5350000858306885,42990389,42990389,1354.0099999904633,,,,,,,,,3.5350000858306885,,,,"{""sdkModuleFetchImport"":""measured in cold phase; warm phase reuses the loaded module"",""pyodideInitialization"":""not_applicable_native_javascript_path"",""webRInitialization"":""not_applicable_native_javascript_path"",""wrappedPackageImport"":""not_applicable_native_javascript_path"",""publicSpectrumCatalogFetch"":""not_measured_synthetic_inputs_are_in_memory"",""nativeFitting"":""measured where the scenario uses native NNLS"",""adapterFitting"":""not_applicable_native_javascript_path"",""qcEvidence"":""measured only for single_sample_fit_report"",""bootstrap"":""measured only for bootstrap_500"",""plotRendering"":""not_measured"",""reportSerialization"":""measured only for single_sample_fit_report"",""endToEndElapsed"":""measured"",""memory"":""observed JS heap sampled at stage boundaries where performance.memory is exposed; not OS process peak""}",80,,2052.6749999523163,1159.704999923706,
edge,150.0.4078.105,nmf_rank_selection_rank4,4,warm,completed,3325.6050000190735,,0,0,,3322.034999847412,3.570000171661377,42990389,42990389,,,,,,,,,,3.570000171661377,,,,"{""sdkModuleFetchImport"":""measured in cold phase; warm phase reuses the loaded module"",""pyodideInitialization"":""not_applicable_native_javascript_path"",""webRInitialization"":""not_applicable_native_javascript_path"",""wrappedPackageImport"":""not_applicable_native_javascript_path"",""publicSpectrumCatalogFetch"":""not_measured_synthetic_inputs_are_in_memory"",""nativeFitting"":""measured where the scenario uses native NNLS"",""adapterFitting"":""not_applicable_native_javascript_path"",""qcEvidence"":""measured only for single_sample_fit_report"",""bootstrap"":""measured only for bootstrap_500"",""plotRendering"":""not_measured"",""reportSerialization"":""measured only for single_sample_fit_report"",""endToEndElapsed"":""measured"",""memory"":""observed JS heap sampled at stage boundaries where performance.memory is exposed; not OS process peak""}",80,,2286.4000000953674,1035.5550000667572,
edge,150.0.4078.105,nmf_rank_selection_rank4,5,cold,completed,4350.265000104904,1382.9649999141693,1380.4700000286102,1382.9550001621246,,2964.135000228882,3.1649999618530273,51755233,51755233,1380.4700000286102,,,,,,,,,3.1649999618530273,,,,"{""sdkModuleFetchImport"":""measured in cold phase; warm phase reuses the loaded module"",""pyodideInitialization"":""not_applicable_native_javascript_path"",""webRInitialization"":""not_applicable_native_javascript_path"",""wrappedPackageImport"":""not_applicable_native_javascript_path"",""publicSpectrumCatalogFetch"":""not_measured_synthetic_inputs_are_in_memory"",""nativeFitting"":""measured where the scenario uses native NNLS"",""adapterFitting"":""not_applicable_native_javascript_path"",""qcEvidence"":""measured only for single_sample_fit_report"",""bootstrap"":""measured only for bootstrap_500"",""plotRendering"":""not_measured"",""reportSerialization"":""measured only for single_sample_fit_report"",""endToEndElapsed"":""measured"",""memory"":""observed JS heap sampled at stage boundaries where performance.memory is exposed; not OS process peak""}",80,,2001.6849999427795,962.2400000095367,
edge,150.0.4078.105,nmf_rank_selection_rank4,5,warm,completed,3318.3650000095367,,0,0,,3314.704999923706,3.6600000858306885,51755233,51755233,,,,,,,,,,3.6600000858306885,,,,"{""sdkModuleFetchImport"":""measured in cold phase; warm phase reuses the loaded module"",""pyodideInitialization"":""not_applicable_native_javascript_path"",""webRInitialization"":""not_applicable_native_javascript_path"",""wrappedPackageImport"":""not_applicable_native_javascript_path"",""publicSpectrumCatalogFetch"":""not_measured_synthetic_inputs_are_in_memory"",""nativeFitting"":""measured where the scenario uses native NNLS"",""adapterFitting"":""not_applicable_native_javascript_path"",""qcEvidence"":""measured only for single_sample_fit_report"",""bootstrap"":""measured only for bootstrap_500"",""plotRendering"":""not_measured"",""reportSerialization"":""measured only for single_sample_fit_report"",""endToEndElapsed"":""measured"",""memory"":""observed JS heap sampled at stage boundaries where performance.memory is exposed; not OS process peak""}",80,,2101.6849999427795,1212.8500001430511,
edge,150.0.4078.105,nmf_rank_selection_rank4,6,cold,completed,4519.234999895096,1319.9749999046326,1318.0550000667572,1319.9700000286102,,3195.9699997901917,3.2900002002716064,41717493,41717493,1318.0550000667572,,,,,,,,,3.2900002002716064,,,,"{""sdkModuleFetchImport"":""measured in cold phase; warm phase reuses the loaded module"",""pyodideInitialization"":""not_applicable_native_javascript_path"",""webRInitialization"":""not_applicable_native_javascript_path"",""wrappedPackageImport"":""not_applicable_native_javascript_path"",""publicSpectrumCatalogFetch"":""not_measured_synthetic_inputs_are_in_memory"",""nativeFitting"":""measured where the scenario uses native NNLS"",""adapterFitting"":""not_applicable_native_javascript_path"",""qcEvidence"":""measured only for single_sample_fit_report"",""bootstrap"":""measured only for bootstrap_500"",""plotRendering"":""not_measured"",""reportSerialization"":""measured only for single_sample_fit_report"",""endToEndElapsed"":""measured"",""memory"":""observed JS heap sampled at stage boundaries where performance.memory is exposed; not OS process peak""}",80,,2135.3849999904633,1060.4550001621246,
edge,150.0.4078.105,nmf_rank_selection_rank4,6,warm,completed,3200.2850000858307,,0,0,,3197.6449999809265,2.640000104904175,54031709,54031709,,,,,,,,,,2.640000104904175,,,,"{""sdkModuleFetchImport"":""measured in cold phase; warm phase reuses the loaded module"",""pyodideInitialization"":""not_applicable_native_javascript_path"",""webRInitialization"":""not_applicable_native_javascript_path"",""wrappedPackageImport"":""not_applicable_native_javascript_path"",""publicSpectrumCatalogFetch"":""not_measured_synthetic_inputs_are_in_memory"",""nativeFitting"":""measured where the scenario uses native NNLS"",""adapterFitting"":""not_applicable_native_javascript_path"",""qcEvidence"":""measured only for single_sample_fit_report"",""bootstrap"":""measured only for bootstrap_500"",""plotRendering"":""not_measured"",""reportSerialization"":""measured only for single_sample_fit_report"",""endToEndElapsed"":""measured"",""memory"":""observed JS heap sampled at stage boundaries where performance.memory is exposed; not OS process peak""}",80,,2184.034999847412,1013.5299999713898,
edge,150.0.4078.105,nmf_rank_selection_rank4,7,cold,completed,4771.045000076294,1490.2400000095367,1488.255000114441,1490.2300000190735,,3277.4400000572205,3.365000009536743,56375145,56375145,1488.255000114441,,,,,,,,,3.365000009536743,,,,"{""sdkModuleFetchImport"":""measured in cold phase; warm phase reuses the loaded module"",""pyodideInitialization"":""not_applicable_native_javascript_path"",""webRInitialization"":""not_applicable_native_javascript_path"",""wrappedPackageImport"":""not_applicable_native_javascript_path"",""publicSpectrumCatalogFetch"":""not_measured_synthetic_inputs_are_in_memory"",""nativeFitting"":""measured where the scenario uses native NNLS"",""adapterFitting"":""not_applicable_native_javascript_path"",""qcEvidence"":""measured only for single_sample_fit_report"",""bootstrap"":""measured only for bootstrap_500"",""plotRendering"":""not_measured"",""reportSerialization"":""measured only for single_sample_fit_report"",""endToEndElapsed"":""measured"",""memory"":""observed JS heap sampled at stage boundaries where performance.memory is exposed; not OS process peak""}",80,,2122.289999961853,1155.0099999904633,
edge,150.0.4078.105,nmf_rank_selection_rank4,7,warm,completed,3356.515000104904,,0,0,,3353.5950000286102,2.9200000762939453,56375145,56375145,,,,,,,,,,2.9200000762939453,,,,"{""sdkModuleFetchImport"":""measured in cold phase; warm phase reuses the loaded module"",""pyodideInitialization"":""not_applicable_native_javascript_path"",""webRInitialization"":""not_applicable_native_javascript_path"",""wrappedPackageImport"":""not_applicable_native_javascript_path"",""publicSpectrumCatalogFetch"":""not_measured_synthetic_inputs_are_in_memory"",""nativeFitting"":""measured where the scenario uses native NNLS"",""adapterFitting"":""not_applicable_native_javascript_path"",""qcEvidence"":""measured only for single_sample_fit_report"",""bootstrap"":""measured only for bootstrap_500"",""plotRendering"":""not_measured"",""reportSerialization"":""measured only for single_sample_fit_report"",""endToEndElapsed"":""measured"",""memory"":""observed JS heap sampled at stage boundaries where performance.memory is exposed; not OS process peak""}",80,,2277.375,1076.1449999809265,
edge,150.0.4078.105,nmf_rank_selection_rank4,8,cold,completed,5075.839999914169,1392.4199998378754,1389.414999961853,1392.4199998378754,,3679.5199999809265,3.9000000953674316,37987945,37987945,1389.414999961853,,,,,,,,,3.9000000953674316,,,,"{""sdkModuleFetchImport"":""measured in cold phase; warm phase reuses the loaded module"",""pyodideInitialization"":""not_applicable_native_javascript_path"",""webRInitialization"":""not_applicable_native_javascript_path"",""wrappedPackageImport"":""not_applicable_native_javascript_path"",""publicSpectrumCatalogFetch"":""not_measured_synthetic_inputs_are_in_memory"",""nativeFitting"":""measured where the scenario uses native NNLS"",""adapterFitting"":""not_applicable_native_javascript_path"",""qcEvidence"":""measured only for single_sample_fit_report"",""bootstrap"":""measured only for bootstrap_500"",""plotRendering"":""not_measured"",""reportSerialization"":""measured only for single_sample_fit_report"",""endToEndElapsed"":""measured"",""memory"":""observed JS heap sampled at stage boundaries where performance.memory is exposed; not OS process peak""}",80,,2396.6100001335144,1282.7649998664856,
edge,150.0.4078.105,nmf_rank_selection_rank4,8,warm,completed,3832.3700001239777,,0,0,,3828.3949999809265,3.9750001430511475,42624933,42624933,,,,,,,,,,3.9750001430511475,,,,"{""sdkModuleFetchImport"":""measured in cold phase; warm phase reuses the loaded module"",""pyodideInitialization"":""not_applicable_native_javascript_path"",""webRInitialization"":""not_applicable_native_javascript_path"",""wrappedPackageImport"":""not_applicable_native_javascript_path"",""publicSpectrumCatalogFetch"":""not_measured_synthetic_inputs_are_in_memory"",""nativeFitting"":""measured where the scenario uses native NNLS"",""adapterFitting"":""not_applicable_native_javascript_path"",""qcEvidence"":""measured only for single_sample_fit_report"",""bootstrap"":""measured only for bootstrap_500"",""plotRendering"":""not_measured"",""reportSerialization"":""measured only for single_sample_fit_report"",""endToEndElapsed"":""measured"",""memory"":""observed JS heap sampled at stage boundaries where performance.memory is exposed; not OS process peak""}",80,,2353.1600000858307,1475.125,
edge,150.0.4078.105,nmf_rank_selection_rank4,9,cold,completed,4718.299999713898,1371.0149998664856,1368.7549998760223,1371.0099999904633,,3343.724999666214,3.56000018119812,57786481,57786481,1368.7549998760223,,,,,,,,,3.56000018119812,,,,"{""sdkModuleFetchImport"":""measured in cold phase; warm phase reuses the loaded module"",""pyodideInitialization"":""not_applicable_native_javascript_path"",""webRInitialization"":""not_applicable_native_javascript_path"",""wrappedPackageImport"":""not_applicable_native_javascript_path"",""publicSpectrumCatalogFetch"":""not_measured_synthetic_inputs_are_in_memory"",""nativeFitting"":""measured where the scenario uses native NNLS"",""adapterFitting"":""not_applicable_native_javascript_path"",""qcEvidence"":""measured only for single_sample_fit_report"",""bootstrap"":""measured only for bootstrap_500"",""plotRendering"":""not_measured"",""reportSerialization"":""measured only for single_sample_fit_report"",""endToEndElapsed"":""measured"",""memory"":""observed JS heap sampled at stage boundaries where performance.memory is exposed; not OS process peak""}",80,,2040.9000000953674,1302.6699998378754,
edge,150.0.4078.105,nmf_rank_selection_rank4,9,warm,completed,4696.375,,0,0,,4693.630000114441,2.744999885559082,57786481,57786481,,,,,,,,,,2.744999885559082,,,,"{""sdkModuleFetchImport"":""measured in cold phase; warm phase reuses the loaded module"",""pyodideInitialization"":""not_applicable_native_javascript_path"",""webRInitialization"":""not_applicable_native_javascript_path"",""wrappedPackageImport"":""not_applicable_native_javascript_path"",""publicSpectrumCatalogFetch"":""not_measured_synthetic_inputs_are_in_memory"",""nativeFitting"":""measured where the scenario uses native NNLS"",""adapterFitting"":""not_applicable_native_javascript_path"",""qcEvidence"":""measured only for single_sample_fit_report"",""bootstrap"":""measured only for bootstrap_500"",""plotRendering"":""not_measured"",""reportSerialization"":""measured only for single_sample_fit_report"",""endToEndElapsed"":""measured"",""memory"":""observed JS heap sampled at stage boundaries where performance.memory is exposed; not OS process peak""}",80,,3214.994999885559,1478.5350000858307,
edge,150.0.4078.105,nmf_rank_selection_rank4,10,cold,completed,5172.795000076294,1339.960000038147,1337.7400000095367,1339.954999923706,,3829.539999961853,3.2950000762939453,27730002,27730002,1337.7400000095367,,,,,,,,,3.2950000762939453,,,,"{""sdkModuleFetchImport"":""measured in cold phase; warm phase reuses the loaded module"",""pyodideInitialization"":""not_applicable_native_javascript_path"",""webRInitialization"":""not_applicable_native_javascript_path"",""wrappedPackageImport"":""not_applicable_native_javascript_path"",""publicSpectrumCatalogFetch"":""not_measured_synthetic_inputs_are_in_memory"",""nativeFitting"":""measured where the scenario uses native NNLS"",""adapterFitting"":""not_applicable_native_javascript_path"",""qcEvidence"":""measured only for single_sample_fit_report"",""bootstrap"":""measured only for bootstrap_500"",""plotRendering"":""not_measured"",""reportSerialization"":""measured only for single_sample_fit_report"",""endToEndElapsed"":""measured"",""memory"":""observed JS heap sampled at stage boundaries where performance.memory is exposed; not OS process peak""}",80,,2329.149999856949,1500.2450001239777,
edge,150.0.4078.105,nmf_rank_selection_rank4,10,warm,completed,4208.390000104904,,0,0,,4205.405000209808,2.984999895095825,51521914,51521914,,,,,,,,,,2.984999895095825,,,,"{""sdkModuleFetchImport"":""measured in cold phase; warm phase reuses the loaded module"",""pyodideInitialization"":""not_applicable_native_javascript_path"",""webRInitialization"":""not_applicable_native_javascript_path"",""wrappedPackageImport"":""not_applicable_native_javascript_path"",""publicSpectrumCatalogFetch"":""not_measured_synthetic_inputs_are_in_memory"",""nativeFitting"":""measured where the scenario uses native NNLS"",""adapterFitting"":""not_applicable_native_javascript_path"",""qcEvidence"":""measured only for single_sample_fit_report"",""bootstrap"":""measured only for bootstrap_500"",""plotRendering"":""not_measured"",""reportSerialization"":""measured only for single_sample_fit_report"",""endToEndElapsed"":""measured"",""memory"":""observed JS heap sampled at stage boundaries where performance.memory is exposed; not OS process peak""}",80,,3059.164999961853,1146.1549999713898,
edge,150.0.4078.105,nmf_rank_selection_rank4,11,cold,completed,5251.22000002861,1434.9700000286102,1432.5699999332428,1434.9700000286102,,3812.6849999427795,3.565000057220459,44340038,44340038,1432.5699999332428,,,,,,,,,3.565000057220459,,,,"{""sdkModuleFetchImport"":""measured in cold phase; warm phase reuses the loaded module"",""pyodideInitialization"":""not_applicable_native_javascript_path"",""webRInitialization"":""not_applicable_native_javascript_path"",""wrappedPackageImport"":""not_applicable_native_javascript_path"",""publicSpectrumCatalogFetch"":""not_measured_synthetic_inputs_are_in_memory"",""nativeFitting"":""measured where the scenario uses native NNLS"",""adapterFitting"":""not_applicable_native_javascript_path"",""qcEvidence"":""measured only for single_sample_fit_report"",""bootstrap"":""measured only for bootstrap_500"",""plotRendering"":""not_measured"",""reportSerialization"":""measured only for single_sample_fit_report"",""endToEndElapsed"":""measured"",""memory"":""observed JS heap sampled at stage boundaries where performance.memory is exposed; not OS process peak""}",80,,2279.055000066757,1533.5,
edge,150.0.4078.105,nmf_rank_selection_rank4,11,warm,completed,3633.215000152588,,0,0,,3630.3750002384186,2.8399999141693115,44340038,44340038,,,,,,,,,,2.8399999141693115,,,,"{""sdkModuleFetchImport"":""measured in cold phase; warm phase reuses the loaded module"",""pyodideInitialization"":""not_applicable_native_javascript_path"",""webRInitialization"":""not_applicable_native_javascript_path"",""wrappedPackageImport"":""not_applicable_native_javascript_path"",""publicSpectrumCatalogFetch"":""not_measured_synthetic_inputs_are_in_memory"",""nativeFitting"":""measured where the scenario uses native NNLS"",""adapterFitting"":""not_applicable_native_javascript_path"",""qcEvidence"":""measured only for single_sample_fit_report"",""bootstrap"":""measured only for bootstrap_500"",""plotRendering"":""not_measured"",""reportSerialization"":""measured only for single_sample_fit_report"",""endToEndElapsed"":""measured"",""memory"":""observed JS heap sampled at stage boundaries where performance.memory is exposed; not OS process peak""}",80,,2464.0350000858307,1166.2599999904633,
edge,150.0.4078.105,nmf_rank_selection_rank4,12,cold,completed,4976.859999895096,1308.6299998760223,1306.4300000667572,1308.625,,3664.8849999904633,3.3450000286102295,31706802,31706802,1306.4300000667572,,,,,,,,,3.3450000286102295,,,,"{""sdkModuleFetchImport"":""measured in cold phase; warm phase reuses the loaded module"",""pyodideInitialization"":""not_applicable_native_javascript_path"",""webRInitialization"":""not_applicable_native_javascript_path"",""wrappedPackageImport"":""not_applicable_native_javascript_path"",""publicSpectrumCatalogFetch"":""not_measured_synthetic_inputs_are_in_memory"",""nativeFitting"":""measured where the scenario uses native NNLS"",""adapterFitting"":""not_applicable_native_javascript_path"",""qcEvidence"":""measured only for single_sample_fit_report"",""bootstrap"":""measured only for bootstrap_500"",""plotRendering"":""not_measured"",""reportSerialization"":""measured only for single_sample_fit_report"",""endToEndElapsed"":""measured"",""memory"":""observed JS heap sampled at stage boundaries where performance.memory is exposed; not OS process peak""}",80,,2183.1699998378754,1481.5500001907349,
edge,150.0.4078.105,nmf_rank_selection_rank4,12,warm,completed,3373.399999856949,,0,0,,3370.399999856949,3,48350174,48350174,,,,,,,,,,3,,,,"{""sdkModuleFetchImport"":""measured in cold phase; warm phase reuses the loaded module"",""pyodideInitialization"":""not_applicable_native_javascript_path"",""webRInitialization"":""not_applicable_native_javascript_path"",""wrappedPackageImport"":""not_applicable_native_javascript_path"",""publicSpectrumCatalogFetch"":""not_measured_synthetic_inputs_are_in_memory"",""nativeFitting"":""measured where the scenario uses native NNLS"",""adapterFitting"":""not_applicable_native_javascript_path"",""qcEvidence"":""measured only for single_sample_fit_report"",""bootstrap"":""measured only for bootstrap_500"",""plotRendering"":""not_measured"",""reportSerialization"":""measured only for single_sample_fit_report"",""endToEndElapsed"":""measured"",""memory"":""observed JS heap sampled at stage boundaries where performance.memory is exposed; not OS process peak""}",80,,2301.6600000858307,1068.664999961853,
edge,150.0.4078.105,nmf_rank_selection_rank4,13,cold,completed,4970.799999952316,1363.6399998664856,1361.6150000095367,1363.6349999904633,,3604.4800000190735,2.680000066757202,39574634,39574634,1361.6150000095367,,,,,,,,,2.680000066757202,,,,"{""sdkModuleFetchImport"":""measured in cold phase; warm phase reuses the loaded module"",""pyodideInitialization"":""not_applicable_native_javascript_path"",""webRInitialization"":""not_applicable_native_javascript_path"",""wrappedPackageImport"":""not_applicable_native_javascript_path"",""publicSpectrumCatalogFetch"":""not_measured_synthetic_inputs_are_in_memory"",""nativeFitting"":""measured where the scenario uses native NNLS"",""adapterFitting"":""not_applicable_native_javascript_path"",""qcEvidence"":""measured only for single_sample_fit_report"",""bootstrap"":""measured only for bootstrap_500"",""plotRendering"":""not_measured"",""reportSerialization"":""measured only for single_sample_fit_report"",""endToEndElapsed"":""measured"",""memory"":""observed JS heap sampled at stage boundaries where performance.memory is exposed; not OS process peak""}",80,,2272.564999818802,1331.7650001049042,
edge,150.0.4078.105,nmf_rank_selection_rank4,13,warm,completed,3423.4700000286102,,0,0,,3420.215000152588,3.254999876022339,49653858,49653858,,,,,,,,,,3.254999876022339,,,,"{""sdkModuleFetchImport"":""measured in cold phase; warm phase reuses the loaded module"",""pyodideInitialization"":""not_applicable_native_javascript_path"",""webRInitialization"":""not_applicable_native_javascript_path"",""wrappedPackageImport"":""not_applicable_native_javascript_path"",""publicSpectrumCatalogFetch"":""not_measured_synthetic_inputs_are_in_memory"",""nativeFitting"":""measured where the scenario uses native NNLS"",""adapterFitting"":""not_applicable_native_javascript_path"",""qcEvidence"":""measured only for single_sample_fit_report"",""bootstrap"":""measured only for bootstrap_500"",""plotRendering"":""not_measured"",""reportSerialization"":""measured only for single_sample_fit_report"",""endToEndElapsed"":""measured"",""memory"":""observed JS heap sampled at stage boundaries where performance.memory is exposed; not OS process peak""}",80,,2111.9100000858307,1308.2149999141693,
edge,150.0.4078.105,nmf_rank_selection_rank4,14,cold,completed,8337.09500002861,4062.164999961853,4058.75,4062.164999961853,,4270.8550000190735,4.075000047683716,42495958,42495958,4058.75,,,,,,,,,4.075000047683716,,,,"{""sdkModuleFetchImport"":""measured in cold phase; warm phase reuses the loaded module"",""pyodideInitialization"":""not_applicable_native_javascript_path"",""webRInitialization"":""not_applicable_native_javascript_path"",""wrappedPackageImport"":""not_applicable_native_javascript_path"",""publicSpectrumCatalogFetch"":""not_measured_synthetic_inputs_are_in_memory"",""nativeFitting"":""measured where the scenario uses native NNLS"",""adapterFitting"":""not_applicable_native_javascript_path"",""qcEvidence"":""measured only for single_sample_fit_report"",""bootstrap"":""measured only for bootstrap_500"",""plotRendering"":""not_measured"",""reportSerialization"":""measured only for single_sample_fit_report"",""endToEndElapsed"":""measured"",""memory"":""observed JS heap sampled at stage boundaries where performance.memory is exposed; not OS process peak""}",80,,2599.0049998760223,1671.6850001811981,
edge,150.0.4078.105,nmf_rank_selection_rank4,14,warm,completed,4234.490000009537,,0,0,,4231.72000002861,2.7699999809265137,42495958,42495958,,,,,,,,,,2.7699999809265137,,,,"{""sdkModuleFetchImport"":""measured in cold phase; warm phase reuses the loaded module"",""pyodideInitialization"":""not_applicable_native_javascript_path"",""webRInitialization"":""not_applicable_native_javascript_path"",""wrappedPackageImport"":""not_applicable_native_javascript_path"",""publicSpectrumCatalogFetch"":""not_measured_synthetic_inputs_are_in_memory"",""nativeFitting"":""measured where the scenario uses native NNLS"",""adapterFitting"":""not_applicable_native_javascript_path"",""qcEvidence"":""measured only for single_sample_fit_report"",""bootstrap"":""measured only for bootstrap_500"",""plotRendering"":""not_measured"",""reportSerialization"":""measured only for single_sample_fit_report"",""endToEndElapsed"":""measured"",""memory"":""observed JS heap sampled at stage boundaries where performance.memory is exposed; not OS process peak""}",80,,3063.4500000476837,1168.1899998188019,
edge,150.0.4078.105,nmf_rank_selection_rank4,15,cold,completed,5207.554999828339,1366.1449999809265,1363.9850001335144,1366.1400001049042,,3837.7649998664856,3.6449999809265137,43537010,43537010,1363.9850001335144,,,,,,,,,3.6449999809265137,,,,"{""sdkModuleFetchImport"":""measured in cold phase; warm phase reuses the loaded module"",""pyodideInitialization"":""not_applicable_native_javascript_path"",""webRInitialization"":""not_applicable_native_javascript_path"",""wrappedPackageImport"":""not_applicable_native_javascript_path"",""publicSpectrumCatalogFetch"":""not_measured_synthetic_inputs_are_in_memory"",""nativeFitting"":""measured where the scenario uses native NNLS"",""adapterFitting"":""not_applicable_native_javascript_path"",""qcEvidence"":""measured only for single_sample_fit_report"",""bootstrap"":""measured only for bootstrap_500"",""plotRendering"":""not_measured"",""reportSerialization"":""measured only for single_sample_fit_report"",""endToEndElapsed"":""measured"",""memory"":""observed JS heap sampled at stage boundaries where performance.memory is exposed; not OS process peak""}",80,,2321.3849999904633,1516.2400000095367,
edge,150.0.4078.105,nmf_rank_selection_rank4,15,warm,completed,3599.3600001335144,,0,0,,3595.9500002861023,3.4099998474121094,43537010,43537010,,,,,,,,,,3.4099998474121094,,,,"{""sdkModuleFetchImport"":""measured in cold phase; warm phase reuses the loaded module"",""pyodideInitialization"":""not_applicable_native_javascript_path"",""webRInitialization"":""not_applicable_native_javascript_path"",""wrappedPackageImport"":""not_applicable_native_javascript_path"",""publicSpectrumCatalogFetch"":""not_measured_synthetic_inputs_are_in_memory"",""nativeFitting"":""measured where the scenario uses native NNLS"",""adapterFitting"":""not_applicable_native_javascript_path"",""qcEvidence"":""measured only for single_sample_fit_report"",""bootstrap"":""measured only for bootstrap_500"",""plotRendering"":""not_measured"",""reportSerialization"":""measured only for single_sample_fit_report"",""endToEndElapsed"":""measured"",""memory"":""observed JS heap sampled at stage boundaries where performance.memory is exposed; not OS process peak""}",80,,2404.055000066757,1191.7949998378754,
edge,150.0.4078.105,nmf_rank_selection_rank4,16,cold,completed,5185.7300000190735,1402.3900001049042,1400.395000219345,1402.3900001049042,,3779.4649999141693,3.875,40505078,40505078,1400.395000219345,,,,,,,,,3.875,,,,"{""sdkModuleFetchImport"":""measured in cold phase; warm phase reuses the loaded module"",""pyodideInitialization"":""not_applicable_native_javascript_path"",""webRInitialization"":""not_applicable_native_javascript_path"",""wrappedPackageImport"":""not_applicable_native_javascript_path"",""publicSpectrumCatalogFetch"":""not_measured_synthetic_inputs_are_in_memory"",""nativeFitting"":""measured where the scenario uses native NNLS"",""adapterFitting"":""not_applicable_native_javascript_path"",""qcEvidence"":""measured only for single_sample_fit_report"",""bootstrap"":""measured only for bootstrap_500"",""plotRendering"":""not_measured"",""reportSerialization"":""measured only for single_sample_fit_report"",""endToEndElapsed"":""measured"",""memory"":""observed JS heap sampled at stage boundaries where performance.memory is exposed; not OS process peak""}",80,,2350.585000038147,1428.710000038147,
edge,150.0.4078.105,nmf_rank_selection_rank4,16,warm,completed,3262.9800000190735,,0,0,,3259.9349999427795,3.0450000762939453,40505078,40505078,,,,,,,,,,3.0450000762939453,,,,"{""sdkModuleFetchImport"":""measured in cold phase; warm phase reuses the loaded module"",""pyodideInitialization"":""not_applicable_native_javascript_path"",""webRInitialization"":""not_applicable_native_javascript_path"",""wrappedPackageImport"":""not_applicable_native_javascript_path"",""publicSpectrumCatalogFetch"":""not_measured_synthetic_inputs_are_in_memory"",""nativeFitting"":""measured where the scenario uses native NNLS"",""adapterFitting"":""not_applicable_native_javascript_path"",""qcEvidence"":""measured only for single_sample_fit_report"",""bootstrap"":""measured only for bootstrap_500"",""plotRendering"":""not_measured"",""reportSerialization"":""measured only for single_sample_fit_report"",""endToEndElapsed"":""measured"",""memory"":""observed JS heap sampled at stage boundaries where performance.memory is exposed; not OS process peak""}",80,,2223.7999999523163,1036.0650000572205,
edge,150.0.4078.105,nmf_rank_selection_rank4,17,cold,completed,6632.52999997139,3415.579999923706,3413.064999818802,3415.574999809265,,3213.805000066757,3.1449999809265137,39799665,39799665,3413.064999818802,,,,,,,,,3.1449999809265137,,,,"{""sdkModuleFetchImport"":""measured in cold phase; warm phase reuses the loaded module"",""pyodideInitialization"":""not_applicable_native_javascript_path"",""webRInitialization"":""not_applicable_native_javascript_path"",""wrappedPackageImport"":""not_applicable_native_javascript_path"",""publicSpectrumCatalogFetch"":""not_measured_synthetic_inputs_are_in_memory"",""nativeFitting"":""measured where the scenario uses native NNLS"",""adapterFitting"":""not_applicable_native_javascript_path"",""qcEvidence"":""measured only for single_sample_fit_report"",""bootstrap"":""measured only for bootstrap_500"",""plotRendering"":""not_measured"",""reportSerialization"":""measured only for single_sample_fit_report"",""endToEndElapsed"":""measured"",""memory"":""observed JS heap sampled at stage boundaries where performance.memory is exposed; not OS process peak""}",80,,2226.7200000286102,986.9349999427795,
edge,150.0.4078.105,nmf_rank_selection_rank4,17,warm,completed,3461.534999847412,,0,0,,3457.829999923706,3.7049999237060547,39799665,39799665,,,,,,,,,,3.7049999237060547,,,,"{""sdkModuleFetchImport"":""measured in cold phase; warm phase reuses the loaded module"",""pyodideInitialization"":""not_applicable_native_javascript_path"",""webRInitialization"":""not_applicable_native_javascript_path"",""wrappedPackageImport"":""not_applicable_native_javascript_path"",""publicSpectrumCatalogFetch"":""not_measured_synthetic_inputs_are_in_memory"",""nativeFitting"":""measured where the scenario uses native NNLS"",""adapterFitting"":""not_applicable_native_javascript_path"",""qcEvidence"":""measured only for single_sample_fit_report"",""bootstrap"":""measured only for bootstrap_500"",""plotRendering"":""not_measured"",""reportSerialization"":""measured only for single_sample_fit_report"",""endToEndElapsed"":""measured"",""memory"":""observed JS heap sampled at stage boundaries where performance.memory is exposed; not OS process peak""}",80,,2292.789999961853,1164.954999923706,
edge,150.0.4078.105,nmf_rank_selection_rank4,18,cold,completed,4445.52999997139,1321.460000038147,1319.215000152588,1321.460000038147,,3120.8450000286102,3.2249999046325684,47252494,47252494,1319.215000152588,,,,,,,,,3.2249999046325684,,,,"{""sdkModuleFetchImport"":""measured in cold phase; warm phase reuses the loaded module"",""pyodideInitialization"":""not_applicable_native_javascript_path"",""webRInitialization"":""not_applicable_native_javascript_path"",""wrappedPackageImport"":""not_applicable_native_javascript_path"",""publicSpectrumCatalogFetch"":""not_measured_synthetic_inputs_are_in_memory"",""nativeFitting"":""measured where the scenario uses native NNLS"",""adapterFitting"":""not_applicable_native_javascript_path"",""qcEvidence"":""measured only for single_sample_fit_report"",""bootstrap"":""measured only for bootstrap_500"",""plotRendering"":""not_measured"",""reportSerialization"":""measured only for single_sample_fit_report"",""endToEndElapsed"":""measured"",""memory"":""observed JS heap sampled at stage boundaries where performance.memory is exposed; not OS process peak""}",80,,2104.3650000095367,1016.329999923706,
edge,150.0.4078.105,nmf_rank_selection_rank4,18,warm,completed,3558.284999847412,,0,0,,3555.1249997615814,3.1600000858306885,47252494,47252494,,,,,,,,,,3.1600000858306885,,,,"{""sdkModuleFetchImport"":""measured in cold phase; warm phase reuses the loaded module"",""pyodideInitialization"":""not_applicable_native_javascript_path"",""webRInitialization"":""not_applicable_native_javascript_path"",""wrappedPackageImport"":""not_applicable_native_javascript_path"",""publicSpectrumCatalogFetch"":""not_measured_synthetic_inputs_are_in_memory"",""nativeFitting"":""measured where the scenario uses native NNLS"",""adapterFitting"":""not_applicable_native_javascript_path"",""qcEvidence"":""measured only for single_sample_fit_report"",""bootstrap"":""measured only for bootstrap_500"",""plotRendering"":""not_measured"",""reportSerialization"":""measured only for single_sample_fit_report"",""endToEndElapsed"":""measured"",""memory"":""observed JS heap sampled at stage boundaries where performance.memory is exposed; not OS process peak""}",80,,2358.4450001716614,1196.6099998950958,
edge,150.0.4078.105,nmf_rank_selection_rank4,19,cold,completed,4655.6849999427795,1247.335000038147,1245.1099998950958,1247.329999923706,,3405.5549998283386,2.7950000762939453,27362358,27362358,1245.1099998950958,,,,,,,,,2.7950000762939453,,,,"{""sdkModuleFetchImport"":""measured in cold phase; warm phase reuses the loaded module"",""pyodideInitialization"":""not_applicable_native_javascript_path"",""webRInitialization"":""not_applicable_native_javascript_path"",""wrappedPackageImport"":""not_applicable_native_javascript_path"",""publicSpectrumCatalogFetch"":""not_measured_synthetic_inputs_are_in_memory"",""nativeFitting"":""measured where the scenario uses native NNLS"",""adapterFitting"":""not_applicable_native_javascript_path"",""qcEvidence"":""measured only for single_sample_fit_report"",""bootstrap"":""measured only for bootstrap_500"",""plotRendering"":""not_measured"",""reportSerialization"":""measured only for single_sample_fit_report"",""endToEndElapsed"":""measured"",""memory"":""observed JS heap sampled at stage boundaries where performance.memory is exposed; not OS process peak""}",80,,2263.774999856949,1141.630000114441,
edge,150.0.4078.105,nmf_rank_selection_rank4,19,warm,completed,3888.2850000858307,,0,0,,3885.2000000476837,3.0850000381469727,49521062,49521062,,,,,,,,,,3.0850000381469727,,,,"{""sdkModuleFetchImport"":""measured in cold phase; warm phase reuses the loaded module"",""pyodideInitialization"":""not_applicable_native_javascript_path"",""webRInitialization"":""not_applicable_native_javascript_path"",""wrappedPackageImport"":""not_applicable_native_javascript_path"",""publicSpectrumCatalogFetch"":""not_measured_synthetic_inputs_are_in_memory"",""nativeFitting"":""measured where the scenario uses native NNLS"",""adapterFitting"":""not_applicable_native_javascript_path"",""qcEvidence"":""measured only for single_sample_fit_report"",""bootstrap"":""measured only for bootstrap_500"",""plotRendering"":""not_measured"",""reportSerialization"":""measured only for single_sample_fit_report"",""endToEndElapsed"":""measured"",""memory"":""observed JS heap sampled at stage boundaries where performance.memory is exposed; not OS process peak""}",80,,2475.8949999809265,1409.2200000286102,
edge,150.0.4078.105,nmf_rank_selection_rank4,20,cold,completed,5259.429999828339,1347.7400000095367,1345.2649998664856,1347.7350001335144,,3907.824999809265,3.865000009536743,46054666,46054666,1345.2649998664856,,,,,,,,,3.865000009536743,,,,"{""sdkModuleFetchImport"":""measured in cold phase; warm phase reuses the loaded module"",""pyodideInitialization"":""not_applicable_native_javascript_path"",""webRInitialization"":""not_applicable_native_javascript_path"",""wrappedPackageImport"":""not_applicable_native_javascript_path"",""publicSpectrumCatalogFetch"":""not_measured_synthetic_inputs_are_in_memory"",""nativeFitting"":""measured where the scenario uses native NNLS"",""adapterFitting"":""not_applicable_native_javascript_path"",""qcEvidence"":""measured only for single_sample_fit_report"",""bootstrap"":""measured only for bootstrap_500"",""plotRendering"":""not_measured"",""reportSerialization"":""measured only for single_sample_fit_report"",""endToEndElapsed"":""measured"",""memory"":""observed JS heap sampled at stage boundaries where performance.memory is exposed; not OS process peak""}",80,,2357.9550001621246,1549.7200000286102,
edge,150.0.4078.105,nmf_rank_selection_rank4,20,warm,completed,4133.659999847412,,0,0,,4130.849999904633,2.809999942779541,46054666,46054666,,,,,,,,,,2.809999942779541,,,,"{""sdkModuleFetchImport"":""measured in cold phase; warm phase reuses the loaded module"",""pyodideInitialization"":""not_applicable_native_javascript_path"",""webRInitialization"":""not_applicable_native_javascript_path"",""wrappedPackageImport"":""not_applicable_native_javascript_path"",""publicSpectrumCatalogFetch"":""not_measured_synthetic_inputs_are_in_memory"",""nativeFitting"":""measured where the scenario uses native NNLS"",""adapterFitting"":""not_applicable_native_javascript_path"",""qcEvidence"":""measured only for single_sample_fit_report"",""bootstrap"":""measured only for bootstrap_500"",""plotRendering"":""not_measured"",""reportSerialization"":""measured only for single_sample_fit_report"",""endToEndElapsed"":""measured"",""memory"":""observed JS heap sampled at stage boundaries where performance.memory is exposed; not OS process peak""}",80,,3030.880000114441,1099.8799998760223,
firefox,150.0.2,single_sample_fit_report,1,cold,completed,1043.1599999999999,1040.72,1038.58,1040.0800000000002,,2.0399999999999636,0.3999999999998636,,,1038.58,,,1.3799999999998818,,0.6400000000001,,,0.3999999999998636,,,,,"{""sdkModuleFetchImport"":""measured in cold phase; warm phase reuses the loaded module"",""pyodideInitialization"":""not_applicable_native_javascript_path"",""webRInitialization"":""not_applicable_native_javascript_path"",""wrappedPackageImport"":""not_applicable_native_javascript_path"",""publicSpectrumCatalogFetch"":""not_measured_synthetic_inputs_are_in_memory"",""nativeFitting"":""measured where the scenario uses native NNLS"",""adapterFitting"":""not_applicable_native_javascript_path"",""qcEvidence"":""measured only for single_sample_fit_report"",""bootstrap"":""measured only for bootstrap_500"",""plotRendering"":""not_measured"",""reportSerialization"":""measured only for single_sample_fit_report"",""endToEndElapsed"":""measured"",""memory"":""observed JS heap sampled at stage boundaries where performance.memory is exposed; not OS process peak""}",1,9,,,
firefox,150.0.2,single_sample_fit_report,1,warm,completed,3.259999999999991,,0,0,,1.4199999999998454,1.8400000000001455,,,,,,1.0599999999999454,,0.35999999999989996,,,1.8400000000001455,,,,,"{""sdkModuleFetchImport"":""measured in cold phase; warm phase reuses the loaded module"",""pyodideInitialization"":""not_applicable_native_javascript_path"",""webRInitialization"":""not_applicable_native_javascript_path"",""wrappedPackageImport"":""not_applicable_native_javascript_path"",""publicSpectrumCatalogFetch"":""not_measured_synthetic_inputs_are_in_memory"",""nativeFitting"":""measured where the scenario uses native NNLS"",""adapterFitting"":""not_applicable_native_javascript_path"",""qcEvidence"":""measured only for single_sample_fit_report"",""bootstrap"":""measured only for bootstrap_500"",""plotRendering"":""not_measured"",""reportSerialization"":""measured only for single_sample_fit_report"",""endToEndElapsed"":""measured"",""memory"":""observed JS heap sampled at stage boundaries where performance.memory is exposed; not OS process peak""}",1,9,,,
firefox,150.0.2,single_sample_fit_report,2,cold,completed,977.6000000000001,974.3600000000001,971.48,973.7,,2.7000000000000455,0.5399999999999636,,,971.48,,,1.6600000000000819,,0.9800000000000182,,,0.5399999999999636,,,,,"{""sdkModuleFetchImport"":""measured in cold phase; warm phase reuses the loaded module"",""pyodideInitialization"":""not_applicable_native_javascript_path"",""webRInitialization"":""not_applicable_native_javascript_path"",""wrappedPackageImport"":""not_applicable_native_javascript_path"",""publicSpectrumCatalogFetch"":""not_measured_synthetic_inputs_are_in_memory"",""nativeFitting"":""measured where the scenario uses native NNLS"",""adapterFitting"":""not_applicable_native_javascript_path"",""qcEvidence"":""measured only for single_sample_fit_report"",""bootstrap"":""measured only for bootstrap_500"",""plotRendering"":""not_measured"",""reportSerialization"":""measured only for single_sample_fit_report"",""endToEndElapsed"":""measured"",""memory"":""observed JS heap sampled at stage boundaries where performance.memory is exposed; not OS process peak""}",1,9,,,
firefox,150.0.2,single_sample_fit_report,2,warm,completed,4.460000000000036,,0,0,,2,2.4600000000000364,,,,,,1.4600000000000364,,0.5399999999999636,,,2.4600000000000364,,,,,"{""sdkModuleFetchImport"":""measured in cold phase; warm phase reuses the loaded module"",""pyodideInitialization"":""not_applicable_native_javascript_path"",""webRInitialization"":""not_applicable_native_javascript_path"",""wrappedPackageImport"":""not_applicable_native_javascript_path"",""publicSpectrumCatalogFetch"":""not_measured_synthetic_inputs_are_in_memory"",""nativeFitting"":""measured where the scenario uses native NNLS"",""adapterFitting"":""not_applicable_native_javascript_path"",""qcEvidence"":""measured only for single_sample_fit_report"",""bootstrap"":""measured only for bootstrap_500"",""plotRendering"":""not_measured"",""reportSerialization"":""measured only for single_sample_fit_report"",""endToEndElapsed"":""measured"",""memory"":""observed JS heap sampled at stage boundaries where performance.memory is exposed; not OS process peak""}",1,9,,,
firefox,150.0.2,single_sample_fit_report,3,cold,completed,1021.9000000000002,1019.36,1026.92,1018.8000000000001,,2.1800000000000637,0.36000000000012733,,,1026.92,,,1.4399999999998272,,0.7000000000000455,,,0.36000000000012733,,,,,"{""sdkModuleFetchImport"":""measured in cold phase; warm phase reuses the loaded module"",""pyodideInitialization"":""not_applicable_native_javascript_path"",""webRInitialization"":""not_applicable_native_javascript_path"",""wrappedPackageImport"":""not_applicable_native_javascript_path"",""publicSpectrumCatalogFetch"":""not_measured_synthetic_inputs_are_in_memory"",""nativeFitting"":""measured where the scenario uses native NNLS"",""adapterFitting"":""not_applicable_native_javascript_path"",""qcEvidence"":""measured only for single_sample_fit_report"",""bootstrap"":""measured only for bootstrap_500"",""plotRendering"":""not_measured"",""reportSerialization"":""measured only for single_sample_fit_report"",""endToEndElapsed"":""measured"",""memory"":""observed JS heap sampled at stage boundaries where performance.memory is exposed; not OS process peak""}",1,9,,,
firefox,150.0.2,single_sample_fit_report,3,warm,completed,2.8599999999999,,0,0,,1.3999999999998636,1.4600000000000364,,,,,,1,,0.3999999999998636,,,1.4600000000000364,,,,,"{""sdkModuleFetchImport"":""measured in cold phase; warm phase reuses the loaded module"",""pyodideInitialization"":""not_applicable_native_javascript_path"",""webRInitialization"":""not_applicable_native_javascript_path"",""wrappedPackageImport"":""not_applicable_native_javascript_path"",""publicSpectrumCatalogFetch"":""not_measured_synthetic_inputs_are_in_memory"",""nativeFitting"":""measured where the scenario uses native NNLS"",""adapterFitting"":""not_applicable_native_javascript_path"",""qcEvidence"":""measured only for single_sample_fit_report"",""bootstrap"":""measured only for bootstrap_500"",""plotRendering"":""not_measured"",""reportSerialization"":""measured only for single_sample_fit_report"",""endToEndElapsed"":""measured"",""memory"":""observed JS heap sampled at stage boundaries where performance.memory is exposed; not OS process peak""}",1,9,,,
firefox,150.0.2,single_sample_fit_report,4,cold,completed,983.74,981.4200000000001,979.5,980.7200000000001,,1.9600000000000364,0.35999999999989996,,,979.5,,,1.3400000000001455,,0.599999999999909,,,0.35999999999989996,,,,,"{""sdkModuleFetchImport"":""measured in cold phase; warm phase reuses the loaded module"",""pyodideInitialization"":""not_applicable_native_javascript_path"",""webRInitialization"":""not_applicable_native_javascript_path"",""wrappedPackageImport"":""not_applicable_native_javascript_path"",""publicSpectrumCatalogFetch"":""not_measured_synthetic_inputs_are_in_memory"",""nativeFitting"":""measured where the scenario uses native NNLS"",""adapterFitting"":""not_applicable_native_javascript_path"",""qcEvidence"":""measured only for single_sample_fit_report"",""bootstrap"":""measured only for bootstrap_500"",""plotRendering"":""not_measured"",""reportSerialization"":""measured only for single_sample_fit_report"",""endToEndElapsed"":""measured"",""memory"":""observed JS heap sampled at stage boundaries where performance.memory is exposed; not OS process peak""}",1,9,,,
firefox,150.0.2,single_sample_fit_report,4,warm,completed,2.9199999999998454,,0,0,,1.3599999999999,1.5599999999999454,,,,,,0.9800000000000182,,0.35999999999989996,,,1.5599999999999454,,,,,"{""sdkModuleFetchImport"":""measured in cold phase; warm phase reuses the loaded module"",""pyodideInitialization"":""not_applicable_native_javascript_path"",""webRInitialization"":""not_applicable_native_javascript_path"",""wrappedPackageImport"":""not_applicable_native_javascript_path"",""publicSpectrumCatalogFetch"":""not_measured_synthetic_inputs_are_in_memory"",""nativeFitting"":""measured where the scenario uses native NNLS"",""adapterFitting"":""not_applicable_native_javascript_path"",""qcEvidence"":""measured only for single_sample_fit_report"",""bootstrap"":""measured only for bootstrap_500"",""plotRendering"":""not_measured"",""reportSerialization"":""measured only for single_sample_fit_report"",""endToEndElapsed"":""measured"",""memory"":""observed JS heap sampled at stage boundaries where performance.memory is exposed; not OS process peak""}",1,9,,,
firefox,150.0.2,single_sample_fit_report,5,cold,completed,979.2200000000001,975.0000000000001,973.06,974.3400000000001,,3.519999999999982,0.7000000000000455,,,973.06,,,2.4600000000000364,,1,,,0.7000000000000455,,,,,"{""sdkModuleFetchImport"":""measured in cold phase; warm phase reuses the loaded module"",""pyodideInitialization"":""not_applicable_native_javascript_path"",""webRInitialization"":""not_applicable_native_javascript_path"",""wrappedPackageImport"":""not_applicable_native_javascript_path"",""publicSpectrumCatalogFetch"":""not_measured_synthetic_inputs_are_in_memory"",""nativeFitting"":""measured where the scenario uses native NNLS"",""adapterFitting"":""not_applicable_native_javascript_path"",""qcEvidence"":""measured only for single_sample_fit_report"",""bootstrap"":""measured only for bootstrap_500"",""plotRendering"":""not_measured"",""reportSerialization"":""measured only for single_sample_fit_report"",""endToEndElapsed"":""measured"",""memory"":""observed JS heap sampled at stage boundaries where performance.memory is exposed; not OS process peak""}",1,9,,,
firefox,150.0.2,single_sample_fit_report,5,warm,completed,4.940000000000055,,0,0,,2.4600000000000364,2.480000000000018,,,,,,1.8199999999999363,,0.6200000000001182,,,2.480000000000018,,,,,"{""sdkModuleFetchImport"":""measured in cold phase; warm phase reuses the loaded module"",""pyodideInitialization"":""not_applicable_native_javascript_path"",""webRInitialization"":""not_applicable_native_javascript_path"",""wrappedPackageImport"":""not_applicable_native_javascript_path"",""publicSpectrumCatalogFetch"":""not_measured_synthetic_inputs_are_in_memory"",""nativeFitting"":""measured where the scenario uses native NNLS"",""adapterFitting"":""not_applicable_native_javascript_path"",""qcEvidence"":""measured only for single_sample_fit_report"",""bootstrap"":""measured only for bootstrap_500"",""plotRendering"":""not_measured"",""reportSerialization"":""measured only for single_sample_fit_report"",""endToEndElapsed"":""measured"",""memory"":""observed JS heap sampled at stage boundaries where performance.memory is exposed; not OS process peak""}",1,9,,,
firefox,150.0.2,single_sample_fit_report,6,cold,completed,1004.78,1002.4199999999998,1010.78,1001.6399999999999,,2.040000000000191,0.31999999999993634,,,1010.78,,,1.3800000000001091,,0.599999999999909,,,0.31999999999993634,,,,,"{""sdkModuleFetchImport"":""measured in cold phase; warm phase reuses the loaded module"",""pyodideInitialization"":""not_applicable_native_javascript_path"",""webRInitialization"":""not_applicable_native_javascript_path"",""wrappedPackageImport"":""not_applicable_native_javascript_path"",""publicSpectrumCatalogFetch"":""not_measured_synthetic_inputs_are_in_memory"",""nativeFitting"":""measured where the scenario uses native NNLS"",""adapterFitting"":""not_applicable_native_javascript_path"",""qcEvidence"":""measured only for single_sample_fit_report"",""bootstrap"":""measured only for bootstrap_500"",""plotRendering"":""not_measured"",""reportSerialization"":""measured only for single_sample_fit_report"",""endToEndElapsed"":""measured"",""memory"":""observed JS heap sampled at stage boundaries where performance.memory is exposed; not OS process peak""}",1,9,,,
firefox,150.0.2,single_sample_fit_report,6,warm,completed,3,,0,0,,1.3599999999999,1.6400000000001,,,,,,0.9800000000000182,,0.37999999999988177,,,1.6400000000001,,,,,"{""sdkModuleFetchImport"":""measured in cold phase; warm phase reuses the loaded module"",""pyodideInitialization"":""not_applicable_native_javascript_path"",""webRInitialization"":""not_applicable_native_javascript_path"",""wrappedPackageImport"":""not_applicable_native_javascript_path"",""publicSpectrumCatalogFetch"":""not_measured_synthetic_inputs_are_in_memory"",""nativeFitting"":""measured where the scenario uses native NNLS"",""adapterFitting"":""not_applicable_native_javascript_path"",""qcEvidence"":""measured only for single_sample_fit_report"",""bootstrap"":""measured only for bootstrap_500"",""plotRendering"":""not_measured"",""reportSerialization"":""measured only for single_sample_fit_report"",""endToEndElapsed"":""measured"",""memory"":""observed JS heap sampled at stage boundaries where performance.memory is exposed; not OS process peak""}",1,9,,,
firefox,150.0.2,single_sample_fit_report,7,cold,completed,1065.64,1063.0400000000002,1061.32,1062.24,,2.019999999999982,0.5799999999999272,,,1061.32,,,1.3999999999998636,,0.6000000000001364,,,0.5799999999999272,,,,,"{""sdkModuleFetchImport"":""measured in cold phase; warm phase reuses the loaded module"",""pyodideInitialization"":""not_applicable_native_javascript_path"",""webRInitialization"":""not_applicable_native_javascript_path"",""wrappedPackageImport"":""not_applicable_native_javascript_path"",""publicSpectrumCatalogFetch"":""not_measured_synthetic_inputs_are_in_memory"",""nativeFitting"":""measured where the scenario uses native NNLS"",""adapterFitting"":""not_applicable_native_javascript_path"",""qcEvidence"":""measured only for single_sample_fit_report"",""bootstrap"":""measured only for bootstrap_500"",""plotRendering"":""not_measured"",""reportSerialization"":""measured only for single_sample_fit_report"",""endToEndElapsed"":""measured"",""memory"":""observed JS heap sampled at stage boundaries where performance.memory is exposed; not OS process peak""}",1,9,,,
firefox,150.0.2,single_sample_fit_report,7,warm,completed,3.380000000000109,,0,0,,3.1200000000001182,0.2599999999999909,,,,,,1.0399999999999636,,2.060000000000173,,,0.2599999999999909,,,,,"{""sdkModuleFetchImport"":""measured in cold phase; warm phase reuses the loaded module"",""pyodideInitialization"":""not_applicable_native_javascript_path"",""webRInitialization"":""not_applicable_native_javascript_path"",""wrappedPackageImport"":""not_applicable_native_javascript_path"",""publicSpectrumCatalogFetch"":""not_measured_synthetic_inputs_are_in_memory"",""nativeFitting"":""measured where the scenario uses native NNLS"",""adapterFitting"":""not_applicable_native_javascript_path"",""qcEvidence"":""measured only for single_sample_fit_report"",""bootstrap"":""measured only for bootstrap_500"",""plotRendering"":""not_measured"",""reportSerialization"":""measured only for single_sample_fit_report"",""endToEndElapsed"":""measured"",""memory"":""observed JS heap sampled at stage boundaries where performance.memory is exposed; not OS process peak""}",1,9,,,
firefox,150.0.2,single_sample_fit_report,8,cold,completed,1106.16,1103.08,1100.76,1102.42,,2.6200000000001182,0.4600000000000364,,,1100.76,,,1.8999999999998636,,0.6800000000000637,,,0.4600000000000364,,,,,"{""sdkModuleFetchImport"":""measured in cold phase; warm phase reuses the loaded module"",""pyodideInitialization"":""not_applicable_native_javascript_path"",""webRInitialization"":""not_applicable_native_javascript_path"",""wrappedPackageImport"":""not_applicable_native_javascript_path"",""publicSpectrumCatalogFetch"":""not_measured_synthetic_inputs_are_in_memory"",""nativeFitting"":""measured where the scenario uses native NNLS"",""adapterFitting"":""not_applicable_native_javascript_path"",""qcEvidence"":""measured only for single_sample_fit_report"",""bootstrap"":""measured only for bootstrap_500"",""plotRendering"":""not_measured"",""reportSerialization"":""measured only for single_sample_fit_report"",""endToEndElapsed"":""measured"",""memory"":""observed JS heap sampled at stage boundaries where performance.memory is exposed; not OS process peak""}",1,9,,,
firefox,150.0.2,single_sample_fit_report,8,warm,completed,3.400000000000091,,0,0,,3.1400000000001,0.2599999999999909,,,,,,1.0399999999999636,,2.060000000000173,,,0.2599999999999909,,,,,"{""sdkModuleFetchImport"":""measured in cold phase; warm phase reuses the loaded module"",""pyodideInitialization"":""not_applicable_native_javascript_path"",""webRInitialization"":""not_applicable_native_javascript_path"",""wrappedPackageImport"":""not_applicable_native_javascript_path"",""publicSpectrumCatalogFetch"":""not_measured_synthetic_inputs_are_in_memory"",""nativeFitting"":""measured where the scenario uses native NNLS"",""adapterFitting"":""not_applicable_native_javascript_path"",""qcEvidence"":""measured only for single_sample_fit_report"",""bootstrap"":""measured only for bootstrap_500"",""plotRendering"":""not_measured"",""reportSerialization"":""measured only for single_sample_fit_report"",""endToEndElapsed"":""measured"",""memory"":""observed JS heap sampled at stage boundaries where performance.memory is exposed; not OS process peak""}",1,9,,,
firefox,150.0.2,single_sample_fit_report,9,cold,completed,1071.0400000000002,1068.66,1067.1399999999999,1067.8000000000002,,2.0399999999999636,0.3400000000001455,,,1067.1399999999999,,,1.4200000000000728,,0.599999999999909,,,0.3400000000001455,,,,,"{""sdkModuleFetchImport"":""measured in cold phase; warm phase reuses the loaded module"",""pyodideInitialization"":""not_applicable_native_javascript_path"",""webRInitialization"":""not_applicable_native_javascript_path"",""wrappedPackageImport"":""not_applicable_native_javascript_path"",""publicSpectrumCatalogFetch"":""not_measured_synthetic_inputs_are_in_memory"",""nativeFitting"":""measured where the scenario uses native NNLS"",""adapterFitting"":""not_applicable_native_javascript_path"",""qcEvidence"":""measured only for single_sample_fit_report"",""bootstrap"":""measured only for bootstrap_500"",""plotRendering"":""not_measured"",""reportSerialization"":""measured only for single_sample_fit_report"",""endToEndElapsed"":""measured"",""memory"":""observed JS heap sampled at stage boundaries where performance.memory is exposed; not OS process peak""}",1,9,,,
firefox,150.0.2,single_sample_fit_report,9,warm,completed,2.9199999999998454,,0,0,,1.4600000000000364,1.459999999999809,,,,,,1.099999999999909,,0.36000000000012733,,,1.459999999999809,,,,,"{""sdkModuleFetchImport"":""measured in cold phase; warm phase reuses the loaded module"",""pyodideInitialization"":""not_applicable_native_javascript_path"",""webRInitialization"":""not_applicable_native_javascript_path"",""wrappedPackageImport"":""not_applicable_native_javascript_path"",""publicSpectrumCatalogFetch"":""not_measured_synthetic_inputs_are_in_memory"",""nativeFitting"":""measured where the scenario uses native NNLS"",""adapterFitting"":""not_applicable_native_javascript_path"",""qcEvidence"":""measured only for single_sample_fit_report"",""bootstrap"":""measured only for bootstrap_500"",""plotRendering"":""not_measured"",""reportSerialization"":""measured only for single_sample_fit_report"",""endToEndElapsed"":""measured"",""memory"":""observed JS heap sampled at stage boundaries where performance.memory is exposed; not OS process peak""}",1,9,,,
firefox,150.0.2,single_sample_fit_report,10,cold,completed,1008.2799999999997,1005.8,1004.02,1005.26,,2.1399999999998727,0.33999999999991815,,,1004.02,,,1.5,,0.6199999999998909,,,0.33999999999991815,,,,,"{""sdkModuleFetchImport"":""measured in cold phase; warm phase reuses the loaded module"",""pyodideInitialization"":""not_applicable_native_javascript_path"",""webRInitialization"":""not_applicable_native_javascript_path"",""wrappedPackageImport"":""not_applicable_native_javascript_path"",""publicSpectrumCatalogFetch"":""not_measured_synthetic_inputs_are_in_memory"",""nativeFitting"":""measured where the scenario uses native NNLS"",""adapterFitting"":""not_applicable_native_javascript_path"",""qcEvidence"":""measured only for single_sample_fit_report"",""bootstrap"":""measured only for bootstrap_500"",""plotRendering"":""not_measured"",""reportSerialization"":""measured only for single_sample_fit_report"",""endToEndElapsed"":""measured"",""memory"":""observed JS heap sampled at stage boundaries where performance.memory is exposed; not OS process peak""}",1,9,,,
firefox,150.0.2,single_sample_fit_report,10,warm,completed,3.740000000000009,,0,0,,2.099999999999909,1.6400000000001,,,,,,1.7200000000000273,,0.37999999999988177,,,1.6400000000001,,,,,"{""sdkModuleFetchImport"":""measured in cold phase; warm phase reuses the loaded module"",""pyodideInitialization"":""not_applicable_native_javascript_path"",""webRInitialization"":""not_applicable_native_javascript_path"",""wrappedPackageImport"":""not_applicable_native_javascript_path"",""publicSpectrumCatalogFetch"":""not_measured_synthetic_inputs_are_in_memory"",""nativeFitting"":""measured where the scenario uses native NNLS"",""adapterFitting"":""not_applicable_native_javascript_path"",""qcEvidence"":""measured only for single_sample_fit_report"",""bootstrap"":""measured only for bootstrap_500"",""plotRendering"":""not_measured"",""reportSerialization"":""measured only for single_sample_fit_report"",""endToEndElapsed"":""measured"",""memory"":""observed JS heap sampled at stage boundaries where performance.memory is exposed; not OS process peak""}",1,9,,,
firefox,150.0.2,single_sample_fit_report,11,cold,completed,1065.4600000000003,1062.3400000000001,1060.22,1061.52,,2.6400000000001,0.4800000000000182,,,1060.22,,,1.6000000000001364,,1,,,0.4800000000000182,,,,,"{""sdkModuleFetchImport"":""measured in cold phase; warm phase reuses the loaded module"",""pyodideInitialization"":""not_applicable_native_javascript_path"",""webRInitialization"":""not_applicable_native_javascript_path"",""wrappedPackageImport"":""not_applicable_native_javascript_path"",""publicSpectrumCatalogFetch"":""not_measured_synthetic_inputs_are_in_memory"",""nativeFitting"":""measured where the scenario uses native NNLS"",""adapterFitting"":""not_applicable_native_javascript_path"",""qcEvidence"":""measured only for single_sample_fit_report"",""bootstrap"":""measured only for bootstrap_500"",""plotRendering"":""not_measured"",""reportSerialization"":""measured only for single_sample_fit_report"",""endToEndElapsed"":""measured"",""memory"":""observed JS heap sampled at stage boundaries where performance.memory is exposed; not OS process peak""}",1,9,,,
firefox,150.0.2,single_sample_fit_report,11,warm,completed,3.599999999999909,,0,0,,1.5599999999999454,2.0399999999999636,,,,,,1.1200000000001182,,0.4399999999998272,,,2.0399999999999636,,,,,"{""sdkModuleFetchImport"":""measured in cold phase; warm phase reuses the loaded module"",""pyodideInitialization"":""not_applicable_native_javascript_path"",""webRInitialization"":""not_applicable_native_javascript_path"",""wrappedPackageImport"":""not_applicable_native_javascript_path"",""publicSpectrumCatalogFetch"":""not_measured_synthetic_inputs_are_in_memory"",""nativeFitting"":""measured where the scenario uses native NNLS"",""adapterFitting"":""not_applicable_native_javascript_path"",""qcEvidence"":""measured only for single_sample_fit_report"",""bootstrap"":""measured only for bootstrap_500"",""plotRendering"":""not_measured"",""reportSerialization"":""measured only for single_sample_fit_report"",""endToEndElapsed"":""measured"",""memory"":""observed JS heap sampled at stage boundaries where performance.memory is exposed; not OS process peak""}",1,9,,,
firefox,150.0.2,single_sample_fit_report,12,cold,completed,1016.8399999999999,1014.46,1013.1800000000001,1013.88,,2.0399999999999636,0.33999999999991815,,,1013.1800000000001,,,1.4200000000000728,,0.5799999999999272,,,0.33999999999991815,,,,,"{""sdkModuleFetchImport"":""measured in cold phase; warm phase reuses the loaded module"",""pyodideInitialization"":""not_applicable_native_javascript_path"",""webRInitialization"":""not_applicable_native_javascript_path"",""wrappedPackageImport"":""not_applicable_native_javascript_path"",""publicSpectrumCatalogFetch"":""not_measured_synthetic_inputs_are_in_memory"",""nativeFitting"":""measured where the scenario uses native NNLS"",""adapterFitting"":""not_applicable_native_javascript_path"",""qcEvidence"":""measured only for single_sample_fit_report"",""bootstrap"":""measured only for bootstrap_500"",""plotRendering"":""not_measured"",""reportSerialization"":""measured only for single_sample_fit_report"",""endToEndElapsed"":""measured"",""memory"":""observed JS heap sampled at stage boundaries where performance.memory is exposed; not OS process peak""}",1,9,,,
firefox,150.0.2,single_sample_fit_report,12,warm,completed,3.0399999999999636,,0,0,,1.5399999999999636,1.5,,,,,,1.1599999999998545,,0.38000000000010914,,,1.5,,,,,"{""sdkModuleFetchImport"":""measured in cold phase; warm phase reuses the loaded module"",""pyodideInitialization"":""not_applicable_native_javascript_path"",""webRInitialization"":""not_applicable_native_javascript_path"",""wrappedPackageImport"":""not_applicable_native_javascript_path"",""publicSpectrumCatalogFetch"":""not_measured_synthetic_inputs_are_in_memory"",""nativeFitting"":""measured where the scenario uses native NNLS"",""adapterFitting"":""not_applicable_native_javascript_path"",""qcEvidence"":""measured only for single_sample_fit_report"",""bootstrap"":""measured only for bootstrap_500"",""plotRendering"":""not_measured"",""reportSerialization"":""measured only for single_sample_fit_report"",""endToEndElapsed"":""measured"",""memory"":""observed JS heap sampled at stage boundaries where performance.memory is exposed; not OS process peak""}",1,9,,,
firefox,150.0.2,single_sample_fit_report,13,cold,completed,1043.66,1041.1200000000001,1039.1000000000001,1040.5400000000002,,2.1800000000000637,0.35999999999989996,,,1039.1000000000001,,,1.5199999999999818,,0.6200000000001182,,,0.35999999999989996,,,,,"{""sdkModuleFetchImport"":""measured in cold phase; warm phase reuses the loaded module"",""pyodideInitialization"":""not_applicable_native_javascript_path"",""webRInitialization"":""not_applicable_native_javascript_path"",""wrappedPackageImport"":""not_applicable_native_javascript_path"",""publicSpectrumCatalogFetch"":""not_measured_synthetic_inputs_are_in_memory"",""nativeFitting"":""measured where the scenario uses native NNLS"",""adapterFitting"":""not_applicable_native_javascript_path"",""qcEvidence"":""measured only for single_sample_fit_report"",""bootstrap"":""measured only for bootstrap_500"",""plotRendering"":""not_measured"",""reportSerialization"":""measured only for single_sample_fit_report"",""endToEndElapsed"":""measured"",""memory"":""observed JS heap sampled at stage boundaries where performance.memory is exposed; not OS process peak""}",1,9,,,
firefox,150.0.2,single_sample_fit_report,13,warm,completed,3.0599999999999454,,0,0,,1.3999999999998636,1.6600000000000819,,,,,,1.0199999999999818,,0.35999999999989996,,,1.6600000000000819,,,,,"{""sdkModuleFetchImport"":""measured in cold phase; warm phase reuses the loaded module"",""pyodideInitialization"":""not_applicable_native_javascript_path"",""webRInitialization"":""not_applicable_native_javascript_path"",""wrappedPackageImport"":""not_applicable_native_javascript_path"",""publicSpectrumCatalogFetch"":""not_measured_synthetic_inputs_are_in_memory"",""nativeFitting"":""measured where the scenario uses native NNLS"",""adapterFitting"":""not_applicable_native_javascript_path"",""qcEvidence"":""measured only for single_sample_fit_report"",""bootstrap"":""measured only for bootstrap_500"",""plotRendering"":""not_measured"",""reportSerialization"":""measured only for single_sample_fit_report"",""endToEndElapsed"":""measured"",""memory"":""observed JS heap sampled at stage boundaries where performance.memory is exposed; not OS process peak""}",1,9,,,
firefox,150.0.2,single_sample_fit_report,14,cold,completed,1061.1599999999999,1058.4399999999998,1065.4,1057.82,,2.339999999999918,0.38000000000010914,,,1065.4,,,1.599999999999909,,0.7200000000000273,,,0.38000000000010914,,,,,"{""sdkModuleFetchImport"":""measured in cold phase; warm phase reuses the loaded module"",""pyodideInitialization"":""not_applicable_native_javascript_path"",""webRInitialization"":""not_applicable_native_javascript_path"",""wrappedPackageImport"":""not_applicable_native_javascript_path"",""publicSpectrumCatalogFetch"":""not_measured_synthetic_inputs_are_in_memory"",""nativeFitting"":""measured where the scenario uses native NNLS"",""adapterFitting"":""not_applicable_native_javascript_path"",""qcEvidence"":""measured only for single_sample_fit_report"",""bootstrap"":""measured only for bootstrap_500"",""plotRendering"":""not_measured"",""reportSerialization"":""measured only for single_sample_fit_report"",""endToEndElapsed"":""measured"",""memory"":""observed JS heap sampled at stage boundaries where performance.memory is exposed; not OS process peak""}",1,9,,,
firefox,150.0.2,single_sample_fit_report,14,warm,completed,3.3799999999998818,,0,0,,1.4800000000000182,1.8999999999998636,,,,,,1.0599999999999454,,0.40000000000009095,,,1.8999999999998636,,,,,"{""sdkModuleFetchImport"":""measured in cold phase; warm phase reuses the loaded module"",""pyodideInitialization"":""not_applicable_native_javascript_path"",""webRInitialization"":""not_applicable_native_javascript_path"",""wrappedPackageImport"":""not_applicable_native_javascript_path"",""publicSpectrumCatalogFetch"":""not_measured_synthetic_inputs_are_in_memory"",""nativeFitting"":""measured where the scenario uses native NNLS"",""adapterFitting"":""not_applicable_native_javascript_path"",""qcEvidence"":""measured only for single_sample_fit_report"",""bootstrap"":""measured only for bootstrap_500"",""plotRendering"":""not_measured"",""reportSerialization"":""measured only for single_sample_fit_report"",""endToEndElapsed"":""measured"",""memory"":""observed JS heap sampled at stage boundaries where performance.memory is exposed; not OS process peak""}",1,9,,,
firefox,150.0.2,single_sample_fit_report,15,cold,completed,1054.1200000000001,1051.66,1049.56,1051.06,,2.119999999999891,0.3400000000001455,,,1049.56,,,1.4400000000000546,,0.6599999999998545,,,0.3400000000001455,,,,,"{""sdkModuleFetchImport"":""measured in cold phase; warm phase reuses the loaded module"",""pyodideInitialization"":""not_applicable_native_javascript_path"",""webRInitialization"":""not_applicable_native_javascript_path"",""wrappedPackageImport"":""not_applicable_native_javascript_path"",""publicSpectrumCatalogFetch"":""not_measured_synthetic_inputs_are_in_memory"",""nativeFitting"":""measured where the scenario uses native NNLS"",""adapterFitting"":""not_applicable_native_javascript_path"",""qcEvidence"":""measured only for single_sample_fit_report"",""bootstrap"":""measured only for bootstrap_500"",""plotRendering"":""not_measured"",""reportSerialization"":""measured only for single_sample_fit_report"",""endToEndElapsed"":""measured"",""memory"":""observed JS heap sampled at stage boundaries where performance.memory is exposed; not OS process peak""}",1,9,,,
firefox,150.0.2,single_sample_fit_report,15,warm,completed,3.1599999999998545,,0,0,,2.939999999999827,0.22000000000002728,,,,,,1.0799999999999272,,1.8399999999999181,,,0.22000000000002728,,,,,"{""sdkModuleFetchImport"":""measured in cold phase; warm phase reuses the loaded module"",""pyodideInitialization"":""not_applicable_native_javascript_path"",""webRInitialization"":""not_applicable_native_javascript_path"",""wrappedPackageImport"":""not_applicable_native_javascript_path"",""publicSpectrumCatalogFetch"":""not_measured_synthetic_inputs_are_in_memory"",""nativeFitting"":""measured where the scenario uses native NNLS"",""adapterFitting"":""not_applicable_native_javascript_path"",""qcEvidence"":""measured only for single_sample_fit_report"",""bootstrap"":""measured only for bootstrap_500"",""plotRendering"":""not_measured"",""reportSerialization"":""measured only for single_sample_fit_report"",""endToEndElapsed"":""measured"",""memory"":""observed JS heap sampled at stage boundaries where performance.memory is exposed; not OS process peak""}",1,9,,,
firefox,150.0.2,single_sample_fit_report,16,cold,completed,1125.68,1123.1000000000001,1119.18,1122.42,,2.1800000000000637,0.3999999999998636,,,1119.18,,,1.5,,0.6400000000001,,,0.3999999999998636,,,,,"{""sdkModuleFetchImport"":""measured in cold phase; warm phase reuses the loaded module"",""pyodideInitialization"":""not_applicable_native_javascript_path"",""webRInitialization"":""not_applicable_native_javascript_path"",""wrappedPackageImport"":""not_applicable_native_javascript_path"",""publicSpectrumCatalogFetch"":""not_measured_synthetic_inputs_are_in_memory"",""nativeFitting"":""measured where the scenario uses native NNLS"",""adapterFitting"":""not_applicable_native_javascript_path"",""qcEvidence"":""measured only for single_sample_fit_report"",""bootstrap"":""measured only for bootstrap_500"",""plotRendering"":""not_measured"",""reportSerialization"":""measured only for single_sample_fit_report"",""endToEndElapsed"":""measured"",""memory"":""observed JS heap sampled at stage boundaries where performance.memory is exposed; not OS process peak""}",1,9,,,
firefox,150.0.2,single_sample_fit_report,16,warm,completed,3.2200000000000273,,0,0,,2.980000000000018,0.2400000000000091,,,,,,1.1200000000001182,,1.8399999999999181,,,0.2400000000000091,,,,,"{""sdkModuleFetchImport"":""measured in cold phase; warm phase reuses the loaded module"",""pyodideInitialization"":""not_applicable_native_javascript_path"",""webRInitialization"":""not_applicable_native_javascript_path"",""wrappedPackageImport"":""not_applicable_native_javascript_path"",""publicSpectrumCatalogFetch"":""not_measured_synthetic_inputs_are_in_memory"",""nativeFitting"":""measured where the scenario uses native NNLS"",""adapterFitting"":""not_applicable_native_javascript_path"",""qcEvidence"":""measured only for single_sample_fit_report"",""bootstrap"":""measured only for bootstrap_500"",""plotRendering"":""not_measured"",""reportSerialization"":""measured only for single_sample_fit_report"",""endToEndElapsed"":""measured"",""memory"":""observed JS heap sampled at stage boundaries where performance.memory is exposed; not OS process peak""}",1,9,,,
firefox,150.0.2,single_sample_fit_report,17,cold,completed,952.5600000000002,950.1200000000001,948.8600000000001,949.0400000000001,,2.1000000000001364,0.33999999999991815,,,948.8600000000001,,,1.4400000000000546,,0.6400000000001,,,0.33999999999991815,,,,,"{""sdkModuleFetchImport"":""measured in cold phase; warm phase reuses the loaded module"",""pyodideInitialization"":""not_applicable_native_javascript_path"",""webRInitialization"":""not_applicable_native_javascript_path"",""wrappedPackageImport"":""not_applicable_native_javascript_path"",""publicSpectrumCatalogFetch"":""not_measured_synthetic_inputs_are_in_memory"",""nativeFitting"":""measured where the scenario uses native NNLS"",""adapterFitting"":""not_applicable_native_javascript_path"",""qcEvidence"":""measured only for single_sample_fit_report"",""bootstrap"":""measured only for bootstrap_500"",""plotRendering"":""not_measured"",""reportSerialization"":""measured only for single_sample_fit_report"",""endToEndElapsed"":""measured"",""memory"":""observed JS heap sampled at stage boundaries where performance.memory is exposed; not OS process peak""}",1,9,,,
firefox,150.0.2,single_sample_fit_report,17,warm,completed,3.3600000000001273,,0,0,,3.0800000000001546,0.2799999999999727,,,,,,1.0399999999999636,,2.040000000000191,,,0.2799999999999727,,,,,"{""sdkModuleFetchImport"":""measured in cold phase; warm phase reuses the loaded module"",""pyodideInitialization"":""not_applicable_native_javascript_path"",""webRInitialization"":""not_applicable_native_javascript_path"",""wrappedPackageImport"":""not_applicable_native_javascript_path"",""publicSpectrumCatalogFetch"":""not_measured_synthetic_inputs_are_in_memory"",""nativeFitting"":""measured where the scenario uses native NNLS"",""adapterFitting"":""not_applicable_native_javascript_path"",""qcEvidence"":""measured only for single_sample_fit_report"",""bootstrap"":""measured only for bootstrap_500"",""plotRendering"":""not_measured"",""reportSerialization"":""measured only for single_sample_fit_report"",""endToEndElapsed"":""measured"",""memory"":""observed JS heap sampled at stage boundaries where performance.memory is exposed; not OS process peak""}",1,9,,,
firefox,150.0.2,single_sample_fit_report,18,cold,completed,1005.9600000000002,1003.4,1002.14,1002.6800000000001,,2.180000000000291,0.37999999999988177,,,1002.14,,,1.4600000000000364,,0.6600000000000819,,,0.37999999999988177,,,,,"{""sdkModuleFetchImport"":""measured in cold phase; warm phase reuses the loaded module"",""pyodideInitialization"":""not_applicable_native_javascript_path"",""webRInitialization"":""not_applicable_native_javascript_path"",""wrappedPackageImport"":""not_applicable_native_javascript_path"",""publicSpectrumCatalogFetch"":""not_measured_synthetic_inputs_are_in_memory"",""nativeFitting"":""measured where the scenario uses native NNLS"",""adapterFitting"":""not_applicable_native_javascript_path"",""qcEvidence"":""measured only for single_sample_fit_report"",""bootstrap"":""measured only for bootstrap_500"",""plotRendering"":""not_measured"",""reportSerialization"":""measured only for single_sample_fit_report"",""endToEndElapsed"":""measured"",""memory"":""observed JS heap sampled at stage boundaries where performance.memory is exposed; not OS process peak""}",1,9,,,
firefox,150.0.2,single_sample_fit_report,18,warm,completed,3.1799999999998363,,0,0,,1.5799999999999272,1.599999999999909,,,,,,1.1799999999998363,,0.40000000000009095,,,1.599999999999909,,,,,"{""sdkModuleFetchImport"":""measured in cold phase; warm phase reuses the loaded module"",""pyodideInitialization"":""not_applicable_native_javascript_path"",""webRInitialization"":""not_applicable_native_javascript_path"",""wrappedPackageImport"":""not_applicable_native_javascript_path"",""publicSpectrumCatalogFetch"":""not_measured_synthetic_inputs_are_in_memory"",""nativeFitting"":""measured where the scenario uses native NNLS"",""adapterFitting"":""not_applicable_native_javascript_path"",""qcEvidence"":""measured only for single_sample_fit_report"",""bootstrap"":""measured only for bootstrap_500"",""plotRendering"":""not_measured"",""reportSerialization"":""measured only for single_sample_fit_report"",""endToEndElapsed"":""measured"",""memory"":""observed JS heap sampled at stage boundaries where performance.memory is exposed; not OS process peak""}",1,9,,,
firefox,150.0.2,single_sample_fit_report,19,cold,completed,933.92,931.38,929.72,930.68,,2.160000000000082,0.37999999999988177,,,929.72,,,1.4800000000000182,,0.6400000000001,,,0.37999999999988177,,,,,"{""sdkModuleFetchImport"":""measured in cold phase; warm phase reuses the loaded module"",""pyodideInitialization"":""not_applicable_native_javascript_path"",""webRInitialization"":""not_applicable_native_javascript_path"",""wrappedPackageImport"":""not_applicable_native_javascript_path"",""publicSpectrumCatalogFetch"":""not_measured_synthetic_inputs_are_in_memory"",""nativeFitting"":""measured where the scenario uses native NNLS"",""adapterFitting"":""not_applicable_native_javascript_path"",""qcEvidence"":""measured only for single_sample_fit_report"",""bootstrap"":""measured only for bootstrap_500"",""plotRendering"":""not_measured"",""reportSerialization"":""measured only for single_sample_fit_report"",""endToEndElapsed"":""measured"",""memory"":""observed JS heap sampled at stage boundaries where performance.memory is exposed; not OS process peak""}",1,9,,,
firefox,150.0.2,single_sample_fit_report,19,warm,completed,3.519999999999982,,0,0,,1.7799999999999727,1.740000000000009,,,,,,1.3999999999998636,,0.38000000000010914,,,1.740000000000009,,,,,"{""sdkModuleFetchImport"":""measured in cold phase; warm phase reuses the loaded module"",""pyodideInitialization"":""not_applicable_native_javascript_path"",""webRInitialization"":""not_applicable_native_javascript_path"",""wrappedPackageImport"":""not_applicable_native_javascript_path"",""publicSpectrumCatalogFetch"":""not_measured_synthetic_inputs_are_in_memory"",""nativeFitting"":""measured where the scenario uses native NNLS"",""adapterFitting"":""not_applicable_native_javascript_path"",""qcEvidence"":""measured only for single_sample_fit_report"",""bootstrap"":""measured only for bootstrap_500"",""plotRendering"":""not_measured"",""reportSerialization"":""measured only for single_sample_fit_report"",""endToEndElapsed"":""measured"",""memory"":""observed JS heap sampled at stage boundaries where performance.memory is exposed; not OS process peak""}",1,9,,,
firefox,150.0.2,single_sample_fit_report,20,cold,completed,3689.56,3687.06,3685,3686.2799999999997,,2.119999999999891,0.38000000000010914,,,3685,,,1.4600000000000364,,0.6399999999998727,,,0.38000000000010914,,,,,"{""sdkModuleFetchImport"":""measured in cold phase; warm phase reuses the loaded module"",""pyodideInitialization"":""not_applicable_native_javascript_path"",""webRInitialization"":""not_applicable_native_javascript_path"",""wrappedPackageImport"":""not_applicable_native_javascript_path"",""publicSpectrumCatalogFetch"":""not_measured_synthetic_inputs_are_in_memory"",""nativeFitting"":""measured where the scenario uses native NNLS"",""adapterFitting"":""not_applicable_native_javascript_path"",""qcEvidence"":""measured only for single_sample_fit_report"",""bootstrap"":""measured only for bootstrap_500"",""plotRendering"":""not_measured"",""reportSerialization"":""measured only for single_sample_fit_report"",""endToEndElapsed"":""measured"",""memory"":""observed JS heap sampled at stage boundaries where performance.memory is exposed; not OS process peak""}",1,9,,,
firefox,150.0.2,single_sample_fit_report,20,warm,completed,3.2400000000002365,,0,0,,1.400000000000091,1.8400000000001455,,,,,,1.0199999999999818,,0.38000000000010914,,,1.8400000000001455,,,,,"{""sdkModuleFetchImport"":""measured in cold phase; warm phase reuses the loaded module"",""pyodideInitialization"":""not_applicable_native_javascript_path"",""webRInitialization"":""not_applicable_native_javascript_path"",""wrappedPackageImport"":""not_applicable_native_javascript_path"",""publicSpectrumCatalogFetch"":""not_measured_synthetic_inputs_are_in_memory"",""nativeFitting"":""measured where the scenario uses native NNLS"",""adapterFitting"":""not_applicable_native_javascript_path"",""qcEvidence"":""measured only for single_sample_fit_report"",""bootstrap"":""measured only for bootstrap_500"",""plotRendering"":""not_measured"",""reportSerialization"":""measured only for single_sample_fit_report"",""endToEndElapsed"":""measured"",""memory"":""observed JS heap sampled at stage boundaries where performance.memory is exposed; not OS process peak""}",1,9,,,
firefox,150.0.2,medium_cohort_120,1,cold,completed,1062.3,1032.84,1031.62,1032.02,,29.3599999999999,0.10000000000013642,,,1031.62,,,29.319999999999936,,,,,,0.10000000000013642,,,,"{""sdkModuleFetchImport"":""measured in cold phase; warm phase reuses the loaded module"",""pyodideInitialization"":""not_applicable_native_javascript_path"",""webRInitialization"":""not_applicable_native_javascript_path"",""wrappedPackageImport"":""not_applicable_native_javascript_path"",""publicSpectrumCatalogFetch"":""not_measured_synthetic_inputs_are_in_memory"",""nativeFitting"":""measured where the scenario uses native NNLS"",""adapterFitting"":""not_applicable_native_javascript_path"",""qcEvidence"":""measured only for single_sample_fit_report"",""bootstrap"":""measured only for bootstrap_500"",""plotRendering"":""not_measured"",""reportSerialization"":""measured only for single_sample_fit_report"",""endToEndElapsed"":""measured"",""memory"":""observed JS heap sampled at stage boundaries where performance.memory is exposed; not OS process peak""}",120,9,,,
firefox,150.0.2,medium_cohort_120,1,warm,completed,26.160000000000082,,0,0,,26.059999999999945,0.10000000000013642,,,,,,26.039999999999964,,,,,,0.10000000000013642,,,,"{""sdkModuleFetchImport"":""measured in cold phase; warm phase reuses the loaded module"",""pyodideInitialization"":""not_applicable_native_javascript_path"",""webRInitialization"":""not_applicable_native_javascript_path"",""wrappedPackageImport"":""not_applicable_native_javascript_path"",""publicSpectrumCatalogFetch"":""not_measured_synthetic_inputs_are_in_memory"",""nativeFitting"":""measured where the scenario uses native NNLS"",""adapterFitting"":""not_applicable_native_javascript_path"",""qcEvidence"":""measured only for single_sample_fit_report"",""bootstrap"":""measured only for bootstrap_500"",""plotRendering"":""not_measured"",""reportSerialization"":""measured only for single_sample_fit_report"",""endToEndElapsed"":""measured"",""memory"":""observed JS heap sampled at stage boundaries where performance.memory is exposed; not OS process peak""}",120,9,,,
firefox,150.0.2,medium_cohort_120,2,cold,completed,1018.0800000000003,986.2400000000001,984.66,985.5600000000001,,31.740000000000236,0.09999999999990905,,,984.66,,,31.700000000000045,,,,,,0.09999999999990905,,,,"{""sdkModuleFetchImport"":""measured in cold phase; warm phase reuses the loaded module"",""pyodideInitialization"":""not_applicable_native_javascript_path"",""webRInitialization"":""not_applicable_native_javascript_path"",""wrappedPackageImport"":""not_applicable_native_javascript_path"",""publicSpectrumCatalogFetch"":""not_measured_synthetic_inputs_are_in_memory"",""nativeFitting"":""measured where the scenario uses native NNLS"",""adapterFitting"":""not_applicable_native_javascript_path"",""qcEvidence"":""measured only for single_sample_fit_report"",""bootstrap"":""measured only for bootstrap_500"",""plotRendering"":""not_measured"",""reportSerialization"":""measured only for single_sample_fit_report"",""endToEndElapsed"":""measured"",""memory"":""observed JS heap sampled at stage boundaries where performance.memory is exposed; not OS process peak""}",120,9,,,
firefox,150.0.2,medium_cohort_120,2,warm,completed,26.220000000000027,,0,0,,26.12000000000012,0.09999999999990905,,,,,,26.09999999999991,,,,,,0.09999999999990905,,,,"{""sdkModuleFetchImport"":""measured in cold phase; warm phase reuses the loaded module"",""pyodideInitialization"":""not_applicable_native_javascript_path"",""webRInitialization"":""not_applicable_native_javascript_path"",""wrappedPackageImport"":""not_applicable_native_javascript_path"",""publicSpectrumCatalogFetch"":""not_measured_synthetic_inputs_are_in_memory"",""nativeFitting"":""measured where the scenario uses native NNLS"",""adapterFitting"":""not_applicable_native_javascript_path"",""qcEvidence"":""measured only for single_sample_fit_report"",""bootstrap"":""measured only for bootstrap_500"",""plotRendering"":""not_measured"",""reportSerialization"":""measured only for single_sample_fit_report"",""endToEndElapsed"":""measured"",""memory"":""observed JS heap sampled at stage boundaries where performance.memory is exposed; not OS process peak""}",120,9,,,
firefox,150.0.2,medium_cohort_120,3,cold,completed,1034.6399999999999,1004.5600000000001,1002.0200000000001,1004.0000000000001,,29.980000000000018,0.09999999999990905,,,1002.0200000000001,,,29.940000000000055,,,,,,0.09999999999990905,,,,"{""sdkModuleFetchImport"":""measured in cold phase; warm phase reuses the loaded module"",""pyodideInitialization"":""not_applicable_native_javascript_path"",""webRInitialization"":""not_applicable_native_javascript_path"",""wrappedPackageImport"":""not_applicable_native_javascript_path"",""publicSpectrumCatalogFetch"":""not_measured_synthetic_inputs_are_in_memory"",""nativeFitting"":""measured where the scenario uses native NNLS"",""adapterFitting"":""not_applicable_native_javascript_path"",""qcEvidence"":""measured only for single_sample_fit_report"",""bootstrap"":""measured only for bootstrap_500"",""plotRendering"":""not_measured"",""reportSerialization"":""measured only for single_sample_fit_report"",""endToEndElapsed"":""measured"",""memory"":""observed JS heap sampled at stage boundaries where performance.memory is exposed; not OS process peak""}",120,9,,,
firefox,150.0.2,medium_cohort_120,3,warm,completed,23.720000000000027,,0,0,,23.62000000000012,0.09999999999990905,,,,,,23.62000000000012,,,,,,0.09999999999990905,,,,"{""sdkModuleFetchImport"":""measured in cold phase; warm phase reuses the loaded module"",""pyodideInitialization"":""not_applicable_native_javascript_path"",""webRInitialization"":""not_applicable_native_javascript_path"",""wrappedPackageImport"":""not_applicable_native_javascript_path"",""publicSpectrumCatalogFetch"":""not_measured_synthetic_inputs_are_in_memory"",""nativeFitting"":""measured where the scenario uses native NNLS"",""adapterFitting"":""not_applicable_native_javascript_path"",""qcEvidence"":""measured only for single_sample_fit_report"",""bootstrap"":""measured only for bootstrap_500"",""plotRendering"":""not_measured"",""reportSerialization"":""measured only for single_sample_fit_report"",""endToEndElapsed"":""measured"",""memory"":""observed JS heap sampled at stage boundaries where performance.memory is exposed; not OS process peak""}",120,9,,,
firefox,150.0.2,medium_cohort_120,4,cold,completed,1131.6200000000001,1102.1200000000001,1100.4,1101.5,,29.40000000000009,0.09999999999990905,,,1100.4,,,29.360000000000127,,,,,,0.09999999999990905,,,,"{""sdkModuleFetchImport"":""measured in cold phase; warm phase reuses the loaded module"",""pyodideInitialization"":""not_applicable_native_javascript_path"",""webRInitialization"":""not_applicable_native_javascript_path"",""wrappedPackageImport"":""not_applicable_native_javascript_path"",""publicSpectrumCatalogFetch"":""not_measured_synthetic_inputs_are_in_memory"",""nativeFitting"":""measured where the scenario uses native NNLS"",""adapterFitting"":""not_applicable_native_javascript_path"",""qcEvidence"":""measured only for single_sample_fit_report"",""bootstrap"":""measured only for bootstrap_500"",""plotRendering"":""not_measured"",""reportSerialization"":""measured only for single_sample_fit_report"",""endToEndElapsed"":""measured"",""memory"":""observed JS heap sampled at stage boundaries where performance.memory is exposed; not OS process peak""}",120,9,,,
firefox,150.0.2,medium_cohort_120,4,warm,completed,27.90000000000009,,0,0,,27.779999999999973,0.12000000000011823,,,,,,27.779999999999973,,,,,,0.12000000000011823,,,,"{""sdkModuleFetchImport"":""measured in cold phase; warm phase reuses the loaded module"",""pyodideInitialization"":""not_applicable_native_javascript_path"",""webRInitialization"":""not_applicable_native_javascript_path"",""wrappedPackageImport"":""not_applicable_native_javascript_path"",""publicSpectrumCatalogFetch"":""not_measured_synthetic_inputs_are_in_memory"",""nativeFitting"":""measured where the scenario uses native NNLS"",""adapterFitting"":""not_applicable_native_javascript_path"",""qcEvidence"":""measured only for single_sample_fit_report"",""bootstrap"":""measured only for bootstrap_500"",""plotRendering"":""not_measured"",""reportSerialization"":""measured only for single_sample_fit_report"",""endToEndElapsed"":""measured"",""memory"":""observed JS heap sampled at stage boundaries where performance.memory is exposed; not OS process peak""}",120,9,,,
firefox,150.0.2,medium_cohort_120,5,cold,completed,1048.1799999999998,1019.4799999999999,1017.86,1018.7599999999999,,28.59999999999991,0.10000000000013642,,,1017.86,,,28.559999999999945,,,,,,0.10000000000013642,,,,"{""sdkModuleFetchImport"":""measured in cold phase; warm phase reuses the loaded module"",""pyodideInitialization"":""not_applicable_native_javascript_path"",""webRInitialization"":""not_applicable_native_javascript_path"",""wrappedPackageImport"":""not_applicable_native_javascript_path"",""publicSpectrumCatalogFetch"":""not_measured_synthetic_inputs_are_in_memory"",""nativeFitting"":""measured where the scenario uses native NNLS"",""adapterFitting"":""not_applicable_native_javascript_path"",""qcEvidence"":""measured only for single_sample_fit_report"",""bootstrap"":""measured only for bootstrap_500"",""plotRendering"":""not_measured"",""reportSerialization"":""measured only for single_sample_fit_report"",""endToEndElapsed"":""measured"",""memory"":""observed JS heap sampled at stage boundaries where performance.memory is exposed; not OS process peak""}",120,9,,,
firefox,150.0.2,medium_cohort_120,5,warm,completed,27.220000000000027,,0,0,,27.12000000000012,0.09999999999990905,,,,,,27.09999999999991,,,,,,0.09999999999990905,,,,"{""sdkModuleFetchImport"":""measured in cold phase; warm phase reuses the loaded module"",""pyodideInitialization"":""not_applicable_native_javascript_path"",""webRInitialization"":""not_applicable_native_javascript_path"",""wrappedPackageImport"":""not_applicable_native_javascript_path"",""publicSpectrumCatalogFetch"":""not_measured_synthetic_inputs_are_in_memory"",""nativeFitting"":""measured where the scenario uses native NNLS"",""adapterFitting"":""not_applicable_native_javascript_path"",""qcEvidence"":""measured only for single_sample_fit_report"",""bootstrap"":""measured only for bootstrap_500"",""plotRendering"":""not_measured"",""reportSerialization"":""measured only for single_sample_fit_report"",""endToEndElapsed"":""measured"",""memory"":""observed JS heap sampled at stage boundaries where performance.memory is exposed; not OS process peak""}",120,9,,,
firefox,150.0.2,medium_cohort_120,6,cold,completed,989.2799999999999,958.9599999999999,957.64,958.3599999999999,,30.200000000000045,0.11999999999989086,,,957.64,,,30.180000000000064,,,,,,0.11999999999989086,,,,"{""sdkModuleFetchImport"":""measured in cold phase; warm phase reuses the loaded module"",""pyodideInitialization"":""not_applicable_native_javascript_path"",""webRInitialization"":""not_applicable_native_javascript_path"",""wrappedPackageImport"":""not_applicable_native_javascript_path"",""publicSpectrumCatalogFetch"":""not_measured_synthetic_inputs_are_in_memory"",""nativeFitting"":""measured where the scenario uses native NNLS"",""adapterFitting"":""not_applicable_native_javascript_path"",""qcEvidence"":""measured only for single_sample_fit_report"",""bootstrap"":""measured only for bootstrap_500"",""plotRendering"":""not_measured"",""reportSerialization"":""measured only for single_sample_fit_report"",""endToEndElapsed"":""measured"",""memory"":""observed JS heap sampled at stage boundaries where performance.memory is exposed; not OS process peak""}",120,9,,,
firefox,150.0.2,medium_cohort_120,6,warm,completed,25.660000000000082,,0,0,,25.560000000000173,0.09999999999990905,,,,,,25.539999999999964,,,,,,0.09999999999990905,,,,"{""sdkModuleFetchImport"":""measured in cold phase; warm phase reuses the loaded module"",""pyodideInitialization"":""not_applicable_native_javascript_path"",""webRInitialization"":""not_applicable_native_javascript_path"",""wrappedPackageImport"":""not_applicable_native_javascript_path"",""publicSpectrumCatalogFetch"":""not_measured_synthetic_inputs_are_in_memory"",""nativeFitting"":""measured where the scenario uses native NNLS"",""adapterFitting"":""not_applicable_native_javascript_path"",""qcEvidence"":""measured only for single_sample_fit_report"",""bootstrap"":""measured only for bootstrap_500"",""plotRendering"":""not_measured"",""reportSerialization"":""measured only for single_sample_fit_report"",""endToEndElapsed"":""measured"",""memory"":""observed JS heap sampled at stage boundaries where performance.memory is exposed; not OS process peak""}",120,9,,,
firefox,150.0.2,medium_cohort_120,7,cold,completed,1009.5600000000001,980.7800000000001,979.3000000000001,980.0400000000001,,28.679999999999836,0.10000000000013642,,,979.3000000000001,,,28.61999999999989,,,,,,0.10000000000013642,,,,"{""sdkModuleFetchImport"":""measured in cold phase; warm phase reuses the loaded module"",""pyodideInitialization"":""not_applicable_native_javascript_path"",""webRInitialization"":""not_applicable_native_javascript_path"",""wrappedPackageImport"":""not_applicable_native_javascript_path"",""publicSpectrumCatalogFetch"":""not_measured_synthetic_inputs_are_in_memory"",""nativeFitting"":""measured where the scenario uses native NNLS"",""adapterFitting"":""not_applicable_native_javascript_path"",""qcEvidence"":""measured only for single_sample_fit_report"",""bootstrap"":""measured only for bootstrap_500"",""plotRendering"":""not_measured"",""reportSerialization"":""measured only for single_sample_fit_report"",""endToEndElapsed"":""measured"",""memory"":""observed JS heap sampled at stage boundaries where performance.memory is exposed; not OS process peak""}",120,9,,,
firefox,150.0.2,medium_cohort_120,7,warm,completed,26.980000000000018,,0,0,,26.87999999999988,0.10000000000013642,,,,,,26.8599999999999,,,,,,0.10000000000013642,,,,"{""sdkModuleFetchImport"":""measured in cold phase; warm phase reuses the loaded module"",""pyodideInitialization"":""not_applicable_native_javascript_path"",""webRInitialization"":""not_applicable_native_javascript_path"",""wrappedPackageImport"":""not_applicable_native_javascript_path"",""publicSpectrumCatalogFetch"":""not_measured_synthetic_inputs_are_in_memory"",""nativeFitting"":""measured where the scenario uses native NNLS"",""adapterFitting"":""not_applicable_native_javascript_path"",""qcEvidence"":""measured only for single_sample_fit_report"",""bootstrap"":""measured only for bootstrap_500"",""plotRendering"":""not_measured"",""reportSerialization"":""measured only for single_sample_fit_report"",""endToEndElapsed"":""measured"",""memory"":""observed JS heap sampled at stage boundaries where performance.memory is exposed; not OS process peak""}",120,9,,,
firefox,150.0.2,medium_cohort_120,8,cold,completed,1152.24,1122.02,1129.3799999999999,1121.3,,30.12000000000012,0.09999999999990905,,,1129.3799999999999,,,30.079999999999927,,,,,,0.09999999999990905,,,,"{""sdkModuleFetchImport"":""measured in cold phase; warm phase reuses the loaded module"",""pyodideInitialization"":""not_applicable_native_javascript_path"",""webRInitialization"":""not_applicable_native_javascript_path"",""wrappedPackageImport"":""not_applicable_native_javascript_path"",""publicSpectrumCatalogFetch"":""not_measured_synthetic_inputs_are_in_memory"",""nativeFitting"":""measured where the scenario uses native NNLS"",""adapterFitting"":""not_applicable_native_javascript_path"",""qcEvidence"":""measured only for single_sample_fit_report"",""bootstrap"":""measured only for bootstrap_500"",""plotRendering"":""not_measured"",""reportSerialization"":""measured only for single_sample_fit_report"",""endToEndElapsed"":""measured"",""memory"":""observed JS heap sampled at stage boundaries where performance.memory is exposed; not OS process peak""}",120,9,,,
firefox,150.0.2,medium_cohort_120,8,warm,completed,25.299999999999955,,0,0,,25.220000000000027,0.07999999999992724,,,,,,25.179999999999836,,,,,,0.07999999999992724,,,,"{""sdkModuleFetchImport"":""measured in cold phase; warm phase reuses the loaded module"",""pyodideInitialization"":""not_applicable_native_javascript_path"",""webRInitialization"":""not_applicable_native_javascript_path"",""wrappedPackageImport"":""not_applicable_native_javascript_path"",""publicSpectrumCatalogFetch"":""not_measured_synthetic_inputs_are_in_memory"",""nativeFitting"":""measured where the scenario uses native NNLS"",""adapterFitting"":""not_applicable_native_javascript_path"",""qcEvidence"":""measured only for single_sample_fit_report"",""bootstrap"":""measured only for bootstrap_500"",""plotRendering"":""not_measured"",""reportSerialization"":""measured only for single_sample_fit_report"",""endToEndElapsed"":""measured"",""memory"":""observed JS heap sampled at stage boundaries where performance.memory is exposed; not OS process peak""}",120,9,,,
firefox,150.0.2,medium_cohort_120,9,cold,completed,1116.8600000000001,1088.0600000000002,1085.06,1087.48,,28.679999999999836,0.12000000000011823,,,1085.06,,,28.659999999999854,,,,,,0.12000000000011823,,,,"{""sdkModuleFetchImport"":""measured in cold phase; warm phase reuses the loaded module"",""pyodideInitialization"":""not_applicable_native_javascript_path"",""webRInitialization"":""not_applicable_native_javascript_path"",""wrappedPackageImport"":""not_applicable_native_javascript_path"",""publicSpectrumCatalogFetch"":""not_measured_synthetic_inputs_are_in_memory"",""nativeFitting"":""measured where the scenario uses native NNLS"",""adapterFitting"":""not_applicable_native_javascript_path"",""qcEvidence"":""measured only for single_sample_fit_report"",""bootstrap"":""measured only for bootstrap_500"",""plotRendering"":""not_measured"",""reportSerialization"":""measured only for single_sample_fit_report"",""endToEndElapsed"":""measured"",""memory"":""observed JS heap sampled at stage boundaries where performance.memory is exposed; not OS process peak""}",120,9,,,
firefox,150.0.2,medium_cohort_120,9,warm,completed,26.860000000000127,,0,0,,26.75999999999999,0.10000000000013642,,,,,,26.74000000000001,,,,,,0.10000000000013642,,,,"{""sdkModuleFetchImport"":""measured in cold phase; warm phase reuses the loaded module"",""pyodideInitialization"":""not_applicable_native_javascript_path"",""webRInitialization"":""not_applicable_native_javascript_path"",""wrappedPackageImport"":""not_applicable_native_javascript_path"",""publicSpectrumCatalogFetch"":""not_measured_synthetic_inputs_are_in_memory"",""nativeFitting"":""measured where the scenario uses native NNLS"",""adapterFitting"":""not_applicable_native_javascript_path"",""qcEvidence"":""measured only for single_sample_fit_report"",""bootstrap"":""measured only for bootstrap_500"",""plotRendering"":""not_measured"",""reportSerialization"":""measured only for single_sample_fit_report"",""endToEndElapsed"":""measured"",""memory"":""observed JS heap sampled at stage boundaries where performance.memory is exposed; not OS process peak""}",120,9,,,
firefox,150.0.2,medium_cohort_120,10,cold,completed,1098.4599999999998,1069.34,1066.5,1068.76,,29,0.11999999999989086,,,1066.5,,,28.980000000000018,,,,,,0.11999999999989086,,,,"{""sdkModuleFetchImport"":""measured in cold phase; warm phase reuses the loaded module"",""pyodideInitialization"":""not_applicable_native_javascript_path"",""webRInitialization"":""not_applicable_native_javascript_path"",""wrappedPackageImport"":""not_applicable_native_javascript_path"",""publicSpectrumCatalogFetch"":""not_measured_synthetic_inputs_are_in_memory"",""nativeFitting"":""measured where the scenario uses native NNLS"",""adapterFitting"":""not_applicable_native_javascript_path"",""qcEvidence"":""measured only for single_sample_fit_report"",""bootstrap"":""measured only for bootstrap_500"",""plotRendering"":""not_measured"",""reportSerialization"":""measured only for single_sample_fit_report"",""endToEndElapsed"":""measured"",""memory"":""observed JS heap sampled at stage boundaries where performance.memory is exposed; not OS process peak""}",120,9,,,
firefox,150.0.2,medium_cohort_120,10,warm,completed,26.440000000000055,,0,0,,26.320000000000164,0.11999999999989086,,,,,,26.320000000000164,,,,,,0.11999999999989086,,,,"{""sdkModuleFetchImport"":""measured in cold phase; warm phase reuses the loaded module"",""pyodideInitialization"":""not_applicable_native_javascript_path"",""webRInitialization"":""not_applicable_native_javascript_path"",""wrappedPackageImport"":""not_applicable_native_javascript_path"",""publicSpectrumCatalogFetch"":""not_measured_synthetic_inputs_are_in_memory"",""nativeFitting"":""measured where the scenario uses native NNLS"",""adapterFitting"":""not_applicable_native_javascript_path"",""qcEvidence"":""measured only for single_sample_fit_report"",""bootstrap"":""measured only for bootstrap_500"",""plotRendering"":""not_measured"",""reportSerialization"":""measured only for single_sample_fit_report"",""endToEndElapsed"":""measured"",""memory"":""observed JS heap sampled at stage boundaries where performance.memory is exposed; not OS process peak""}",120,9,,,
firefox,150.0.2,medium_cohort_120,11,cold,completed,1003.3799999999999,974.8399999999999,973.1399999999999,974.26,,28.420000000000073,0.11999999999989086,,,973.1399999999999,,,28.38000000000011,,,,,,0.11999999999989086,,,,"{""sdkModuleFetchImport"":""measured in cold phase; warm phase reuses the loaded module"",""pyodideInitialization"":""not_applicable_native_javascript_path"",""webRInitialization"":""not_applicable_native_javascript_path"",""wrappedPackageImport"":""not_applicable_native_javascript_path"",""publicSpectrumCatalogFetch"":""not_measured_synthetic_inputs_are_in_memory"",""nativeFitting"":""measured where the scenario uses native NNLS"",""adapterFitting"":""not_applicable_native_javascript_path"",""qcEvidence"":""measured only for single_sample_fit_report"",""bootstrap"":""measured only for bootstrap_500"",""plotRendering"":""not_measured"",""reportSerialization"":""measured only for single_sample_fit_report"",""endToEndElapsed"":""measured"",""memory"":""observed JS heap sampled at stage boundaries where performance.memory is exposed; not OS process peak""}",120,9,,,
firefox,150.0.2,medium_cohort_120,11,warm,completed,27.279999999999973,,0,0,,27.179999999999836,0.10000000000013642,,,,,,27.159999999999854,,,,,,0.10000000000013642,,,,"{""sdkModuleFetchImport"":""measured in cold phase; warm phase reuses the loaded module"",""pyodideInitialization"":""not_applicable_native_javascript_path"",""webRInitialization"":""not_applicable_native_javascript_path"",""wrappedPackageImport"":""not_applicable_native_javascript_path"",""publicSpectrumCatalogFetch"":""not_measured_synthetic_inputs_are_in_memory"",""nativeFitting"":""measured where the scenario uses native NNLS"",""adapterFitting"":""not_applicable_native_javascript_path"",""qcEvidence"":""measured only for single_sample_fit_report"",""bootstrap"":""measured only for bootstrap_500"",""plotRendering"":""not_measured"",""reportSerialization"":""measured only for single_sample_fit_report"",""endToEndElapsed"":""measured"",""memory"":""observed JS heap sampled at stage boundaries where performance.memory is exposed; not OS process peak""}",120,9,,,
firefox,150.0.2,medium_cohort_120,12,cold,completed,985.3800000000001,956.5999999999999,954.54,955.78,,28.680000000000064,0.10000000000013642,,,954.54,,,28.660000000000082,,,,,,0.10000000000013642,,,,"{""sdkModuleFetchImport"":""measured in cold phase; warm phase reuses the loaded module"",""pyodideInitialization"":""not_applicable_native_javascript_path"",""webRInitialization"":""not_applicable_native_javascript_path"",""wrappedPackageImport"":""not_applicable_native_javascript_path"",""publicSpectrumCatalogFetch"":""not_measured_synthetic_inputs_are_in_memory"",""nativeFitting"":""measured where the scenario uses native NNLS"",""adapterFitting"":""not_applicable_native_javascript_path"",""qcEvidence"":""measured only for single_sample_fit_report"",""bootstrap"":""measured only for bootstrap_500"",""plotRendering"":""not_measured"",""reportSerialization"":""measured only for single_sample_fit_report"",""endToEndElapsed"":""measured"",""memory"":""observed JS heap sampled at stage boundaries where performance.memory is exposed; not OS process peak""}",120,9,,,
firefox,150.0.2,medium_cohort_120,12,warm,completed,27.399999999999864,,0,0,,27.299999999999955,0.09999999999990905,,,,,,27.299999999999955,,,,,,0.09999999999990905,,,,"{""sdkModuleFetchImport"":""measured in cold phase; warm phase reuses the loaded module"",""pyodideInitialization"":""not_applicable_native_javascript_path"",""webRInitialization"":""not_applicable_native_javascript_path"",""wrappedPackageImport"":""not_applicable_native_javascript_path"",""publicSpectrumCatalogFetch"":""not_measured_synthetic_inputs_are_in_memory"",""nativeFitting"":""measured where the scenario uses native NNLS"",""adapterFitting"":""not_applicable_native_javascript_path"",""qcEvidence"":""measured only for single_sample_fit_report"",""bootstrap"":""measured only for bootstrap_500"",""plotRendering"":""not_measured"",""reportSerialization"":""measured only for single_sample_fit_report"",""endToEndElapsed"":""measured"",""memory"":""observed JS heap sampled at stage boundaries where performance.memory is exposed; not OS process peak""}",120,9,,,
firefox,150.0.2,medium_cohort_120,13,cold,completed,1060.14,1030.26,1027.6200000000001,1029.64,,29.75999999999999,0.12000000000011823,,,1027.6200000000001,,,29.74000000000001,,,,,,0.12000000000011823,,,,"{""sdkModuleFetchImport"":""measured in cold phase; warm phase reuses the loaded module"",""pyodideInitialization"":""not_applicable_native_javascript_path"",""webRInitialization"":""not_applicable_native_javascript_path"",""wrappedPackageImport"":""not_applicable_native_javascript_path"",""publicSpectrumCatalogFetch"":""not_measured_synthetic_inputs_are_in_memory"",""nativeFitting"":""measured where the scenario uses native NNLS"",""adapterFitting"":""not_applicable_native_javascript_path"",""qcEvidence"":""measured only for single_sample_fit_report"",""bootstrap"":""measured only for bootstrap_500"",""plotRendering"":""not_measured"",""reportSerialization"":""measured only for single_sample_fit_report"",""endToEndElapsed"":""measured"",""memory"":""observed JS heap sampled at stage boundaries where performance.memory is exposed; not OS process peak""}",120,9,,,
firefox,150.0.2,medium_cohort_120,13,warm,completed,25.920000000000073,,0,0,,25.779999999999973,0.14000000000010004,,,,,,25.720000000000027,,,,,,0.14000000000010004,,,,"{""sdkModuleFetchImport"":""measured in cold phase; warm phase reuses the loaded module"",""pyodideInitialization"":""not_applicable_native_javascript_path"",""webRInitialization"":""not_applicable_native_javascript_path"",""wrappedPackageImport"":""not_applicable_native_javascript_path"",""publicSpectrumCatalogFetch"":""not_measured_synthetic_inputs_are_in_memory"",""nativeFitting"":""measured where the scenario uses native NNLS"",""adapterFitting"":""not_applicable_native_javascript_path"",""qcEvidence"":""measured only for single_sample_fit_report"",""bootstrap"":""measured only for bootstrap_500"",""plotRendering"":""not_measured"",""reportSerialization"":""measured only for single_sample_fit_report"",""endToEndElapsed"":""measured"",""memory"":""observed JS heap sampled at stage boundaries where performance.memory is exposed; not OS process peak""}",120,9,,,
firefox,150.0.2,medium_cohort_120,14,cold,completed,1068.34,1039.66,1037.78,1039.02,,28.579999999999927,0.09999999999990905,,,1037.78,,,28.539999999999964,,,,,,0.09999999999990905,,,,"{""sdkModuleFetchImport"":""measured in cold phase; warm phase reuses the loaded module"",""pyodideInitialization"":""not_applicable_native_javascript_path"",""webRInitialization"":""not_applicable_native_javascript_path"",""wrappedPackageImport"":""not_applicable_native_javascript_path"",""publicSpectrumCatalogFetch"":""not_measured_synthetic_inputs_are_in_memory"",""nativeFitting"":""measured where the scenario uses native NNLS"",""adapterFitting"":""not_applicable_native_javascript_path"",""qcEvidence"":""measured only for single_sample_fit_report"",""bootstrap"":""measured only for bootstrap_500"",""plotRendering"":""not_measured"",""reportSerialization"":""measured only for single_sample_fit_report"",""endToEndElapsed"":""measured"",""memory"":""observed JS heap sampled at stage boundaries where performance.memory is exposed; not OS process peak""}",120,9,,,
firefox,150.0.2,medium_cohort_120,14,warm,completed,26.88000000000011,,0,0,,26.7800000000002,0.09999999999990905,,,,,,26.7800000000002,,,,,,0.09999999999990905,,,,"{""sdkModuleFetchImport"":""measured in cold phase; warm phase reuses the loaded module"",""pyodideInitialization"":""not_applicable_native_javascript_path"",""webRInitialization"":""not_applicable_native_javascript_path"",""wrappedPackageImport"":""not_applicable_native_javascript_path"",""publicSpectrumCatalogFetch"":""not_measured_synthetic_inputs_are_in_memory"",""nativeFitting"":""measured where the scenario uses native NNLS"",""adapterFitting"":""not_applicable_native_javascript_path"",""qcEvidence"":""measured only for single_sample_fit_report"",""bootstrap"":""measured only for bootstrap_500"",""plotRendering"":""not_measured"",""reportSerialization"":""measured only for single_sample_fit_report"",""endToEndElapsed"":""measured"",""memory"":""observed JS heap sampled at stage boundaries where performance.memory is exposed; not OS process peak""}",120,9,,,
firefox,150.0.2,medium_cohort_120,15,cold,completed,1023.5600000000001,994.58,992.5600000000001,993.94,,28.88000000000011,0.09999999999990905,,,992.5600000000001,,,28.840000000000146,,,,,,0.09999999999990905,,,,"{""sdkModuleFetchImport"":""measured in cold phase; warm phase reuses the loaded module"",""pyodideInitialization"":""not_applicable_native_javascript_path"",""webRInitialization"":""not_applicable_native_javascript_path"",""wrappedPackageImport"":""not_applicable_native_javascript_path"",""publicSpectrumCatalogFetch"":""not_measured_synthetic_inputs_are_in_memory"",""nativeFitting"":""measured where the scenario uses native NNLS"",""adapterFitting"":""not_applicable_native_javascript_path"",""qcEvidence"":""measured only for single_sample_fit_report"",""bootstrap"":""measured only for bootstrap_500"",""plotRendering"":""not_measured"",""reportSerialization"":""measured only for single_sample_fit_report"",""endToEndElapsed"":""measured"",""memory"":""observed JS heap sampled at stage boundaries where performance.memory is exposed; not OS process peak""}",120,9,,,
firefox,150.0.2,medium_cohort_120,15,warm,completed,27.420000000000073,,0,0,,27.320000000000164,0.09999999999990905,,,,,,27.320000000000164,,,,,,0.09999999999990905,,,,"{""sdkModuleFetchImport"":""measured in cold phase; warm phase reuses the loaded module"",""pyodideInitialization"":""not_applicable_native_javascript_path"",""webRInitialization"":""not_applicable_native_javascript_path"",""wrappedPackageImport"":""not_applicable_native_javascript_path"",""publicSpectrumCatalogFetch"":""not_measured_synthetic_inputs_are_in_memory"",""nativeFitting"":""measured where the scenario uses native NNLS"",""adapterFitting"":""not_applicable_native_javascript_path"",""qcEvidence"":""measured only for single_sample_fit_report"",""bootstrap"":""measured only for bootstrap_500"",""plotRendering"":""not_measured"",""reportSerialization"":""measured only for single_sample_fit_report"",""endToEndElapsed"":""measured"",""memory"":""observed JS heap sampled at stage boundaries where performance.memory is exposed; not OS process peak""}",120,9,,,
firefox,150.0.2,medium_cohort_120,16,cold,completed,1103.36,1075.5,1087.56,1074.66,,27.74000000000001,0.11999999999989086,,,1087.56,,,27.720000000000027,,,,,,0.11999999999989086,,,,"{""sdkModuleFetchImport"":""measured in cold phase; warm phase reuses the loaded module"",""pyodideInitialization"":""not_applicable_native_javascript_path"",""webRInitialization"":""not_applicable_native_javascript_path"",""wrappedPackageImport"":""not_applicable_native_javascript_path"",""publicSpectrumCatalogFetch"":""not_measured_synthetic_inputs_are_in_memory"",""nativeFitting"":""measured where the scenario uses native NNLS"",""adapterFitting"":""not_applicable_native_javascript_path"",""qcEvidence"":""measured only for single_sample_fit_report"",""bootstrap"":""measured only for bootstrap_500"",""plotRendering"":""not_measured"",""reportSerialization"":""measured only for single_sample_fit_report"",""endToEndElapsed"":""measured"",""memory"":""observed JS heap sampled at stage boundaries where performance.memory is exposed; not OS process peak""}",120,9,,,
firefox,150.0.2,medium_cohort_120,16,warm,completed,27.25999999999999,,0,0,,27.159999999999854,0.10000000000013642,,,,,,27.159999999999854,,,,,,0.10000000000013642,,,,"{""sdkModuleFetchImport"":""measured in cold phase; warm phase reuses the loaded module"",""pyodideInitialization"":""not_applicable_native_javascript_path"",""webRInitialization"":""not_applicable_native_javascript_path"",""wrappedPackageImport"":""not_applicable_native_javascript_path"",""publicSpectrumCatalogFetch"":""not_measured_synthetic_inputs_are_in_memory"",""nativeFitting"":""measured where the scenario uses native NNLS"",""adapterFitting"":""not_applicable_native_javascript_path"",""qcEvidence"":""measured only for single_sample_fit_report"",""bootstrap"":""measured only for bootstrap_500"",""plotRendering"":""not_measured"",""reportSerialization"":""measured only for single_sample_fit_report"",""endToEndElapsed"":""measured"",""memory"":""observed JS heap sampled at stage boundaries where performance.memory is exposed; not OS process peak""}",120,9,,,
firefox,150.0.2,medium_cohort_120,17,cold,completed,1079.48,1050.64,1048.42,1050.02,,28.74000000000001,0.09999999999990905,,,1048.42,,,28.700000000000045,,,,,,0.09999999999990905,,,,"{""sdkModuleFetchImport"":""measured in cold phase; warm phase reuses the loaded module"",""pyodideInitialization"":""not_applicable_native_javascript_path"",""webRInitialization"":""not_applicable_native_javascript_path"",""wrappedPackageImport"":""not_applicable_native_javascript_path"",""publicSpectrumCatalogFetch"":""not_measured_synthetic_inputs_are_in_memory"",""nativeFitting"":""measured where the scenario uses native NNLS"",""adapterFitting"":""not_applicable_native_javascript_path"",""qcEvidence"":""measured only for single_sample_fit_report"",""bootstrap"":""measured only for bootstrap_500"",""plotRendering"":""not_measured"",""reportSerialization"":""measured only for single_sample_fit_report"",""endToEndElapsed"":""measured"",""memory"":""observed JS heap sampled at stage boundaries where performance.memory is exposed; not OS process peak""}",120,9,,,
firefox,150.0.2,medium_cohort_120,17,warm,completed,27.319999999999936,,0,0,,27.220000000000027,0.09999999999990905,,,,,,27.180000000000064,,,,,,0.09999999999990905,,,,"{""sdkModuleFetchImport"":""measured in cold phase; warm phase reuses the loaded module"",""pyodideInitialization"":""not_applicable_native_javascript_path"",""webRInitialization"":""not_applicable_native_javascript_path"",""wrappedPackageImport"":""not_applicable_native_javascript_path"",""publicSpectrumCatalogFetch"":""not_measured_synthetic_inputs_are_in_memory"",""nativeFitting"":""measured where the scenario uses native NNLS"",""adapterFitting"":""not_applicable_native_javascript_path"",""qcEvidence"":""measured only for single_sample_fit_report"",""bootstrap"":""measured only for bootstrap_500"",""plotRendering"":""not_measured"",""reportSerialization"":""measured only for single_sample_fit_report"",""endToEndElapsed"":""measured"",""memory"":""observed JS heap sampled at stage boundaries where performance.memory is exposed; not OS process peak""}",120,9,,,
firefox,150.0.2,medium_cohort_120,18,cold,completed,1098.48,1066.28,1075.18,1065.4,,32.09999999999991,0.10000000000013642,,,1075.18,,,32.059999999999945,,,,,,0.10000000000013642,,,,"{""sdkModuleFetchImport"":""measured in cold phase; warm phase reuses the loaded module"",""pyodideInitialization"":""not_applicable_native_javascript_path"",""webRInitialization"":""not_applicable_native_javascript_path"",""wrappedPackageImport"":""not_applicable_native_javascript_path"",""publicSpectrumCatalogFetch"":""not_measured_synthetic_inputs_are_in_memory"",""nativeFitting"":""measured where the scenario uses native NNLS"",""adapterFitting"":""not_applicable_native_javascript_path"",""qcEvidence"":""measured only for single_sample_fit_report"",""bootstrap"":""measured only for bootstrap_500"",""plotRendering"":""not_measured"",""reportSerialization"":""measured only for single_sample_fit_report"",""endToEndElapsed"":""measured"",""memory"":""observed JS heap sampled at stage boundaries where performance.memory is exposed; not OS process peak""}",120,9,,,
firefox,150.0.2,medium_cohort_120,18,warm,completed,26.899999999999864,,0,0,,26.799999999999955,0.09999999999990905,,,,,,26.779999999999973,,,,,,0.09999999999990905,,,,"{""sdkModuleFetchImport"":""measured in cold phase; warm phase reuses the loaded module"",""pyodideInitialization"":""not_applicable_native_javascript_path"",""webRInitialization"":""not_applicable_native_javascript_path"",""wrappedPackageImport"":""not_applicable_native_javascript_path"",""publicSpectrumCatalogFetch"":""not_measured_synthetic_inputs_are_in_memory"",""nativeFitting"":""measured where the scenario uses native NNLS"",""adapterFitting"":""not_applicable_native_javascript_path"",""qcEvidence"":""measured only for single_sample_fit_report"",""bootstrap"":""measured only for bootstrap_500"",""plotRendering"":""not_measured"",""reportSerialization"":""measured only for single_sample_fit_report"",""endToEndElapsed"":""measured"",""memory"":""observed JS heap sampled at stage boundaries where performance.memory is exposed; not OS process peak""}",120,9,,,
firefox,150.0.2,medium_cohort_120,19,cold,completed,960.5,931.24,929.28,930.6800000000001,,29.1400000000001,0.11999999999989086,,,929.28,,,29.100000000000136,,,,,,0.11999999999989086,,,,"{""sdkModuleFetchImport"":""measured in cold phase; warm phase reuses the loaded module"",""pyodideInitialization"":""not_applicable_native_javascript_path"",""webRInitialization"":""not_applicable_native_javascript_path"",""wrappedPackageImport"":""not_applicable_native_javascript_path"",""publicSpectrumCatalogFetch"":""not_measured_synthetic_inputs_are_in_memory"",""nativeFitting"":""measured where the scenario uses native NNLS"",""adapterFitting"":""not_applicable_native_javascript_path"",""qcEvidence"":""measured only for single_sample_fit_report"",""bootstrap"":""measured only for bootstrap_500"",""plotRendering"":""not_measured"",""reportSerialization"":""measured only for single_sample_fit_report"",""endToEndElapsed"":""measured"",""memory"":""observed JS heap sampled at stage boundaries where performance.memory is exposed; not OS process peak""}",120,9,,,
firefox,150.0.2,medium_cohort_120,19,warm,completed,27.5,,0,0,,27.37999999999988,0.12000000000011823,,,,,,27.37999999999988,,,,,,0.12000000000011823,,,,"{""sdkModuleFetchImport"":""measured in cold phase; warm phase reuses the loaded module"",""pyodideInitialization"":""not_applicable_native_javascript_path"",""webRInitialization"":""not_applicable_native_javascript_path"",""wrappedPackageImport"":""not_applicable_native_javascript_path"",""publicSpectrumCatalogFetch"":""not_measured_synthetic_inputs_are_in_memory"",""nativeFitting"":""measured where the scenario uses native NNLS"",""adapterFitting"":""not_applicable_native_javascript_path"",""qcEvidence"":""measured only for single_sample_fit_report"",""bootstrap"":""measured only for bootstrap_500"",""plotRendering"":""not_measured"",""reportSerialization"":""measured only for single_sample_fit_report"",""endToEndElapsed"":""measured"",""memory"":""observed JS heap sampled at stage boundaries where performance.memory is exposed; not OS process peak""}",120,9,,,
firefox,150.0.2,medium_cohort_120,20,cold,completed,1092.16,1063.46,1060.92,1062.5800000000002,,28.600000000000136,0.09999999999990905,,,1060.92,,,28.539999999999964,,,,,,0.09999999999990905,,,,"{""sdkModuleFetchImport"":""measured in cold phase; warm phase reuses the loaded module"",""pyodideInitialization"":""not_applicable_native_javascript_path"",""webRInitialization"":""not_applicable_native_javascript_path"",""wrappedPackageImport"":""not_applicable_native_javascript_path"",""publicSpectrumCatalogFetch"":""not_measured_synthetic_inputs_are_in_memory"",""nativeFitting"":""measured where the scenario uses native NNLS"",""adapterFitting"":""not_applicable_native_javascript_path"",""qcEvidence"":""measured only for single_sample_fit_report"",""bootstrap"":""measured only for bootstrap_500"",""plotRendering"":""not_measured"",""reportSerialization"":""measured only for single_sample_fit_report"",""endToEndElapsed"":""measured"",""memory"":""observed JS heap sampled at stage boundaries where performance.memory is exposed; not OS process peak""}",120,9,,,
firefox,150.0.2,medium_cohort_120,20,warm,completed,27.75999999999999,,0,0,,27.660000000000082,0.09999999999990905,,,,,,27.660000000000082,,,,,,0.09999999999990905,,,,"{""sdkModuleFetchImport"":""measured in cold phase; warm phase reuses the loaded module"",""pyodideInitialization"":""not_applicable_native_javascript_path"",""webRInitialization"":""not_applicable_native_javascript_path"",""wrappedPackageImport"":""not_applicable_native_javascript_path"",""publicSpectrumCatalogFetch"":""not_measured_synthetic_inputs_are_in_memory"",""nativeFitting"":""measured where the scenario uses native NNLS"",""adapterFitting"":""not_applicable_native_javascript_path"",""qcEvidence"":""measured only for single_sample_fit_report"",""bootstrap"":""measured only for bootstrap_500"",""plotRendering"":""not_measured"",""reportSerialization"":""measured only for single_sample_fit_report"",""endToEndElapsed"":""measured"",""memory"":""observed JS heap sampled at stage boundaries where performance.memory is exposed; not OS process peak""}",120,9,,,
firefox,150.0.2,portal_scale_300x40,1,cold,completed,4208.26,930.42,928.66,929.8,,3277.3,0.5399999999999636,,,928.66,,,3277.26,,,,,,0.5399999999999636,,,,"{""sdkModuleFetchImport"":""measured in cold phase; warm phase reuses the loaded module"",""pyodideInitialization"":""not_applicable_native_javascript_path"",""webRInitialization"":""not_applicable_native_javascript_path"",""wrappedPackageImport"":""not_applicable_native_javascript_path"",""publicSpectrumCatalogFetch"":""not_measured_synthetic_inputs_are_in_memory"",""nativeFitting"":""measured where the scenario uses native NNLS"",""adapterFitting"":""not_applicable_native_javascript_path"",""qcEvidence"":""measured only for single_sample_fit_report"",""bootstrap"":""measured only for bootstrap_500"",""plotRendering"":""not_measured"",""reportSerialization"":""measured only for single_sample_fit_report"",""endToEndElapsed"":""measured"",""memory"":""observed JS heap sampled at stage boundaries where performance.memory is exposed; not OS process peak""}",300,40,,,
firefox,150.0.2,portal_scale_300x40,1,warm,completed,3166.8199999999997,,0,0,,3166.2200000000003,0.5999999999994543,,,,,,3166.2,,,,,,0.5999999999994543,,,,"{""sdkModuleFetchImport"":""measured in cold phase; warm phase reuses the loaded module"",""pyodideInitialization"":""not_applicable_native_javascript_path"",""webRInitialization"":""not_applicable_native_javascript_path"",""wrappedPackageImport"":""not_applicable_native_javascript_path"",""publicSpectrumCatalogFetch"":""not_measured_synthetic_inputs_are_in_memory"",""nativeFitting"":""measured where the scenario uses native NNLS"",""adapterFitting"":""not_applicable_native_javascript_path"",""qcEvidence"":""measured only for single_sample_fit_report"",""bootstrap"":""measured only for bootstrap_500"",""plotRendering"":""not_measured"",""reportSerialization"":""measured only for single_sample_fit_report"",""endToEndElapsed"":""measured"",""memory"":""observed JS heap sampled at stage boundaries where performance.memory is exposed; not OS process peak""}",300,40,,,
firefox,150.0.2,portal_scale_300x40,2,cold,completed,4109.4,925.9,923.9,925.16,,3182.96,0.5399999999999636,,,923.9,,,3182.92,,,,,,0.5399999999999636,,,,"{""sdkModuleFetchImport"":""measured in cold phase; warm phase reuses the loaded module"",""pyodideInitialization"":""not_applicable_native_javascript_path"",""webRInitialization"":""not_applicable_native_javascript_path"",""wrappedPackageImport"":""not_applicable_native_javascript_path"",""publicSpectrumCatalogFetch"":""not_measured_synthetic_inputs_are_in_memory"",""nativeFitting"":""measured where the scenario uses native NNLS"",""adapterFitting"":""not_applicable_native_javascript_path"",""qcEvidence"":""measured only for single_sample_fit_report"",""bootstrap"":""measured only for bootstrap_500"",""plotRendering"":""not_measured"",""reportSerialization"":""measured only for single_sample_fit_report"",""endToEndElapsed"":""measured"",""memory"":""observed JS heap sampled at stage boundaries where performance.memory is exposed; not OS process peak""}",300,40,,,
firefox,150.0.2,portal_scale_300x40,2,warm,completed,3120.5,,0,0,,3119.9400000000005,0.5599999999994907,,,,,,3119.9400000000005,,,,,,0.5599999999994907,,,,"{""sdkModuleFetchImport"":""measured in cold phase; warm phase reuses the loaded module"",""pyodideInitialization"":""not_applicable_native_javascript_path"",""webRInitialization"":""not_applicable_native_javascript_path"",""wrappedPackageImport"":""not_applicable_native_javascript_path"",""publicSpectrumCatalogFetch"":""not_measured_synthetic_inputs_are_in_memory"",""nativeFitting"":""measured where the scenario uses native NNLS"",""adapterFitting"":""not_applicable_native_javascript_path"",""qcEvidence"":""measured only for single_sample_fit_report"",""bootstrap"":""measured only for bootstrap_500"",""plotRendering"":""not_measured"",""reportSerialization"":""measured only for single_sample_fit_report"",""endToEndElapsed"":""measured"",""memory"":""observed JS heap sampled at stage boundaries where performance.memory is exposed; not OS process peak""}",300,40,,,
firefox,150.0.2,portal_scale_300x40,3,cold,completed,3929.42,1011,1020.2199999999999,1010.38,,2917.88,0.5399999999999636,,,1020.2199999999999,,,2917.8599999999997,,,,,,0.5399999999999636,,,,"{""sdkModuleFetchImport"":""measured in cold phase; warm phase reuses the loaded module"",""pyodideInitialization"":""not_applicable_native_javascript_path"",""webRInitialization"":""not_applicable_native_javascript_path"",""wrappedPackageImport"":""not_applicable_native_javascript_path"",""publicSpectrumCatalogFetch"":""not_measured_synthetic_inputs_are_in_memory"",""nativeFitting"":""measured where the scenario uses native NNLS"",""adapterFitting"":""not_applicable_native_javascript_path"",""qcEvidence"":""measured only for single_sample_fit_report"",""bootstrap"":""measured only for bootstrap_500"",""plotRendering"":""not_measured"",""reportSerialization"":""measured only for single_sample_fit_report"",""endToEndElapsed"":""measured"",""memory"":""observed JS heap sampled at stage boundaries where performance.memory is exposed; not OS process peak""}",300,40,,,
firefox,150.0.2,portal_scale_300x40,3,warm,completed,2892.88,,0,0,,2892.3599999999997,0.5200000000004366,,,,,,2892.3399999999992,,,,,,0.5200000000004366,,,,"{""sdkModuleFetchImport"":""measured in cold phase; warm phase reuses the loaded module"",""pyodideInitialization"":""not_applicable_native_javascript_path"",""webRInitialization"":""not_applicable_native_javascript_path"",""wrappedPackageImport"":""not_applicable_native_javascript_path"",""publicSpectrumCatalogFetch"":""not_measured_synthetic_inputs_are_in_memory"",""nativeFitting"":""measured where the scenario uses native NNLS"",""adapterFitting"":""not_applicable_native_javascript_path"",""qcEvidence"":""measured only for single_sample_fit_report"",""bootstrap"":""measured only for bootstrap_500"",""plotRendering"":""not_measured"",""reportSerialization"":""measured only for single_sample_fit_report"",""endToEndElapsed"":""measured"",""memory"":""observed JS heap sampled at stage boundaries where performance.memory is exposed; not OS process peak""}",300,40,,,
firefox,150.0.2,portal_scale_300x40,4,cold,completed,3884.7000000000003,901.32,899.94,900.6,,2982.84,0.5399999999999636,,,899.94,,,2982.82,,,,,,0.5399999999999636,,,,"{""sdkModuleFetchImport"":""measured in cold phase; warm phase reuses the loaded module"",""pyodideInitialization"":""not_applicable_native_javascript_path"",""webRInitialization"":""not_applicable_native_javascript_path"",""wrappedPackageImport"":""not_applicable_native_javascript_path"",""publicSpectrumCatalogFetch"":""not_measured_synthetic_inputs_are_in_memory"",""nativeFitting"":""measured where the scenario uses native NNLS"",""adapterFitting"":""not_applicable_native_javascript_path"",""qcEvidence"":""measured only for single_sample_fit_report"",""bootstrap"":""measured only for bootstrap_500"",""plotRendering"":""not_measured"",""reportSerialization"":""measured only for single_sample_fit_report"",""endToEndElapsed"":""measured"",""memory"":""observed JS heap sampled at stage boundaries where performance.memory is exposed; not OS process peak""}",300,40,,,
firefox,150.0.2,portal_scale_300x40,4,warm,completed,2952.5600000000004,,0,0,,2952.04,0.5200000000004366,,,,,,2952.04,,,,,,0.5200000000004366,,,,"{""sdkModuleFetchImport"":""measured in cold phase; warm phase reuses the loaded module"",""pyodideInitialization"":""not_applicable_native_javascript_path"",""webRInitialization"":""not_applicable_native_javascript_path"",""wrappedPackageImport"":""not_applicable_native_javascript_path"",""publicSpectrumCatalogFetch"":""not_measured_synthetic_inputs_are_in_memory"",""nativeFitting"":""measured where the scenario uses native NNLS"",""adapterFitting"":""not_applicable_native_javascript_path"",""qcEvidence"":""measured only for single_sample_fit_report"",""bootstrap"":""measured only for bootstrap_500"",""plotRendering"":""not_measured"",""reportSerialization"":""measured only for single_sample_fit_report"",""endToEndElapsed"":""measured"",""memory"":""observed JS heap sampled at stage boundaries where performance.memory is exposed; not OS process peak""}",300,40,,,
firefox,150.0.2,portal_scale_300x40,5,cold,completed,4057.6200000000003,920.06,916.9200000000001,919.36,,3137.0600000000004,0.5,,,916.9200000000001,,,3137.04,,,,,,0.5,,,,"{""sdkModuleFetchImport"":""measured in cold phase; warm phase reuses the loaded module"",""pyodideInitialization"":""not_applicable_native_javascript_path"",""webRInitialization"":""not_applicable_native_javascript_path"",""wrappedPackageImport"":""not_applicable_native_javascript_path"",""publicSpectrumCatalogFetch"":""not_measured_synthetic_inputs_are_in_memory"",""nativeFitting"":""measured where the scenario uses native NNLS"",""adapterFitting"":""not_applicable_native_javascript_path"",""qcEvidence"":""measured only for single_sample_fit_report"",""bootstrap"":""measured only for bootstrap_500"",""plotRendering"":""not_measured"",""reportSerialization"":""measured only for single_sample_fit_report"",""endToEndElapsed"":""measured"",""memory"":""observed JS heap sampled at stage boundaries where performance.memory is exposed; not OS process peak""}",300,40,,,
firefox,150.0.2,portal_scale_300x40,5,warm,completed,3123.7800000000007,,0,0,,3123.2200000000003,0.5600000000004002,,,,,,3123.2,,,,,,0.5600000000004002,,,,"{""sdkModuleFetchImport"":""measured in cold phase; warm phase reuses the loaded module"",""pyodideInitialization"":""not_applicable_native_javascript_path"",""webRInitialization"":""not_applicable_native_javascript_path"",""wrappedPackageImport"":""not_applicable_native_javascript_path"",""publicSpectrumCatalogFetch"":""not_measured_synthetic_inputs_are_in_memory"",""nativeFitting"":""measured where the scenario uses native NNLS"",""adapterFitting"":""not_applicable_native_javascript_path"",""qcEvidence"":""measured only for single_sample_fit_report"",""bootstrap"":""measured only for bootstrap_500"",""plotRendering"":""not_measured"",""reportSerialization"":""measured only for single_sample_fit_report"",""endToEndElapsed"":""measured"",""memory"":""observed JS heap sampled at stage boundaries where performance.memory is exposed; not OS process peak""}",300,40,,,
firefox,150.0.2,portal_scale_300x40,6,cold,completed,4173.860000000001,1023.5999999999999,1022.1399999999999,1023,,3149.7200000000003,0.5399999999999636,,,1022.1399999999999,,,3149.7000000000003,,,,,,0.5399999999999636,,,,"{""sdkModuleFetchImport"":""measured in cold phase; warm phase reuses the loaded module"",""pyodideInitialization"":""not_applicable_native_javascript_path"",""webRInitialization"":""not_applicable_native_javascript_path"",""wrappedPackageImport"":""not_applicable_native_javascript_path"",""publicSpectrumCatalogFetch"":""not_measured_synthetic_inputs_are_in_memory"",""nativeFitting"":""measured where the scenario uses native NNLS"",""adapterFitting"":""not_applicable_native_javascript_path"",""qcEvidence"":""measured only for single_sample_fit_report"",""bootstrap"":""measured only for bootstrap_500"",""plotRendering"":""not_measured"",""reportSerialization"":""measured only for single_sample_fit_report"",""endToEndElapsed"":""measured"",""memory"":""observed JS heap sampled at stage boundaries where performance.memory is exposed; not OS process peak""}",300,40,,,
firefox,150.0.2,portal_scale_300x40,6,warm,completed,3127.42,,0,0,,3126.8600000000006,0.5599999999994907,,,,,,3126.8600000000006,,,,,,0.5599999999994907,,,,"{""sdkModuleFetchImport"":""measured in cold phase; warm phase reuses the loaded module"",""pyodideInitialization"":""not_applicable_native_javascript_path"",""webRInitialization"":""not_applicable_native_javascript_path"",""wrappedPackageImport"":""not_applicable_native_javascript_path"",""publicSpectrumCatalogFetch"":""not_measured_synthetic_inputs_are_in_memory"",""nativeFitting"":""measured where the scenario uses native NNLS"",""adapterFitting"":""not_applicable_native_javascript_path"",""qcEvidence"":""measured only for single_sample_fit_report"",""bootstrap"":""measured only for bootstrap_500"",""plotRendering"":""not_measured"",""reportSerialization"":""measured only for single_sample_fit_report"",""endToEndElapsed"":""measured"",""memory"":""observed JS heap sampled at stage boundaries where performance.memory is exposed; not OS process peak""}",300,40,,,
firefox,150.0.2,portal_scale_300x40,7,cold,completed,4143.300000000001,1031.52,1029.96,1030.98,,3111.260000000001,0.5199999999995271,,,1029.96,,,3111.2200000000003,,,,,,0.5199999999995271,,,,"{""sdkModuleFetchImport"":""measured in cold phase; warm phase reuses the loaded module"",""pyodideInitialization"":""not_applicable_native_javascript_path"",""webRInitialization"":""not_applicable_native_javascript_path"",""wrappedPackageImport"":""not_applicable_native_javascript_path"",""publicSpectrumCatalogFetch"":""not_measured_synthetic_inputs_are_in_memory"",""nativeFitting"":""measured where the scenario uses native NNLS"",""adapterFitting"":""not_applicable_native_javascript_path"",""qcEvidence"":""measured only for single_sample_fit_report"",""bootstrap"":""measured only for bootstrap_500"",""plotRendering"":""not_measured"",""reportSerialization"":""measured only for single_sample_fit_report"",""endToEndElapsed"":""measured"",""memory"":""observed JS heap sampled at stage boundaries where performance.memory is exposed; not OS process peak""}",300,40,,,
firefox,150.0.2,portal_scale_300x40,7,warm,completed,3130.16,,0,0,,3129.6399999999994,0.5200000000004366,,,,,,3129.6000000000004,,,,,,0.5200000000004366,,,,"{""sdkModuleFetchImport"":""measured in cold phase; warm phase reuses the loaded module"",""pyodideInitialization"":""not_applicable_native_javascript_path"",""webRInitialization"":""not_applicable_native_javascript_path"",""wrappedPackageImport"":""not_applicable_native_javascript_path"",""publicSpectrumCatalogFetch"":""not_measured_synthetic_inputs_are_in_memory"",""nativeFitting"":""measured where the scenario uses native NNLS"",""adapterFitting"":""not_applicable_native_javascript_path"",""qcEvidence"":""measured only for single_sample_fit_report"",""bootstrap"":""measured only for bootstrap_500"",""plotRendering"":""not_measured"",""reportSerialization"":""measured only for single_sample_fit_report"",""endToEndElapsed"":""measured"",""memory"":""observed JS heap sampled at stage boundaries where performance.memory is exposed; not OS process peak""}",300,40,,,
firefox,150.0.2,portal_scale_300x40,8,cold,completed,5863.4400000000005,2915.1800000000003,2912.54,2914.5400000000004,,2947.68,0.5799999999999272,,,2912.54,,,2947.66,,,,,,0.5799999999999272,,,,"{""sdkModuleFetchImport"":""measured in cold phase; warm phase reuses the loaded module"",""pyodideInitialization"":""not_applicable_native_javascript_path"",""webRInitialization"":""not_applicable_native_javascript_path"",""wrappedPackageImport"":""not_applicable_native_javascript_path"",""publicSpectrumCatalogFetch"":""not_measured_synthetic_inputs_are_in_memory"",""nativeFitting"":""measured where the scenario uses native NNLS"",""adapterFitting"":""not_applicable_native_javascript_path"",""qcEvidence"":""measured only for single_sample_fit_report"",""bootstrap"":""measured only for bootstrap_500"",""plotRendering"":""not_measured"",""reportSerialization"":""measured only for single_sample_fit_report"",""endToEndElapsed"":""measured"",""memory"":""observed JS heap sampled at stage boundaries where performance.memory is exposed; not OS process peak""}",300,40,,,
firefox,150.0.2,portal_scale_300x40,8,warm,completed,2981.4800000000005,,0,0,,2980.9000000000005,0.5799999999999272,,,,,,2980.88,,,,,,0.5799999999999272,,,,"{""sdkModuleFetchImport"":""measured in cold phase; warm phase reuses the loaded module"",""pyodideInitialization"":""not_applicable_native_javascript_path"",""webRInitialization"":""not_applicable_native_javascript_path"",""wrappedPackageImport"":""not_applicable_native_javascript_path"",""publicSpectrumCatalogFetch"":""not_measured_synthetic_inputs_are_in_memory"",""nativeFitting"":""measured where the scenario uses native NNLS"",""adapterFitting"":""not_applicable_native_javascript_path"",""qcEvidence"":""measured only for single_sample_fit_report"",""bootstrap"":""measured only for bootstrap_500"",""plotRendering"":""not_measured"",""reportSerialization"":""measured only for single_sample_fit_report"",""endToEndElapsed"":""measured"",""memory"":""observed JS heap sampled at stage boundaries where performance.memory is exposed; not OS process peak""}",300,40,,,
firefox,150.0.2,portal_scale_300x40,9,cold,completed,4217.5199999999995,1091.5,1089.54,1090.86,,3125.5199999999995,0.5,,,1089.54,,,3125.4999999999995,,,,,,0.5,,,,"{""sdkModuleFetchImport"":""measured in cold phase; warm phase reuses the loaded module"",""pyodideInitialization"":""not_applicable_native_javascript_path"",""webRInitialization"":""not_applicable_native_javascript_path"",""wrappedPackageImport"":""not_applicable_native_javascript_path"",""publicSpectrumCatalogFetch"":""not_measured_synthetic_inputs_are_in_memory"",""nativeFitting"":""measured where the scenario uses native NNLS"",""adapterFitting"":""not_applicable_native_javascript_path"",""qcEvidence"":""measured only for single_sample_fit_report"",""bootstrap"":""measured only for bootstrap_500"",""plotRendering"":""not_measured"",""reportSerialization"":""measured only for single_sample_fit_report"",""endToEndElapsed"":""measured"",""memory"":""observed JS heap sampled at stage boundaries where performance.memory is exposed; not OS process peak""}",300,40,,,
firefox,150.0.2,portal_scale_300x40,9,warm,completed,3129.54,,0,0,,3128.9800000000005,0.5599999999994907,,,,,,3128.9399999999996,,,,,,0.5599999999994907,,,,"{""sdkModuleFetchImport"":""measured in cold phase; warm phase reuses the loaded module"",""pyodideInitialization"":""not_applicable_native_javascript_path"",""webRInitialization"":""not_applicable_native_javascript_path"",""wrappedPackageImport"":""not_applicable_native_javascript_path"",""publicSpectrumCatalogFetch"":""not_measured_synthetic_inputs_are_in_memory"",""nativeFitting"":""measured where the scenario uses native NNLS"",""adapterFitting"":""not_applicable_native_javascript_path"",""qcEvidence"":""measured only for single_sample_fit_report"",""bootstrap"":""measured only for bootstrap_500"",""plotRendering"":""not_measured"",""reportSerialization"":""measured only for single_sample_fit_report"",""endToEndElapsed"":""measured"",""memory"":""observed JS heap sampled at stage boundaries where performance.memory is exposed; not OS process peak""}",300,40,,,
firefox,150.0.2,portal_scale_300x40,10,cold,completed,3941.659999999999,965.3199999999999,974.62,964.6999999999999,,2975.7999999999993,0.5399999999999636,,,974.62,,,2975.7599999999993,,,,,,0.5399999999999636,,,,"{""sdkModuleFetchImport"":""measured in cold phase; warm phase reuses the loaded module"",""pyodideInitialization"":""not_applicable_native_javascript_path"",""webRInitialization"":""not_applicable_native_javascript_path"",""wrappedPackageImport"":""not_applicable_native_javascript_path"",""publicSpectrumCatalogFetch"":""not_measured_synthetic_inputs_are_in_memory"",""nativeFitting"":""measured where the scenario uses native NNLS"",""adapterFitting"":""not_applicable_native_javascript_path"",""qcEvidence"":""measured only for single_sample_fit_report"",""bootstrap"":""measured only for bootstrap_500"",""plotRendering"":""not_measured"",""reportSerialization"":""measured only for single_sample_fit_report"",""endToEndElapsed"":""measured"",""memory"":""observed JS heap sampled at stage boundaries where performance.memory is exposed; not OS process peak""}",300,40,,,
firefox,150.0.2,portal_scale_300x40,10,warm,completed,2992.54,,0,0,,2992.0199999999995,0.5200000000004366,,,,,,2991.9800000000005,,,,,,0.5200000000004366,,,,"{""sdkModuleFetchImport"":""measured in cold phase; warm phase reuses the loaded module"",""pyodideInitialization"":""not_applicable_native_javascript_path"",""webRInitialization"":""not_applicable_native_javascript_path"",""wrappedPackageImport"":""not_applicable_native_javascript_path"",""publicSpectrumCatalogFetch"":""not_measured_synthetic_inputs_are_in_memory"",""nativeFitting"":""measured where the scenario uses native NNLS"",""adapterFitting"":""not_applicable_native_javascript_path"",""qcEvidence"":""measured only for single_sample_fit_report"",""bootstrap"":""measured only for bootstrap_500"",""plotRendering"":""not_measured"",""reportSerialization"":""measured only for single_sample_fit_report"",""endToEndElapsed"":""measured"",""memory"":""observed JS heap sampled at stage boundaries where performance.memory is exposed; not OS process peak""}",300,40,,,
firefox,150.0.2,portal_scale_300x40,11,cold,completed,4020.5400000000004,1008.8200000000002,1007.18,1008.1400000000001,,3011.1800000000003,0.5399999999999636,,,1007.18,,,3011.14,,,,,,0.5399999999999636,,,,"{""sdkModuleFetchImport"":""measured in cold phase; warm phase reuses the loaded module"",""pyodideInitialization"":""not_applicable_native_javascript_path"",""webRInitialization"":""not_applicable_native_javascript_path"",""wrappedPackageImport"":""not_applicable_native_javascript_path"",""publicSpectrumCatalogFetch"":""not_measured_synthetic_inputs_are_in_memory"",""nativeFitting"":""measured where the scenario uses native NNLS"",""adapterFitting"":""not_applicable_native_javascript_path"",""qcEvidence"":""measured only for single_sample_fit_report"",""bootstrap"":""measured only for bootstrap_500"",""plotRendering"":""not_measured"",""reportSerialization"":""measured only for single_sample_fit_report"",""endToEndElapsed"":""measured"",""memory"":""observed JS heap sampled at stage boundaries where performance.memory is exposed; not OS process peak""}",300,40,,,
firefox,150.0.2,portal_scale_300x40,11,warm,completed,2978.04,,0,0,,2977.5200000000004,0.5199999999995271,,,,,,2977.5,,,,,,0.5199999999995271,,,,"{""sdkModuleFetchImport"":""measured in cold phase; warm phase reuses the loaded module"",""pyodideInitialization"":""not_applicable_native_javascript_path"",""webRInitialization"":""not_applicable_native_javascript_path"",""wrappedPackageImport"":""not_applicable_native_javascript_path"",""publicSpectrumCatalogFetch"":""not_measured_synthetic_inputs_are_in_memory"",""nativeFitting"":""measured where the scenario uses native NNLS"",""adapterFitting"":""not_applicable_native_javascript_path"",""qcEvidence"":""measured only for single_sample_fit_report"",""bootstrap"":""measured only for bootstrap_500"",""plotRendering"":""not_measured"",""reportSerialization"":""measured only for single_sample_fit_report"",""endToEndElapsed"":""measured"",""memory"":""observed JS heap sampled at stage boundaries where performance.memory is exposed; not OS process peak""}",300,40,,,
firefox,150.0.2,portal_scale_300x40,12,cold,completed,4163.780000000001,1047.02,1044.52,1046.12,,3116.2200000000003,0.5399999999999636,,,1044.52,,,3116.1800000000003,,,,,,0.5399999999999636,,,,"{""sdkModuleFetchImport"":""measured in cold phase; warm phase reuses the loaded module"",""pyodideInitialization"":""not_applicable_native_javascript_path"",""webRInitialization"":""not_applicable_native_javascript_path"",""wrappedPackageImport"":""not_applicable_native_javascript_path"",""publicSpectrumCatalogFetch"":""not_measured_synthetic_inputs_are_in_memory"",""nativeFitting"":""measured where the scenario uses native NNLS"",""adapterFitting"":""not_applicable_native_javascript_path"",""qcEvidence"":""measured only for single_sample_fit_report"",""bootstrap"":""measured only for bootstrap_500"",""plotRendering"":""not_measured"",""reportSerialization"":""measured only for single_sample_fit_report"",""endToEndElapsed"":""measured"",""memory"":""observed JS heap sampled at stage boundaries where performance.memory is exposed; not OS process peak""}",300,40,,,
firefox,150.0.2,portal_scale_300x40,12,warm,completed,3129.1800000000003,,0,0,,3128.6800000000003,0.5,,,,,,3128.6400000000003,,,,,,0.5,,,,"{""sdkModuleFetchImport"":""measured in cold phase; warm phase reuses the loaded module"",""pyodideInitialization"":""not_applicable_native_javascript_path"",""webRInitialization"":""not_applicable_native_javascript_path"",""wrappedPackageImport"":""not_applicable_native_javascript_path"",""publicSpectrumCatalogFetch"":""not_measured_synthetic_inputs_are_in_memory"",""nativeFitting"":""measured where the scenario uses native NNLS"",""adapterFitting"":""not_applicable_native_javascript_path"",""qcEvidence"":""measured only for single_sample_fit_report"",""bootstrap"":""measured only for bootstrap_500"",""plotRendering"":""not_measured"",""reportSerialization"":""measured only for single_sample_fit_report"",""endToEndElapsed"":""measured"",""memory"":""observed JS heap sampled at stage boundaries where performance.memory is exposed; not OS process peak""}",300,40,,,
firefox,150.0.2,portal_scale_300x40,13,cold,completed,3990.6800000000003,1007.3800000000001,1005.2599999999999,1006.74,,2982.74,0.5600000000004002,,,1005.2599999999999,,,2982.7200000000003,,,,,,0.5600000000004002,,,,"{""sdkModuleFetchImport"":""measured in cold phase; warm phase reuses the loaded module"",""pyodideInitialization"":""not_applicable_native_javascript_path"",""webRInitialization"":""not_applicable_native_javascript_path"",""wrappedPackageImport"":""not_applicable_native_javascript_path"",""publicSpectrumCatalogFetch"":""not_measured_synthetic_inputs_are_in_memory"",""nativeFitting"":""measured where the scenario uses native NNLS"",""adapterFitting"":""not_applicable_native_javascript_path"",""qcEvidence"":""measured only for single_sample_fit_report"",""bootstrap"":""measured only for bootstrap_500"",""plotRendering"":""not_measured"",""reportSerialization"":""measured only for single_sample_fit_report"",""endToEndElapsed"":""measured"",""memory"":""observed JS heap sampled at stage boundaries where performance.memory is exposed; not OS process peak""}",300,40,,,
firefox,150.0.2,portal_scale_300x40,13,warm,completed,2982.38,,0,0,,2981.88,0.5,,,,,,2981.8599999999997,,,,,,0.5,,,,"{""sdkModuleFetchImport"":""measured in cold phase; warm phase reuses the loaded module"",""pyodideInitialization"":""not_applicable_native_javascript_path"",""webRInitialization"":""not_applicable_native_javascript_path"",""wrappedPackageImport"":""not_applicable_native_javascript_path"",""publicSpectrumCatalogFetch"":""not_measured_synthetic_inputs_are_in_memory"",""nativeFitting"":""measured where the scenario uses native NNLS"",""adapterFitting"":""not_applicable_native_javascript_path"",""qcEvidence"":""measured only for single_sample_fit_report"",""bootstrap"":""measured only for bootstrap_500"",""plotRendering"":""not_measured"",""reportSerialization"":""measured only for single_sample_fit_report"",""endToEndElapsed"":""measured"",""memory"":""observed JS heap sampled at stage boundaries where performance.memory is exposed; not OS process peak""}",300,40,,,
firefox,150.0.2,portal_scale_300x40,14,cold,completed,4049.46,923.78,922.5400000000001,923.0799999999999,,3125.16,0.5200000000004366,,,922.5400000000001,,,3125.12,,,,,,0.5200000000004366,,,,"{""sdkModuleFetchImport"":""measured in cold phase; warm phase reuses the loaded module"",""pyodideInitialization"":""not_applicable_native_javascript_path"",""webRInitialization"":""not_applicable_native_javascript_path"",""wrappedPackageImport"":""not_applicable_native_javascript_path"",""publicSpectrumCatalogFetch"":""not_measured_synthetic_inputs_are_in_memory"",""nativeFitting"":""measured where the scenario uses native NNLS"",""adapterFitting"":""not_applicable_native_javascript_path"",""qcEvidence"":""measured only for single_sample_fit_report"",""bootstrap"":""measured only for bootstrap_500"",""plotRendering"":""not_measured"",""reportSerialization"":""measured only for single_sample_fit_report"",""endToEndElapsed"":""measured"",""memory"":""observed JS heap sampled at stage boundaries where performance.memory is exposed; not OS process peak""}",300,40,,,
firefox,150.0.2,portal_scale_300x40,14,warm,completed,3129.8200000000006,,0,0,,3129.3200000000006,0.5,,,,,,3129.2800000000007,,,,,,0.5,,,,"{""sdkModuleFetchImport"":""measured in cold phase; warm phase reuses the loaded module"",""pyodideInitialization"":""not_applicable_native_javascript_path"",""webRInitialization"":""not_applicable_native_javascript_path"",""wrappedPackageImport"":""not_applicable_native_javascript_path"",""publicSpectrumCatalogFetch"":""not_measured_synthetic_inputs_are_in_memory"",""nativeFitting"":""measured where the scenario uses native NNLS"",""adapterFitting"":""not_applicable_native_javascript_path"",""qcEvidence"":""measured only for single_sample_fit_report"",""bootstrap"":""measured only for bootstrap_500"",""plotRendering"":""not_measured"",""reportSerialization"":""measured only for single_sample_fit_report"",""endToEndElapsed"":""measured"",""memory"":""observed JS heap sampled at stage boundaries where performance.memory is exposed; not OS process peak""}",300,40,,,
firefox,150.0.2,portal_scale_300x40,15,cold,completed,4047.7799999999997,1092.24,1090.1599999999999,1091.6000000000001,,2955.0200000000004,0.5199999999995271,,,1090.1599999999999,,,2954.98,,,,,,0.5199999999995271,,,,"{""sdkModuleFetchImport"":""measured in cold phase; warm phase reuses the loaded module"",""pyodideInitialization"":""not_applicable_native_javascript_path"",""webRInitialization"":""not_applicable_native_javascript_path"",""wrappedPackageImport"":""not_applicable_native_javascript_path"",""publicSpectrumCatalogFetch"":""not_measured_synthetic_inputs_are_in_memory"",""nativeFitting"":""measured where the scenario uses native NNLS"",""adapterFitting"":""not_applicable_native_javascript_path"",""qcEvidence"":""measured only for single_sample_fit_report"",""bootstrap"":""measured only for bootstrap_500"",""plotRendering"":""not_measured"",""reportSerialization"":""measured only for single_sample_fit_report"",""endToEndElapsed"":""measured"",""memory"":""observed JS heap sampled at stage boundaries where performance.memory is exposed; not OS process peak""}",300,40,,,
firefox,150.0.2,portal_scale_300x40,15,warm,completed,2981.2,,0,0,,2980.6800000000003,0.5199999999995271,,,,,,2980.6800000000003,,,,,,0.5199999999995271,,,,"{""sdkModuleFetchImport"":""measured in cold phase; warm phase reuses the loaded module"",""pyodideInitialization"":""not_applicable_native_javascript_path"",""webRInitialization"":""not_applicable_native_javascript_path"",""wrappedPackageImport"":""not_applicable_native_javascript_path"",""publicSpectrumCatalogFetch"":""not_measured_synthetic_inputs_are_in_memory"",""nativeFitting"":""measured where the scenario uses native NNLS"",""adapterFitting"":""not_applicable_native_javascript_path"",""qcEvidence"":""measured only for single_sample_fit_report"",""bootstrap"":""measured only for bootstrap_500"",""plotRendering"":""not_measured"",""reportSerialization"":""measured only for single_sample_fit_report"",""endToEndElapsed"":""measured"",""memory"":""observed JS heap sampled at stage boundaries where performance.memory is exposed; not OS process peak""}",300,40,,,
firefox,150.0.2,portal_scale_300x40,16,cold,completed,3885,1013.4399999999999,1020.5799999999999,1012.8599999999999,,2871.0400000000004,0.5199999999995271,,,1020.5799999999999,,,2871,,,,,,0.5199999999995271,,,,"{""sdkModuleFetchImport"":""measured in cold phase; warm phase reuses the loaded module"",""pyodideInitialization"":""not_applicable_native_javascript_path"",""webRInitialization"":""not_applicable_native_javascript_path"",""wrappedPackageImport"":""not_applicable_native_javascript_path"",""publicSpectrumCatalogFetch"":""not_measured_synthetic_inputs_are_in_memory"",""nativeFitting"":""measured where the scenario uses native NNLS"",""adapterFitting"":""not_applicable_native_javascript_path"",""qcEvidence"":""measured only for single_sample_fit_report"",""bootstrap"":""measured only for bootstrap_500"",""plotRendering"":""not_measured"",""reportSerialization"":""measured only for single_sample_fit_report"",""endToEndElapsed"":""measured"",""memory"":""observed JS heap sampled at stage boundaries where performance.memory is exposed; not OS process peak""}",300,40,,,
firefox,150.0.2,portal_scale_300x40,16,warm,completed,2819.0200000000004,,0,0,,2818.540000000001,0.47999999999956344,,,,,,2818.4799999999996,,,,,,0.47999999999956344,,,,"{""sdkModuleFetchImport"":""measured in cold phase; warm phase reuses the loaded module"",""pyodideInitialization"":""not_applicable_native_javascript_path"",""webRInitialization"":""not_applicable_native_javascript_path"",""wrappedPackageImport"":""not_applicable_native_javascript_path"",""publicSpectrumCatalogFetch"":""not_measured_synthetic_inputs_are_in_memory"",""nativeFitting"":""measured where the scenario uses native NNLS"",""adapterFitting"":""not_applicable_native_javascript_path"",""qcEvidence"":""measured only for single_sample_fit_report"",""bootstrap"":""measured only for bootstrap_500"",""plotRendering"":""not_measured"",""reportSerialization"":""measured only for single_sample_fit_report"",""endToEndElapsed"":""measured"",""memory"":""observed JS heap sampled at stage boundaries where performance.memory is exposed; not OS process peak""}",300,40,,,
firefox,150.0.2,portal_scale_300x40,17,cold,completed,4049.5200000000004,928.08,926.24,927.54,,3120.88,0.5600000000004002,,,926.24,,,3120.86,,,,,,0.5600000000004002,,,,"{""sdkModuleFetchImport"":""measured in cold phase; warm phase reuses the loaded module"",""pyodideInitialization"":""not_applicable_native_javascript_path"",""webRInitialization"":""not_applicable_native_javascript_path"",""wrappedPackageImport"":""not_applicable_native_javascript_path"",""publicSpectrumCatalogFetch"":""not_measured_synthetic_inputs_are_in_memory"",""nativeFitting"":""measured where the scenario uses native NNLS"",""adapterFitting"":""not_applicable_native_javascript_path"",""qcEvidence"":""measured only for single_sample_fit_report"",""bootstrap"":""measured only for bootstrap_500"",""plotRendering"":""not_measured"",""reportSerialization"":""measured only for single_sample_fit_report"",""endToEndElapsed"":""measured"",""memory"":""observed JS heap sampled at stage boundaries where performance.memory is exposed; not OS process peak""}",300,40,,,
firefox,150.0.2,portal_scale_300x40,17,warm,completed,3083.96,,0,0,,3083.4400000000005,0.5199999999995271,,,,,,3083.4400000000005,,,,,,0.5199999999995271,,,,"{""sdkModuleFetchImport"":""measured in cold phase; warm phase reuses the loaded module"",""pyodideInitialization"":""not_applicable_native_javascript_path"",""webRInitialization"":""not_applicable_native_javascript_path"",""wrappedPackageImport"":""not_applicable_native_javascript_path"",""publicSpectrumCatalogFetch"":""not_measured_synthetic_inputs_are_in_memory"",""nativeFitting"":""measured where the scenario uses native NNLS"",""adapterFitting"":""not_applicable_native_javascript_path"",""qcEvidence"":""measured only for single_sample_fit_report"",""bootstrap"":""measured only for bootstrap_500"",""plotRendering"":""not_measured"",""reportSerialization"":""measured only for single_sample_fit_report"",""endToEndElapsed"":""measured"",""memory"":""observed JS heap sampled at stage boundaries where performance.memory is exposed; not OS process peak""}",300,40,,,
firefox,150.0.2,portal_scale_300x40,18,cold,completed,4037.0600000000004,947.54,945.8199999999999,946.7199999999999,,3089.0200000000004,0.5,,,945.8199999999999,,,3089.0000000000005,,,,,,0.5,,,,"{""sdkModuleFetchImport"":""measured in cold phase; warm phase reuses the loaded module"",""pyodideInitialization"":""not_applicable_native_javascript_path"",""webRInitialization"":""not_applicable_native_javascript_path"",""wrappedPackageImport"":""not_applicable_native_javascript_path"",""publicSpectrumCatalogFetch"":""not_measured_synthetic_inputs_are_in_memory"",""nativeFitting"":""measured where the scenario uses native NNLS"",""adapterFitting"":""not_applicable_native_javascript_path"",""qcEvidence"":""measured only for single_sample_fit_report"",""bootstrap"":""measured only for bootstrap_500"",""plotRendering"":""not_measured"",""reportSerialization"":""measured only for single_sample_fit_report"",""endToEndElapsed"":""measured"",""memory"":""observed JS heap sampled at stage boundaries where performance.memory is exposed; not OS process peak""}",300,40,,,
firefox,150.0.2,portal_scale_300x40,18,warm,completed,3145.1800000000003,,0,0,,3144.6000000000004,0.5799999999999272,,,,,,3144.58,,,,,,0.5799999999999272,,,,"{""sdkModuleFetchImport"":""measured in cold phase; warm phase reuses the loaded module"",""pyodideInitialization"":""not_applicable_native_javascript_path"",""webRInitialization"":""not_applicable_native_javascript_path"",""wrappedPackageImport"":""not_applicable_native_javascript_path"",""publicSpectrumCatalogFetch"":""not_measured_synthetic_inputs_are_in_memory"",""nativeFitting"":""measured where the scenario uses native NNLS"",""adapterFitting"":""not_applicable_native_javascript_path"",""qcEvidence"":""measured only for single_sample_fit_report"",""bootstrap"":""measured only for bootstrap_500"",""plotRendering"":""not_measured"",""reportSerialization"":""measured only for single_sample_fit_report"",""endToEndElapsed"":""measured"",""memory"":""observed JS heap sampled at stage boundaries where performance.memory is exposed; not OS process peak""}",300,40,,,
firefox,150.0.2,portal_scale_300x40,19,cold,completed,4103.66,1008.52,1023.3799999999999,1007.8,,3094.6600000000008,0.47999999999956344,,,1023.3799999999999,,,3094.58,,,,,,0.47999999999956344,,,,"{""sdkModuleFetchImport"":""measured in cold phase; warm phase reuses the loaded module"",""pyodideInitialization"":""not_applicable_native_javascript_path"",""webRInitialization"":""not_applicable_native_javascript_path"",""wrappedPackageImport"":""not_applicable_native_javascript_path"",""publicSpectrumCatalogFetch"":""not_measured_synthetic_inputs_are_in_memory"",""nativeFitting"":""measured where the scenario uses native NNLS"",""adapterFitting"":""not_applicable_native_javascript_path"",""qcEvidence"":""measured only for single_sample_fit_report"",""bootstrap"":""measured only for bootstrap_500"",""plotRendering"":""not_measured"",""reportSerialization"":""measured only for single_sample_fit_report"",""endToEndElapsed"":""measured"",""memory"":""observed JS heap sampled at stage boundaries where performance.memory is exposed; not OS process peak""}",300,40,,,
firefox,150.0.2,portal_scale_300x40,19,warm,completed,4245.5599999999995,,0,0,,4244.639999999999,0.9200000000000728,,,,,,4244.620000000001,,,,,,0.9200000000000728,,,,"{""sdkModuleFetchImport"":""measured in cold phase; warm phase reuses the loaded module"",""pyodideInitialization"":""not_applicable_native_javascript_path"",""webRInitialization"":""not_applicable_native_javascript_path"",""wrappedPackageImport"":""not_applicable_native_javascript_path"",""publicSpectrumCatalogFetch"":""not_measured_synthetic_inputs_are_in_memory"",""nativeFitting"":""measured where the scenario uses native NNLS"",""adapterFitting"":""not_applicable_native_javascript_path"",""qcEvidence"":""measured only for single_sample_fit_report"",""bootstrap"":""measured only for bootstrap_500"",""plotRendering"":""not_measured"",""reportSerialization"":""measured only for single_sample_fit_report"",""endToEndElapsed"":""measured"",""memory"":""observed JS heap sampled at stage boundaries where performance.memory is exposed; not OS process peak""}",300,40,,,
firefox,150.0.2,portal_scale_300x40,20,cold,completed,5728.080000000001,1281.18,1277.8200000000002,1280.28,,4445.840000000001,1.0599999999994907,,,1277.8200000000002,,,4445.78,,,,,,1.0599999999994907,,,,"{""sdkModuleFetchImport"":""measured in cold phase; warm phase reuses the loaded module"",""pyodideInitialization"":""not_applicable_native_javascript_path"",""webRInitialization"":""not_applicable_native_javascript_path"",""wrappedPackageImport"":""not_applicable_native_javascript_path"",""publicSpectrumCatalogFetch"":""not_measured_synthetic_inputs_are_in_memory"",""nativeFitting"":""measured where the scenario uses native NNLS"",""adapterFitting"":""not_applicable_native_javascript_path"",""qcEvidence"":""measured only for single_sample_fit_report"",""bootstrap"":""measured only for bootstrap_500"",""plotRendering"":""not_measured"",""reportSerialization"":""measured only for single_sample_fit_report"",""endToEndElapsed"":""measured"",""memory"":""observed JS heap sampled at stage boundaries where performance.memory is exposed; not OS process peak""}",300,40,,,
firefox,150.0.2,portal_scale_300x40,20,warm,completed,5588.099999999999,,0,0,,5587.56,0.5399999999990541,,,,,,5587.5199999999995,,,,,,0.5399999999990541,,,,"{""sdkModuleFetchImport"":""measured in cold phase; warm phase reuses the loaded module"",""pyodideInitialization"":""not_applicable_native_javascript_path"",""webRInitialization"":""not_applicable_native_javascript_path"",""wrappedPackageImport"":""not_applicable_native_javascript_path"",""publicSpectrumCatalogFetch"":""not_measured_synthetic_inputs_are_in_memory"",""nativeFitting"":""measured where the scenario uses native NNLS"",""adapterFitting"":""not_applicable_native_javascript_path"",""qcEvidence"":""measured only for single_sample_fit_report"",""bootstrap"":""measured only for bootstrap_500"",""plotRendering"":""not_measured"",""reportSerialization"":""measured only for single_sample_fit_report"",""endToEndElapsed"":""measured"",""memory"":""observed JS heap sampled at stage boundaries where performance.memory is exposed; not OS process peak""}",300,40,,,
firefox,150.0.2,bootstrap_500,1,cold,completed,1534.02,1177.02,1175.32,1176.2,,355.3399999999999,1.6600000000000819,,,1175.32,,,,,,355.26,,,1.6600000000000819,,,,"{""sdkModuleFetchImport"":""measured in cold phase; warm phase reuses the loaded module"",""pyodideInitialization"":""not_applicable_native_javascript_path"",""webRInitialization"":""not_applicable_native_javascript_path"",""wrappedPackageImport"":""not_applicable_native_javascript_path"",""publicSpectrumCatalogFetch"":""not_measured_synthetic_inputs_are_in_memory"",""nativeFitting"":""measured where the scenario uses native NNLS"",""adapterFitting"":""not_applicable_native_javascript_path"",""qcEvidence"":""measured only for single_sample_fit_report"",""bootstrap"":""measured only for bootstrap_500"",""plotRendering"":""not_measured"",""reportSerialization"":""measured only for single_sample_fit_report"",""endToEndElapsed"":""measured"",""memory"":""observed JS heap sampled at stage boundaries where performance.memory is exposed; not OS process peak""}",1,9,,,
firefox,150.0.2,bootstrap_500,1,warm,completed,400.74000000000024,,0,0,,398.82000000000016,1.9200000000000728,,,,,,,,,398.78,,,1.9200000000000728,,,,"{""sdkModuleFetchImport"":""measured in cold phase; warm phase reuses the loaded module"",""pyodideInitialization"":""not_applicable_native_javascript_path"",""webRInitialization"":""not_applicable_native_javascript_path"",""wrappedPackageImport"":""not_applicable_native_javascript_path"",""publicSpectrumCatalogFetch"":""not_measured_synthetic_inputs_are_in_memory"",""nativeFitting"":""measured where the scenario uses native NNLS"",""adapterFitting"":""not_applicable_native_javascript_path"",""qcEvidence"":""measured only for single_sample_fit_report"",""bootstrap"":""measured only for bootstrap_500"",""plotRendering"":""not_measured"",""reportSerialization"":""measured only for single_sample_fit_report"",""endToEndElapsed"":""measured"",""memory"":""observed JS heap sampled at stage boundaries where performance.memory is exposed; not OS process peak""}",1,9,,,
firefox,150.0.2,bootstrap_500,2,cold,completed,1703.64,1424,1421.6000000000001,1423.1000000000001,,278.53999999999996,1.1000000000001364,,,1421.6000000000001,,,,,,278.4799999999998,,,1.1000000000001364,,,,"{""sdkModuleFetchImport"":""measured in cold phase; warm phase reuses the loaded module"",""pyodideInitialization"":""not_applicable_native_javascript_path"",""webRInitialization"":""not_applicable_native_javascript_path"",""wrappedPackageImport"":""not_applicable_native_javascript_path"",""publicSpectrumCatalogFetch"":""not_measured_synthetic_inputs_are_in_memory"",""nativeFitting"":""measured where the scenario uses native NNLS"",""adapterFitting"":""not_applicable_native_javascript_path"",""qcEvidence"":""measured only for single_sample_fit_report"",""bootstrap"":""measured only for bootstrap_500"",""plotRendering"":""not_measured"",""reportSerialization"":""measured only for single_sample_fit_report"",""endToEndElapsed"":""measured"",""memory"":""observed JS heap sampled at stage boundaries where performance.memory is exposed; not OS process peak""}",1,9,,,
firefox,150.0.2,bootstrap_500,2,warm,completed,253.8599999999999,,0,0,,252.83999999999992,1.0199999999999818,,,,,,,,,252.81999999999994,,,1.0199999999999818,,,,"{""sdkModuleFetchImport"":""measured in cold phase; warm phase reuses the loaded module"",""pyodideInitialization"":""not_applicable_native_javascript_path"",""webRInitialization"":""not_applicable_native_javascript_path"",""wrappedPackageImport"":""not_applicable_native_javascript_path"",""publicSpectrumCatalogFetch"":""not_measured_synthetic_inputs_are_in_memory"",""nativeFitting"":""measured where the scenario uses native NNLS"",""adapterFitting"":""not_applicable_native_javascript_path"",""qcEvidence"":""measured only for single_sample_fit_report"",""bootstrap"":""measured only for bootstrap_500"",""plotRendering"":""not_measured"",""reportSerialization"":""measured only for single_sample_fit_report"",""endToEndElapsed"":""measured"",""memory"":""observed JS heap sampled at stage boundaries where performance.memory is exposed; not OS process peak""}",1,9,,,
firefox,150.0.2,bootstrap_500,3,cold,completed,1365.2400000000002,1108.7,1106.6200000000001,1107.86,,255.48000000000025,1.0599999999999454,,,1106.6200000000001,,,,,,255.44000000000005,,,1.0599999999999454,,,,"{""sdkModuleFetchImport"":""measured in cold phase; warm phase reuses the loaded module"",""pyodideInitialization"":""not_applicable_native_javascript_path"",""webRInitialization"":""not_applicable_native_javascript_path"",""wrappedPackageImport"":""not_applicable_native_javascript_path"",""publicSpectrumCatalogFetch"":""not_measured_synthetic_inputs_are_in_memory"",""nativeFitting"":""measured where the scenario uses native NNLS"",""adapterFitting"":""not_applicable_native_javascript_path"",""qcEvidence"":""measured only for single_sample_fit_report"",""bootstrap"":""measured only for bootstrap_500"",""plotRendering"":""not_measured"",""reportSerialization"":""measured only for single_sample_fit_report"",""endToEndElapsed"":""measured"",""memory"":""observed JS heap sampled at stage boundaries where performance.memory is exposed; not OS process peak""}",1,9,,,
firefox,150.0.2,bootstrap_500,3,warm,completed,272.1200000000001,,0,0,,271.10000000000014,1.0199999999999818,,,,,,,,,271.0799999999999,,,1.0199999999999818,,,,"{""sdkModuleFetchImport"":""measured in cold phase; warm phase reuses the loaded module"",""pyodideInitialization"":""not_applicable_native_javascript_path"",""webRInitialization"":""not_applicable_native_javascript_path"",""wrappedPackageImport"":""not_applicable_native_javascript_path"",""publicSpectrumCatalogFetch"":""not_measured_synthetic_inputs_are_in_memory"",""nativeFitting"":""measured where the scenario uses native NNLS"",""adapterFitting"":""not_applicable_native_javascript_path"",""qcEvidence"":""measured only for single_sample_fit_report"",""bootstrap"":""measured only for bootstrap_500"",""plotRendering"":""not_measured"",""reportSerialization"":""measured only for single_sample_fit_report"",""endToEndElapsed"":""measured"",""memory"":""observed JS heap sampled at stage boundaries where performance.memory is exposed; not OS process peak""}",1,9,,,
firefox,150.0.2,bootstrap_500,4,cold,completed,4779.719999999999,4363.219999999999,4382.700000000001,4362.16,,414.2600000000002,2.2399999999997817,,,4382.700000000001,,,,,,414.1999999999998,,,2.2399999999997817,,,,"{""sdkModuleFetchImport"":""measured in cold phase; warm phase reuses the loaded module"",""pyodideInitialization"":""not_applicable_native_javascript_path"",""webRInitialization"":""not_applicable_native_javascript_path"",""wrappedPackageImport"":""not_applicable_native_javascript_path"",""publicSpectrumCatalogFetch"":""not_measured_synthetic_inputs_are_in_memory"",""nativeFitting"":""measured where the scenario uses native NNLS"",""adapterFitting"":""not_applicable_native_javascript_path"",""qcEvidence"":""measured only for single_sample_fit_report"",""bootstrap"":""measured only for bootstrap_500"",""plotRendering"":""not_measured"",""reportSerialization"":""measured only for single_sample_fit_report"",""endToEndElapsed"":""measured"",""memory"":""observed JS heap sampled at stage boundaries where performance.memory is exposed; not OS process peak""}",1,9,,,
firefox,150.0.2,bootstrap_500,4,warm,completed,398.89999999999964,,0,0,,397.09999999999945,1.800000000000182,,,,,,,,,397.0799999999999,,,1.800000000000182,,,,"{""sdkModuleFetchImport"":""measured in cold phase; warm phase reuses the loaded module"",""pyodideInitialization"":""not_applicable_native_javascript_path"",""webRInitialization"":""not_applicable_native_javascript_path"",""wrappedPackageImport"":""not_applicable_native_javascript_path"",""publicSpectrumCatalogFetch"":""not_measured_synthetic_inputs_are_in_memory"",""nativeFitting"":""measured where the scenario uses native NNLS"",""adapterFitting"":""not_applicable_native_javascript_path"",""qcEvidence"":""measured only for single_sample_fit_report"",""bootstrap"":""measured only for bootstrap_500"",""plotRendering"":""not_measured"",""reportSerialization"":""measured only for single_sample_fit_report"",""endToEndElapsed"":""measured"",""memory"":""observed JS heap sampled at stage boundaries where performance.memory is exposed; not OS process peak""}",1,9,,,
firefox,150.0.2,bootstrap_500,5,cold,completed,1401.98,1127.3200000000002,1125.22,1126.58,,273.41999999999985,1.240000000000009,,,1125.22,,,,,,273.3799999999999,,,1.240000000000009,,,,"{""sdkModuleFetchImport"":""measured in cold phase; warm phase reuses the loaded module"",""pyodideInitialization"":""not_applicable_native_javascript_path"",""webRInitialization"":""not_applicable_native_javascript_path"",""wrappedPackageImport"":""not_applicable_native_javascript_path"",""publicSpectrumCatalogFetch"":""not_measured_synthetic_inputs_are_in_memory"",""nativeFitting"":""measured where the scenario uses native NNLS"",""adapterFitting"":""not_applicable_native_javascript_path"",""qcEvidence"":""measured only for single_sample_fit_report"",""bootstrap"":""measured only for bootstrap_500"",""plotRendering"":""not_measured"",""reportSerialization"":""measured only for single_sample_fit_report"",""endToEndElapsed"":""measured"",""memory"":""observed JS heap sampled at stage boundaries where performance.memory is exposed; not OS process peak""}",1,9,,,
firefox,150.0.2,bootstrap_500,5,warm,completed,266.9599999999998,,0,0,,265.6199999999999,1.3399999999999181,,,,,,,,,265.5999999999999,,,1.3399999999999181,,,,"{""sdkModuleFetchImport"":""measured in cold phase; warm phase reuses the loaded module"",""pyodideInitialization"":""not_applicable_native_javascript_path"",""webRInitialization"":""not_applicable_native_javascript_path"",""wrappedPackageImport"":""not_applicable_native_javascript_path"",""publicSpectrumCatalogFetch"":""not_measured_synthetic_inputs_are_in_memory"",""nativeFitting"":""measured where the scenario uses native NNLS"",""adapterFitting"":""not_applicable_native_javascript_path"",""qcEvidence"":""measured only for single_sample_fit_report"",""bootstrap"":""measured only for bootstrap_500"",""plotRendering"":""not_measured"",""reportSerialization"":""measured only for single_sample_fit_report"",""endToEndElapsed"":""measured"",""memory"":""observed JS heap sampled at stage boundaries where performance.memory is exposed; not OS process peak""}",1,9,,,
firefox,150.0.2,bootstrap_500,6,cold,completed,1482.5399999999997,1228.9399999999998,1226.92,1228.1399999999999,,252.48000000000002,1.1199999999998909,,,1226.92,,,,,,252.44000000000005,,,1.1199999999998909,,,,"{""sdkModuleFetchImport"":""measured in cold phase; warm phase reuses the loaded module"",""pyodideInitialization"":""not_applicable_native_javascript_path"",""webRInitialization"":""not_applicable_native_javascript_path"",""wrappedPackageImport"":""not_applicable_native_javascript_path"",""publicSpectrumCatalogFetch"":""not_measured_synthetic_inputs_are_in_memory"",""nativeFitting"":""measured where the scenario uses native NNLS"",""adapterFitting"":""not_applicable_native_javascript_path"",""qcEvidence"":""measured only for single_sample_fit_report"",""bootstrap"":""measured only for bootstrap_500"",""plotRendering"":""not_measured"",""reportSerialization"":""measured only for single_sample_fit_report"",""endToEndElapsed"":""measured"",""memory"":""observed JS heap sampled at stage boundaries where performance.memory is exposed; not OS process peak""}",1,9,,,
firefox,150.0.2,bootstrap_500,6,warm,completed,275.28,,0,0,,273.8799999999999,1.400000000000091,,,,,,,,,273.8599999999999,,,1.400000000000091,,,,"{""sdkModuleFetchImport"":""measured in cold phase; warm phase reuses the loaded module"",""pyodideInitialization"":""not_applicable_native_javascript_path"",""webRInitialization"":""not_applicable_native_javascript_path"",""wrappedPackageImport"":""not_applicable_native_javascript_path"",""publicSpectrumCatalogFetch"":""not_measured_synthetic_inputs_are_in_memory"",""nativeFitting"":""measured where the scenario uses native NNLS"",""adapterFitting"":""not_applicable_native_javascript_path"",""qcEvidence"":""measured only for single_sample_fit_report"",""bootstrap"":""measured only for bootstrap_500"",""plotRendering"":""not_measured"",""reportSerialization"":""measured only for single_sample_fit_report"",""endToEndElapsed"":""measured"",""memory"":""observed JS heap sampled at stage boundaries where performance.memory is exposed; not OS process peak""}",1,9,,,
firefox,150.0.2,bootstrap_500,7,cold,completed,1586.24,1251.1000000000001,1248.66,1250.0800000000002,,333.5,1.6399999999998727,,,1248.66,,,,,,333.4399999999998,,,1.6399999999998727,,,,"{""sdkModuleFetchImport"":""measured in cold phase; warm phase reuses the loaded module"",""pyodideInitialization"":""not_applicable_native_javascript_path"",""webRInitialization"":""not_applicable_native_javascript_path"",""wrappedPackageImport"":""not_applicable_native_javascript_path"",""publicSpectrumCatalogFetch"":""not_measured_synthetic_inputs_are_in_memory"",""nativeFitting"":""measured where the scenario uses native NNLS"",""adapterFitting"":""not_applicable_native_javascript_path"",""qcEvidence"":""measured only for single_sample_fit_report"",""bootstrap"":""measured only for bootstrap_500"",""plotRendering"":""not_measured"",""reportSerialization"":""measured only for single_sample_fit_report"",""endToEndElapsed"":""measured"",""memory"":""observed JS heap sampled at stage boundaries where performance.memory is exposed; not OS process peak""}",1,9,,,
firefox,150.0.2,bootstrap_500,7,warm,completed,441.48,,0,0,,439.6999999999998,1.7800000000002,,,,,,,,,439.65999999999985,,,1.7800000000002,,,,"{""sdkModuleFetchImport"":""measured in cold phase; warm phase reuses the loaded module"",""pyodideInitialization"":""not_applicable_native_javascript_path"",""webRInitialization"":""not_applicable_native_javascript_path"",""wrappedPackageImport"":""not_applicable_native_javascript_path"",""publicSpectrumCatalogFetch"":""not_measured_synthetic_inputs_are_in_memory"",""nativeFitting"":""measured where the scenario uses native NNLS"",""adapterFitting"":""not_applicable_native_javascript_path"",""qcEvidence"":""measured only for single_sample_fit_report"",""bootstrap"":""measured only for bootstrap_500"",""plotRendering"":""not_measured"",""reportSerialization"":""measured only for single_sample_fit_report"",""endToEndElapsed"":""measured"",""memory"":""observed JS heap sampled at stage boundaries where performance.memory is exposed; not OS process peak""}",1,9,,,
firefox,150.0.2,bootstrap_500,8,cold,completed,1520.46,1250.82,1248.42,1249.34,,268.48,1.1600000000000819,,,1248.42,,,,,,268.4399999999998,,,1.1600000000000819,,,,"{""sdkModuleFetchImport"":""measured in cold phase; warm phase reuses the loaded module"",""pyodideInitialization"":""not_applicable_native_javascript_path"",""webRInitialization"":""not_applicable_native_javascript_path"",""wrappedPackageImport"":""not_applicable_native_javascript_path"",""publicSpectrumCatalogFetch"":""not_measured_synthetic_inputs_are_in_memory"",""nativeFitting"":""measured where the scenario uses native NNLS"",""adapterFitting"":""not_applicable_native_javascript_path"",""qcEvidence"":""measured only for single_sample_fit_report"",""bootstrap"":""measured only for bootstrap_500"",""plotRendering"":""not_measured"",""reportSerialization"":""measured only for single_sample_fit_report"",""endToEndElapsed"":""measured"",""memory"":""observed JS heap sampled at stage boundaries where performance.memory is exposed; not OS process peak""}",1,9,,,
firefox,150.0.2,bootstrap_500,8,warm,completed,266.3600000000001,,0,0,,265.24000000000024,1.1199999999998909,,,,,,,,,265.24000000000024,,,1.1199999999998909,,,,"{""sdkModuleFetchImport"":""measured in cold phase; warm phase reuses the loaded module"",""pyodideInitialization"":""not_applicable_native_javascript_path"",""webRInitialization"":""not_applicable_native_javascript_path"",""wrappedPackageImport"":""not_applicable_native_javascript_path"",""publicSpectrumCatalogFetch"":""not_measured_synthetic_inputs_are_in_memory"",""nativeFitting"":""measured where the scenario uses native NNLS"",""adapterFitting"":""not_applicable_native_javascript_path"",""qcEvidence"":""measured only for single_sample_fit_report"",""bootstrap"":""measured only for bootstrap_500"",""plotRendering"":""not_measured"",""reportSerialization"":""measured only for single_sample_fit_report"",""endToEndElapsed"":""measured"",""memory"":""observed JS heap sampled at stage boundaries where performance.memory is exposed; not OS process peak""}",1,9,,,
firefox,150.0.2,bootstrap_500,9,cold,completed,1350.36,1098.26,1096.3799999999999,1097.5,,250.57999999999993,1.5199999999999818,,,1096.3799999999999,,,,,,250.53999999999996,,,1.5199999999999818,,,,"{""sdkModuleFetchImport"":""measured in cold phase; warm phase reuses the loaded module"",""pyodideInitialization"":""not_applicable_native_javascript_path"",""webRInitialization"":""not_applicable_native_javascript_path"",""wrappedPackageImport"":""not_applicable_native_javascript_path"",""publicSpectrumCatalogFetch"":""not_measured_synthetic_inputs_are_in_memory"",""nativeFitting"":""measured where the scenario uses native NNLS"",""adapterFitting"":""not_applicable_native_javascript_path"",""qcEvidence"":""measured only for single_sample_fit_report"",""bootstrap"":""measured only for bootstrap_500"",""plotRendering"":""not_measured"",""reportSerialization"":""measured only for single_sample_fit_report"",""endToEndElapsed"":""measured"",""memory"":""observed JS heap sampled at stage boundaries where performance.memory is exposed; not OS process peak""}",1,9,,,
firefox,150.0.2,bootstrap_500,9,warm,completed,360.02,,0,0,,358.2199999999998,1.800000000000182,,,,,,,,,358.15999999999985,,,1.800000000000182,,,,"{""sdkModuleFetchImport"":""measured in cold phase; warm phase reuses the loaded module"",""pyodideInitialization"":""not_applicable_native_javascript_path"",""webRInitialization"":""not_applicable_native_javascript_path"",""wrappedPackageImport"":""not_applicable_native_javascript_path"",""publicSpectrumCatalogFetch"":""not_measured_synthetic_inputs_are_in_memory"",""nativeFitting"":""measured where the scenario uses native NNLS"",""adapterFitting"":""not_applicable_native_javascript_path"",""qcEvidence"":""measured only for single_sample_fit_report"",""bootstrap"":""measured only for bootstrap_500"",""plotRendering"":""not_measured"",""reportSerialization"":""measured only for single_sample_fit_report"",""endToEndElapsed"":""measured"",""memory"":""observed JS heap sampled at stage boundaries where performance.memory is exposed; not OS process peak""}",1,9,,,
firefox,150.0.2,bootstrap_500,10,cold,completed,1292.4800000000002,1055.42,1052.68,1054.56,,236.01999999999998,1.040000000000191,,,1052.68,,,,,,236,,,1.040000000000191,,,,"{""sdkModuleFetchImport"":""measured in cold phase; warm phase reuses the loaded module"",""pyodideInitialization"":""not_applicable_native_javascript_path"",""webRInitialization"":""not_applicable_native_javascript_path"",""wrappedPackageImport"":""not_applicable_native_javascript_path"",""publicSpectrumCatalogFetch"":""not_measured_synthetic_inputs_are_in_memory"",""nativeFitting"":""measured where the scenario uses native NNLS"",""adapterFitting"":""not_applicable_native_javascript_path"",""qcEvidence"":""measured only for single_sample_fit_report"",""bootstrap"":""measured only for bootstrap_500"",""plotRendering"":""not_measured"",""reportSerialization"":""measured only for single_sample_fit_report"",""endToEndElapsed"":""measured"",""memory"":""observed JS heap sampled at stage boundaries where performance.memory is exposed; not OS process peak""}",1,9,,,
firefox,150.0.2,bootstrap_500,10,warm,completed,278.1199999999999,,0,0,,276.5999999999999,1.5199999999999818,,,,,,,,,276.5799999999999,,,1.5199999999999818,,,,"{""sdkModuleFetchImport"":""measured in cold phase; warm phase reuses the loaded module"",""pyodideInitialization"":""not_applicable_native_javascript_path"",""webRInitialization"":""not_applicable_native_javascript_path"",""wrappedPackageImport"":""not_applicable_native_javascript_path"",""publicSpectrumCatalogFetch"":""not_measured_synthetic_inputs_are_in_memory"",""nativeFitting"":""measured where the scenario uses native NNLS"",""adapterFitting"":""not_applicable_native_javascript_path"",""qcEvidence"":""measured only for single_sample_fit_report"",""bootstrap"":""measured only for bootstrap_500"",""plotRendering"":""not_measured"",""reportSerialization"":""measured only for single_sample_fit_report"",""endToEndElapsed"":""measured"",""memory"":""observed JS heap sampled at stage boundaries where performance.memory is exposed; not OS process peak""}",1,9,,,
firefox,150.0.2,bootstrap_500,11,cold,completed,1489.8,1133.06,1129.36,1132.3,,355.46000000000004,1.2799999999999727,,,1129.36,,,,,,355.4000000000001,,,1.2799999999999727,,,,"{""sdkModuleFetchImport"":""measured in cold phase; warm phase reuses the loaded module"",""pyodideInitialization"":""not_applicable_native_javascript_path"",""webRInitialization"":""not_applicable_native_javascript_path"",""wrappedPackageImport"":""not_applicable_native_javascript_path"",""publicSpectrumCatalogFetch"":""not_measured_synthetic_inputs_are_in_memory"",""nativeFitting"":""measured where the scenario uses native NNLS"",""adapterFitting"":""not_applicable_native_javascript_path"",""qcEvidence"":""measured only for single_sample_fit_report"",""bootstrap"":""measured only for bootstrap_500"",""plotRendering"":""not_measured"",""reportSerialization"":""measured only for single_sample_fit_report"",""endToEndElapsed"":""measured"",""memory"":""observed JS heap sampled at stage boundaries where performance.memory is exposed; not OS process peak""}",1,9,,,
firefox,150.0.2,bootstrap_500,11,warm,completed,455.1199999999999,,0,0,,453,2.119999999999891,,,,,,,,,452.98,,,2.119999999999891,,,,"{""sdkModuleFetchImport"":""measured in cold phase; warm phase reuses the loaded module"",""pyodideInitialization"":""not_applicable_native_javascript_path"",""webRInitialization"":""not_applicable_native_javascript_path"",""wrappedPackageImport"":""not_applicable_native_javascript_path"",""publicSpectrumCatalogFetch"":""not_measured_synthetic_inputs_are_in_memory"",""nativeFitting"":""measured where the scenario uses native NNLS"",""adapterFitting"":""not_applicable_native_javascript_path"",""qcEvidence"":""measured only for single_sample_fit_report"",""bootstrap"":""measured only for bootstrap_500"",""plotRendering"":""not_measured"",""reportSerialization"":""measured only for single_sample_fit_report"",""endToEndElapsed"":""measured"",""memory"":""observed JS heap sampled at stage boundaries where performance.memory is exposed; not OS process peak""}",1,9,,,
firefox,150.0.2,bootstrap_500,12,cold,completed,1260.38,1009.84,1024.2,1008.98,,249.53999999999996,1,,,1024.2,,,,,,249.48000000000002,,,1,,,,"{""sdkModuleFetchImport"":""measured in cold phase; warm phase reuses the loaded module"",""pyodideInitialization"":""not_applicable_native_javascript_path"",""webRInitialization"":""not_applicable_native_javascript_path"",""wrappedPackageImport"":""not_applicable_native_javascript_path"",""publicSpectrumCatalogFetch"":""not_measured_synthetic_inputs_are_in_memory"",""nativeFitting"":""measured where the scenario uses native NNLS"",""adapterFitting"":""not_applicable_native_javascript_path"",""qcEvidence"":""measured only for single_sample_fit_report"",""bootstrap"":""measured only for bootstrap_500"",""plotRendering"":""not_measured"",""reportSerialization"":""measured only for single_sample_fit_report"",""endToEndElapsed"":""measured"",""memory"":""observed JS heap sampled at stage boundaries where performance.memory is exposed; not OS process peak""}",1,9,,,
firefox,150.0.2,bootstrap_500,12,warm,completed,262.76,,0,0,,261.7199999999998,1.040000000000191,,,,,,,,,261.6999999999998,,,1.040000000000191,,,,"{""sdkModuleFetchImport"":""measured in cold phase; warm phase reuses the loaded module"",""pyodideInitialization"":""not_applicable_native_javascript_path"",""webRInitialization"":""not_applicable_native_javascript_path"",""wrappedPackageImport"":""not_applicable_native_javascript_path"",""publicSpectrumCatalogFetch"":""not_measured_synthetic_inputs_are_in_memory"",""nativeFitting"":""measured where the scenario uses native NNLS"",""adapterFitting"":""not_applicable_native_javascript_path"",""qcEvidence"":""measured only for single_sample_fit_report"",""bootstrap"":""measured only for bootstrap_500"",""plotRendering"":""not_measured"",""reportSerialization"":""measured only for single_sample_fit_report"",""endToEndElapsed"":""measured"",""memory"":""observed JS heap sampled at stage boundaries where performance.memory is exposed; not OS process peak""}",1,9,,,
firefox,150.0.2,bootstrap_500,13,cold,completed,1327.9199999999998,1078.4599999999998,1076.46,1077.6399999999999,,248.44000000000005,1.0199999999999818,,,1076.46,,,,,,248.39999999999986,,,1.0199999999999818,,,,"{""sdkModuleFetchImport"":""measured in cold phase; warm phase reuses the loaded module"",""pyodideInitialization"":""not_applicable_native_javascript_path"",""webRInitialization"":""not_applicable_native_javascript_path"",""wrappedPackageImport"":""not_applicable_native_javascript_path"",""publicSpectrumCatalogFetch"":""not_measured_synthetic_inputs_are_in_memory"",""nativeFitting"":""measured where the scenario uses native NNLS"",""adapterFitting"":""not_applicable_native_javascript_path"",""qcEvidence"":""measured only for single_sample_fit_report"",""bootstrap"":""measured only for bootstrap_500"",""plotRendering"":""not_measured"",""reportSerialization"":""measured only for single_sample_fit_report"",""endToEndElapsed"":""measured"",""memory"":""observed JS heap sampled at stage boundaries where performance.memory is exposed; not OS process peak""}",1,9,,,
firefox,150.0.2,bootstrap_500,13,warm,completed,254.31999999999994,,0,0,,253.31999999999994,1,,,,,,,,,253.29999999999995,,,1,,,,"{""sdkModuleFetchImport"":""measured in cold phase; warm phase reuses the loaded module"",""pyodideInitialization"":""not_applicable_native_javascript_path"",""webRInitialization"":""not_applicable_native_javascript_path"",""wrappedPackageImport"":""not_applicable_native_javascript_path"",""publicSpectrumCatalogFetch"":""not_measured_synthetic_inputs_are_in_memory"",""nativeFitting"":""measured where the scenario uses native NNLS"",""adapterFitting"":""not_applicable_native_javascript_path"",""qcEvidence"":""measured only for single_sample_fit_report"",""bootstrap"":""measured only for bootstrap_500"",""plotRendering"":""not_measured"",""reportSerialization"":""measured only for single_sample_fit_report"",""endToEndElapsed"":""measured"",""memory"":""observed JS heap sampled at stage boundaries where performance.memory is exposed; not OS process peak""}",1,9,,,
firefox,150.0.2,bootstrap_500,14,cold,completed,1408.4800000000002,1130.7800000000002,1145.88,1130.0400000000002,,276.6200000000001,1.0799999999999272,,,1145.88,,,,,,276.60000000000014,,,1.0799999999999272,,,,"{""sdkModuleFetchImport"":""measured in cold phase; warm phase reuses the loaded module"",""pyodideInitialization"":""not_applicable_native_javascript_path"",""webRInitialization"":""not_applicable_native_javascript_path"",""wrappedPackageImport"":""not_applicable_native_javascript_path"",""publicSpectrumCatalogFetch"":""not_measured_synthetic_inputs_are_in_memory"",""nativeFitting"":""measured where the scenario uses native NNLS"",""adapterFitting"":""not_applicable_native_javascript_path"",""qcEvidence"":""measured only for single_sample_fit_report"",""bootstrap"":""measured only for bootstrap_500"",""plotRendering"":""not_measured"",""reportSerialization"":""measured only for single_sample_fit_report"",""endToEndElapsed"":""measured"",""memory"":""observed JS heap sampled at stage boundaries where performance.memory is exposed; not OS process peak""}",1,9,,,
firefox,150.0.2,bootstrap_500,14,warm,completed,395.32000000000016,,0,0,,393.4400000000003,1.8799999999998818,,,,,,,,,393.4000000000001,,,1.8799999999998818,,,,"{""sdkModuleFetchImport"":""measured in cold phase; warm phase reuses the loaded module"",""pyodideInitialization"":""not_applicable_native_javascript_path"",""webRInitialization"":""not_applicable_native_javascript_path"",""wrappedPackageImport"":""not_applicable_native_javascript_path"",""publicSpectrumCatalogFetch"":""not_measured_synthetic_inputs_are_in_memory"",""nativeFitting"":""measured where the scenario uses native NNLS"",""adapterFitting"":""not_applicable_native_javascript_path"",""qcEvidence"":""measured only for single_sample_fit_report"",""bootstrap"":""measured only for bootstrap_500"",""plotRendering"":""not_measured"",""reportSerialization"":""measured only for single_sample_fit_report"",""endToEndElapsed"":""measured"",""memory"":""observed JS heap sampled at stage boundaries where performance.memory is exposed; not OS process peak""}",1,9,,,
firefox,150.0.2,bootstrap_500,15,cold,completed,1243.9199999999998,1000.3799999999999,998.8000000000001,999.4399999999999,,242.55999999999995,0.9800000000000182,,,998.8000000000001,,,,,,242.53999999999996,,,0.9800000000000182,,,,"{""sdkModuleFetchImport"":""measured in cold phase; warm phase reuses the loaded module"",""pyodideInitialization"":""not_applicable_native_javascript_path"",""webRInitialization"":""not_applicable_native_javascript_path"",""wrappedPackageImport"":""not_applicable_native_javascript_path"",""publicSpectrumCatalogFetch"":""not_measured_synthetic_inputs_are_in_memory"",""nativeFitting"":""measured where the scenario uses native NNLS"",""adapterFitting"":""not_applicable_native_javascript_path"",""qcEvidence"":""measured only for single_sample_fit_report"",""bootstrap"":""measured only for bootstrap_500"",""plotRendering"":""not_measured"",""reportSerialization"":""measured only for single_sample_fit_report"",""endToEndElapsed"":""measured"",""memory"":""observed JS heap sampled at stage boundaries where performance.memory is exposed; not OS process peak""}",1,9,,,
firefox,150.0.2,bootstrap_500,15,warm,completed,280.3600000000001,,0,0,,279.2600000000002,1.099999999999909,,,,,,,,,279.24,,,1.099999999999909,,,,"{""sdkModuleFetchImport"":""measured in cold phase; warm phase reuses the loaded module"",""pyodideInitialization"":""not_applicable_native_javascript_path"",""webRInitialization"":""not_applicable_native_javascript_path"",""wrappedPackageImport"":""not_applicable_native_javascript_path"",""publicSpectrumCatalogFetch"":""not_measured_synthetic_inputs_are_in_memory"",""nativeFitting"":""measured where the scenario uses native NNLS"",""adapterFitting"":""not_applicable_native_javascript_path"",""qcEvidence"":""measured only for single_sample_fit_report"",""bootstrap"":""measured only for bootstrap_500"",""plotRendering"":""not_measured"",""reportSerialization"":""measured only for single_sample_fit_report"",""endToEndElapsed"":""measured"",""memory"":""observed JS heap sampled at stage boundaries where performance.memory is exposed; not OS process peak""}",1,9,,,
firefox,150.0.2,bootstrap_500,16,cold,completed,1227.44,981.24,996.6200000000001,980.4000000000001,,245.20000000000005,1,,,996.6200000000001,,,,,,245.16000000000008,,,1,,,,"{""sdkModuleFetchImport"":""measured in cold phase; warm phase reuses the loaded module"",""pyodideInitialization"":""not_applicable_native_javascript_path"",""webRInitialization"":""not_applicable_native_javascript_path"",""wrappedPackageImport"":""not_applicable_native_javascript_path"",""publicSpectrumCatalogFetch"":""not_measured_synthetic_inputs_are_in_memory"",""nativeFitting"":""measured where the scenario uses native NNLS"",""adapterFitting"":""not_applicable_native_javascript_path"",""qcEvidence"":""measured only for single_sample_fit_report"",""bootstrap"":""measured only for bootstrap_500"",""plotRendering"":""not_measured"",""reportSerialization"":""measured only for single_sample_fit_report"",""endToEndElapsed"":""measured"",""memory"":""observed JS heap sampled at stage boundaries where performance.memory is exposed; not OS process peak""}",1,9,,,
firefox,150.0.2,bootstrap_500,16,warm,completed,284.34000000000015,,0,0,,282.98,1.3600000000001273,,,,,,,,,282.96000000000004,,,1.3600000000001273,,,,"{""sdkModuleFetchImport"":""measured in cold phase; warm phase reuses the loaded module"",""pyodideInitialization"":""not_applicable_native_javascript_path"",""webRInitialization"":""not_applicable_native_javascript_path"",""wrappedPackageImport"":""not_applicable_native_javascript_path"",""publicSpectrumCatalogFetch"":""not_measured_synthetic_inputs_are_in_memory"",""nativeFitting"":""measured where the scenario uses native NNLS"",""adapterFitting"":""not_applicable_native_javascript_path"",""qcEvidence"":""measured only for single_sample_fit_report"",""bootstrap"":""measured only for bootstrap_500"",""plotRendering"":""not_measured"",""reportSerialization"":""measured only for single_sample_fit_report"",""endToEndElapsed"":""measured"",""memory"":""observed JS heap sampled at stage boundaries where performance.memory is exposed; not OS process peak""}",1,9,,,
firefox,150.0.2,bootstrap_500,17,cold,completed,1388.94,1146.3600000000001,1143.46,1145.3600000000001,,241.5999999999999,0.9800000000000182,,,1143.46,,,,,,241.55999999999995,,,0.9800000000000182,,,,"{""sdkModuleFetchImport"":""measured in cold phase; warm phase reuses the loaded module"",""pyodideInitialization"":""not_applicable_native_javascript_path"",""webRInitialization"":""not_applicable_native_javascript_path"",""wrappedPackageImport"":""not_applicable_native_javascript_path"",""publicSpectrumCatalogFetch"":""not_measured_synthetic_inputs_are_in_memory"",""nativeFitting"":""measured where the scenario uses native NNLS"",""adapterFitting"":""not_applicable_native_javascript_path"",""qcEvidence"":""measured only for single_sample_fit_report"",""bootstrap"":""measured only for bootstrap_500"",""plotRendering"":""not_measured"",""reportSerialization"":""measured only for single_sample_fit_report"",""endToEndElapsed"":""measured"",""memory"":""observed JS heap sampled at stage boundaries where performance.memory is exposed; not OS process peak""}",1,9,,,
firefox,150.0.2,bootstrap_500,17,warm,completed,268.84000000000015,,0,0,,267.46000000000004,1.3800000000001091,,,,,,,,,267.46000000000004,,,1.3800000000001091,,,,"{""sdkModuleFetchImport"":""measured in cold phase; warm phase reuses the loaded module"",""pyodideInitialization"":""not_applicable_native_javascript_path"",""webRInitialization"":""not_applicable_native_javascript_path"",""wrappedPackageImport"":""not_applicable_native_javascript_path"",""publicSpectrumCatalogFetch"":""not_measured_synthetic_inputs_are_in_memory"",""nativeFitting"":""measured where the scenario uses native NNLS"",""adapterFitting"":""not_applicable_native_javascript_path"",""qcEvidence"":""measured only for single_sample_fit_report"",""bootstrap"":""measured only for bootstrap_500"",""plotRendering"":""not_measured"",""reportSerialization"":""measured only for single_sample_fit_report"",""endToEndElapsed"":""measured"",""memory"":""observed JS heap sampled at stage boundaries where performance.memory is exposed; not OS process peak""}",1,9,,,
firefox,150.0.2,bootstrap_500,18,cold,completed,1310.2,1052.1200000000001,1050.18,1051.42,,256.4599999999998,1.6200000000001182,,,1050.18,,,,,,256.39999999999986,,,1.6200000000001182,,,,"{""sdkModuleFetchImport"":""measured in cold phase; warm phase reuses the loaded module"",""pyodideInitialization"":""not_applicable_native_javascript_path"",""webRInitialization"":""not_applicable_native_javascript_path"",""wrappedPackageImport"":""not_applicable_native_javascript_path"",""publicSpectrumCatalogFetch"":""not_measured_synthetic_inputs_are_in_memory"",""nativeFitting"":""measured where the scenario uses native NNLS"",""adapterFitting"":""not_applicable_native_javascript_path"",""qcEvidence"":""measured only for single_sample_fit_report"",""bootstrap"":""measured only for bootstrap_500"",""plotRendering"":""not_measured"",""reportSerialization"":""measured only for single_sample_fit_report"",""endToEndElapsed"":""measured"",""memory"":""observed JS heap sampled at stage boundaries where performance.memory is exposed; not OS process peak""}",1,9,,,
firefox,150.0.2,bootstrap_500,18,warm,completed,337.22,,0,0,,335.9000000000001,1.3199999999999363,,,,,,,,,335.8600000000001,,,1.3199999999999363,,,,"{""sdkModuleFetchImport"":""measured in cold phase; warm phase reuses the loaded module"",""pyodideInitialization"":""not_applicable_native_javascript_path"",""webRInitialization"":""not_applicable_native_javascript_path"",""wrappedPackageImport"":""not_applicable_native_javascript_path"",""publicSpectrumCatalogFetch"":""not_measured_synthetic_inputs_are_in_memory"",""nativeFitting"":""measured where the scenario uses native NNLS"",""adapterFitting"":""not_applicable_native_javascript_path"",""qcEvidence"":""measured only for single_sample_fit_report"",""bootstrap"":""measured only for bootstrap_500"",""plotRendering"":""not_measured"",""reportSerialization"":""measured only for single_sample_fit_report"",""endToEndElapsed"":""measured"",""memory"":""observed JS heap sampled at stage boundaries where performance.memory is exposed; not OS process peak""}",1,9,,,
firefox,150.0.2,bootstrap_500,19,cold,completed,1446.6,1177.58,1176.02,1176.6399999999999,,268.02,1,,,1176.02,,,,,,267.96000000000004,,,1,,,,"{""sdkModuleFetchImport"":""measured in cold phase; warm phase reuses the loaded module"",""pyodideInitialization"":""not_applicable_native_javascript_path"",""webRInitialization"":""not_applicable_native_javascript_path"",""wrappedPackageImport"":""not_applicable_native_javascript_path"",""publicSpectrumCatalogFetch"":""not_measured_synthetic_inputs_are_in_memory"",""nativeFitting"":""measured where the scenario uses native NNLS"",""adapterFitting"":""not_applicable_native_javascript_path"",""qcEvidence"":""measured only for single_sample_fit_report"",""bootstrap"":""measured only for bootstrap_500"",""plotRendering"":""not_measured"",""reportSerialization"":""measured only for single_sample_fit_report"",""endToEndElapsed"":""measured"",""memory"":""observed JS heap sampled at stage boundaries where performance.memory is exposed; not OS process peak""}",1,9,,,
firefox,150.0.2,bootstrap_500,19,warm,completed,249.94000000000005,,0,0,,248.92000000000007,1.0199999999999818,,,,,,,,,248.92000000000007,,,1.0199999999999818,,,,"{""sdkModuleFetchImport"":""measured in cold phase; warm phase reuses the loaded module"",""pyodideInitialization"":""not_applicable_native_javascript_path"",""webRInitialization"":""not_applicable_native_javascript_path"",""wrappedPackageImport"":""not_applicable_native_javascript_path"",""publicSpectrumCatalogFetch"":""not_measured_synthetic_inputs_are_in_memory"",""nativeFitting"":""measured where the scenario uses native NNLS"",""adapterFitting"":""not_applicable_native_javascript_path"",""qcEvidence"":""measured only for single_sample_fit_report"",""bootstrap"":""measured only for bootstrap_500"",""plotRendering"":""not_measured"",""reportSerialization"":""measured only for single_sample_fit_report"",""endToEndElapsed"":""measured"",""memory"":""observed JS heap sampled at stage boundaries where performance.memory is exposed; not OS process peak""}",1,9,,,
firefox,150.0.2,nmf_rank_selection_rank4,1,cold,completed,5630.16,1117.46,1114.3799999999999,1116.74,,4505.46,7.239999999999782,,,1114.3799999999999,,,,,,,,,7.239999999999782,,,,"{""sdkModuleFetchImport"":""measured in cold phase; warm phase reuses the loaded module"",""pyodideInitialization"":""not_applicable_native_javascript_path"",""webRInitialization"":""not_applicable_native_javascript_path"",""wrappedPackageImport"":""not_applicable_native_javascript_path"",""publicSpectrumCatalogFetch"":""not_measured_synthetic_inputs_are_in_memory"",""nativeFitting"":""measured where the scenario uses native NNLS"",""adapterFitting"":""not_applicable_native_javascript_path"",""qcEvidence"":""measured only for single_sample_fit_report"",""bootstrap"":""measured only for bootstrap_500"",""plotRendering"":""not_measured"",""reportSerialization"":""measured only for single_sample_fit_report"",""endToEndElapsed"":""measured"",""memory"":""observed JS heap sampled at stage boundaries where performance.memory is exposed; not OS process peak""}",80,,2913.24,1592.1000000000004,
firefox,150.0.2,nmf_rank_selection_rank4,1,warm,completed,3018.74,,0,0,,3014.800000000001,3.9399999999986903,,,,,,,,,,,,3.9399999999986903,,,,"{""sdkModuleFetchImport"":""measured in cold phase; warm phase reuses the loaded module"",""pyodideInitialization"":""not_applicable_native_javascript_path"",""webRInitialization"":""not_applicable_native_javascript_path"",""wrappedPackageImport"":""not_applicable_native_javascript_path"",""publicSpectrumCatalogFetch"":""not_measured_synthetic_inputs_are_in_memory"",""nativeFitting"":""measured where the scenario uses native NNLS"",""adapterFitting"":""not_applicable_native_javascript_path"",""qcEvidence"":""measured only for single_sample_fit_report"",""bootstrap"":""measured only for bootstrap_500"",""plotRendering"":""not_measured"",""reportSerialization"":""measured only for single_sample_fit_report"",""endToEndElapsed"":""measured"",""memory"":""observed JS heap sampled at stage boundaries where performance.memory is exposed; not OS process peak""}",80,,2265.54,749.2600000000011,
firefox,150.0.2,nmf_rank_selection_rank4,2,cold,completed,5685.799999999999,1169.3999999999999,1166.94,1168.7,,4508.48,7.920000000000073,,,1166.94,,,,,,,,,7.920000000000073,,,,"{""sdkModuleFetchImport"":""measured in cold phase; warm phase reuses the loaded module"",""pyodideInitialization"":""not_applicable_native_javascript_path"",""webRInitialization"":""not_applicable_native_javascript_path"",""wrappedPackageImport"":""not_applicable_native_javascript_path"",""publicSpectrumCatalogFetch"":""not_measured_synthetic_inputs_are_in_memory"",""nativeFitting"":""measured where the scenario uses native NNLS"",""adapterFitting"":""not_applicable_native_javascript_path"",""qcEvidence"":""measured only for single_sample_fit_report"",""bootstrap"":""measured only for bootstrap_500"",""plotRendering"":""not_measured"",""reportSerialization"":""measured only for single_sample_fit_report"",""endToEndElapsed"":""measured"",""memory"":""observed JS heap sampled at stage boundaries where performance.memory is exposed; not OS process peak""}",80,,2754.6399999999994,1753.7800000000007,
firefox,150.0.2,nmf_rank_selection_rank4,2,warm,completed,3158.0200000000004,,0,0,,3154.0200000000004,4,,,,,,,,,,,,4,,,,"{""sdkModuleFetchImport"":""measured in cold phase; warm phase reuses the loaded module"",""pyodideInitialization"":""not_applicable_native_javascript_path"",""webRInitialization"":""not_applicable_native_javascript_path"",""wrappedPackageImport"":""not_applicable_native_javascript_path"",""publicSpectrumCatalogFetch"":""not_measured_synthetic_inputs_are_in_memory"",""nativeFitting"":""measured where the scenario uses native NNLS"",""adapterFitting"":""not_applicable_native_javascript_path"",""qcEvidence"":""measured only for single_sample_fit_report"",""bootstrap"":""measured only for bootstrap_500"",""plotRendering"":""not_measured"",""reportSerialization"":""measured only for single_sample_fit_report"",""endToEndElapsed"":""measured"",""memory"":""observed JS heap sampled at stage boundaries where performance.memory is exposed; not OS process peak""}",80,,2402.8200000000006,751.1800000000003,
firefox,150.0.2,nmf_rank_selection_rank4,3,cold,completed,5344.58,962.48,960.4800000000001,961.64,,4376.759999999999,5.3400000000001455,,,960.4800000000001,,,,,,,,,5.3400000000001455,,,,"{""sdkModuleFetchImport"":""measured in cold phase; warm phase reuses the loaded module"",""pyodideInitialization"":""not_applicable_native_javascript_path"",""webRInitialization"":""not_applicable_native_javascript_path"",""wrappedPackageImport"":""not_applicable_native_javascript_path"",""publicSpectrumCatalogFetch"":""not_measured_synthetic_inputs_are_in_memory"",""nativeFitting"":""measured where the scenario uses native NNLS"",""adapterFitting"":""not_applicable_native_javascript_path"",""qcEvidence"":""measured only for single_sample_fit_report"",""bootstrap"":""measured only for bootstrap_500"",""plotRendering"":""not_measured"",""reportSerialization"":""measured only for single_sample_fit_report"",""endToEndElapsed"":""measured"",""memory"":""observed JS heap sampled at stage boundaries where performance.memory is exposed; not OS process peak""}",80,,2864.8199999999997,1511.8599999999997,
firefox,150.0.2,nmf_rank_selection_rank4,3,warm,completed,2939.62,,0,0,,2935.579999999999,4.040000000000873,,,,,,,,,,,,4.040000000000873,,,,"{""sdkModuleFetchImport"":""measured in cold phase; warm phase reuses the loaded module"",""pyodideInitialization"":""not_applicable_native_javascript_path"",""webRInitialization"":""not_applicable_native_javascript_path"",""wrappedPackageImport"":""not_applicable_native_javascript_path"",""publicSpectrumCatalogFetch"":""not_measured_synthetic_inputs_are_in_memory"",""nativeFitting"":""measured where the scenario uses native NNLS"",""adapterFitting"":""not_applicable_native_javascript_path"",""qcEvidence"":""measured only for single_sample_fit_report"",""bootstrap"":""measured only for bootstrap_500"",""plotRendering"":""not_measured"",""reportSerialization"":""measured only for single_sample_fit_report"",""endToEndElapsed"":""measured"",""memory"":""observed JS heap sampled at stage boundaries where performance.memory is exposed; not OS process peak""}",80,,2187.5999999999995,747.9799999999996,
firefox,150.0.2,nmf_rank_selection_rank4,4,cold,completed,5664.62,1173.2,1171.56,1172.52,,4484.679999999999,6.740000000000691,,,1171.56,,,,,,,,,6.740000000000691,,,,"{""sdkModuleFetchImport"":""measured in cold phase; warm phase reuses the loaded module"",""pyodideInitialization"":""not_applicable_native_javascript_path"",""webRInitialization"":""not_applicable_native_javascript_path"",""wrappedPackageImport"":""not_applicable_native_javascript_path"",""publicSpectrumCatalogFetch"":""not_measured_synthetic_inputs_are_in_memory"",""nativeFitting"":""measured where the scenario uses native NNLS"",""adapterFitting"":""not_applicable_native_javascript_path"",""qcEvidence"":""measured only for single_sample_fit_report"",""bootstrap"":""measured only for bootstrap_500"",""plotRendering"":""not_measured"",""reportSerialization"":""measured only for single_sample_fit_report"",""endToEndElapsed"":""measured"",""memory"":""observed JS heap sampled at stage boundaries where performance.memory is exposed; not OS process peak""}",80,,2908.5200000000004,1576.08,
firefox,150.0.2,nmf_rank_selection_rank4,4,warm,completed,2837.5599999999995,,0,0,,2833.58,3.9799999999995634,,,,,,,,,,,,3.9799999999995634,,,,"{""sdkModuleFetchImport"":""measured in cold phase; warm phase reuses the loaded module"",""pyodideInitialization"":""not_applicable_native_javascript_path"",""webRInitialization"":""not_applicable_native_javascript_path"",""wrappedPackageImport"":""not_applicable_native_javascript_path"",""publicSpectrumCatalogFetch"":""not_measured_synthetic_inputs_are_in_memory"",""nativeFitting"":""measured where the scenario uses native NNLS"",""adapterFitting"":""not_applicable_native_javascript_path"",""qcEvidence"":""measured only for single_sample_fit_report"",""bootstrap"":""measured only for bootstrap_500"",""plotRendering"":""not_measured"",""reportSerialization"":""measured only for single_sample_fit_report"",""endToEndElapsed"":""measured"",""memory"":""observed JS heap sampled at stage boundaries where performance.memory is exposed; not OS process peak""}",80,,2098.24,735.3400000000001,
firefox,150.0.2,nmf_rank_selection_rank4,5,cold,completed,4866.34,1143.18,1140.4599999999998,1142.5,,3719.12,4.039999999999964,,,1140.4599999999998,,,,,,,,,4.039999999999964,,,,"{""sdkModuleFetchImport"":""measured in cold phase; warm phase reuses the loaded module"",""pyodideInitialization"":""not_applicable_native_javascript_path"",""webRInitialization"":""not_applicable_native_javascript_path"",""wrappedPackageImport"":""not_applicable_native_javascript_path"",""publicSpectrumCatalogFetch"":""not_measured_synthetic_inputs_are_in_memory"",""nativeFitting"":""measured where the scenario uses native NNLS"",""adapterFitting"":""not_applicable_native_javascript_path"",""qcEvidence"":""measured only for single_sample_fit_report"",""bootstrap"":""measured only for bootstrap_500"",""plotRendering"":""not_measured"",""reportSerialization"":""measured only for single_sample_fit_report"",""endToEndElapsed"":""measured"",""memory"":""observed JS heap sampled at stage boundaries where performance.memory is exposed; not OS process peak""}",80,,2621.4000000000005,1097.6599999999999,
firefox,150.0.2,nmf_rank_selection_rank4,5,warm,completed,3875.6800000000003,,0,0,,3869.5600000000013,6.119999999998981,,,,,,,,,,,,6.119999999998981,,,,"{""sdkModuleFetchImport"":""measured in cold phase; warm phase reuses the loaded module"",""pyodideInitialization"":""not_applicable_native_javascript_path"",""webRInitialization"":""not_applicable_native_javascript_path"",""wrappedPackageImport"":""not_applicable_native_javascript_path"",""publicSpectrumCatalogFetch"":""not_measured_synthetic_inputs_are_in_memory"",""nativeFitting"":""measured where the scenario uses native NNLS"",""adapterFitting"":""not_applicable_native_javascript_path"",""qcEvidence"":""measured only for single_sample_fit_report"",""bootstrap"":""measured only for bootstrap_500"",""plotRendering"":""not_measured"",""reportSerialization"":""measured only for single_sample_fit_report"",""endToEndElapsed"":""measured"",""memory"":""observed JS heap sampled at stage boundaries where performance.memory is exposed; not OS process peak""}",80,,2518.5,1351.0400000000009,
firefox,150.0.2,nmf_rank_selection_rank4,6,cold,completed,6542.88,3641.72,3637.22,3640.62,,2897.0000000000005,4.1599999999998545,,,3637.22,,,,,,,,,4.1599999999998545,,,,"{""sdkModuleFetchImport"":""measured in cold phase; warm phase reuses the loaded module"",""pyodideInitialization"":""not_applicable_native_javascript_path"",""webRInitialization"":""not_applicable_native_javascript_path"",""wrappedPackageImport"":""not_applicable_native_javascript_path"",""publicSpectrumCatalogFetch"":""not_measured_synthetic_inputs_are_in_memory"",""nativeFitting"":""measured where the scenario uses native NNLS"",""adapterFitting"":""not_applicable_native_javascript_path"",""qcEvidence"":""measured only for single_sample_fit_report"",""bootstrap"":""measured only for bootstrap_500"",""plotRendering"":""not_measured"",""reportSerialization"":""measured only for single_sample_fit_report"",""endToEndElapsed"":""measured"",""memory"":""observed JS heap sampled at stage boundaries where performance.memory is exposed; not OS process peak""}",80,,1724.56,1172.38,
firefox,150.0.2,nmf_rank_selection_rank4,6,warm,completed,3764.580000000001,,0,0,,3757.8200000000006,6.760000000000218,,,,,,,,,,,,6.760000000000218,,,,"{""sdkModuleFetchImport"":""measured in cold phase; warm phase reuses the loaded module"",""pyodideInitialization"":""not_applicable_native_javascript_path"",""webRInitialization"":""not_applicable_native_javascript_path"",""wrappedPackageImport"":""not_applicable_native_javascript_path"",""publicSpectrumCatalogFetch"":""not_measured_synthetic_inputs_are_in_memory"",""nativeFitting"":""measured where the scenario uses native NNLS"",""adapterFitting"":""not_applicable_native_javascript_path"",""qcEvidence"":""measured only for single_sample_fit_report"",""bootstrap"":""measured only for bootstrap_500"",""plotRendering"":""not_measured"",""reportSerialization"":""measured only for single_sample_fit_report"",""endToEndElapsed"":""measured"",""memory"":""observed JS heap sampled at stage boundaries where performance.memory is exposed; not OS process peak""}",80,,2225.3399999999992,1532.460000000001,
firefox,150.0.2,nmf_rank_selection_rank4,7,cold,completed,4332.8,1126.34,1124.56,1125.62,,3202.42,4.039999999999964,,,1124.56,,,,,,,,,4.039999999999964,,,,"{""sdkModuleFetchImport"":""measured in cold phase; warm phase reuses the loaded module"",""pyodideInitialization"":""not_applicable_native_javascript_path"",""webRInitialization"":""not_applicable_native_javascript_path"",""wrappedPackageImport"":""not_applicable_native_javascript_path"",""publicSpectrumCatalogFetch"":""not_measured_synthetic_inputs_are_in_memory"",""nativeFitting"":""measured where the scenario uses native NNLS"",""adapterFitting"":""not_applicable_native_javascript_path"",""qcEvidence"":""measured only for single_sample_fit_report"",""bootstrap"":""measured only for bootstrap_500"",""plotRendering"":""not_measured"",""reportSerialization"":""measured only for single_sample_fit_report"",""endToEndElapsed"":""measured"",""memory"":""observed JS heap sampled at stage boundaries where performance.memory is exposed; not OS process peak""}",80,,2395.5600000000004,806.7600000000002,
firefox,150.0.2,nmf_rank_selection_rank4,7,warm,completed,3503.42,,0,0,,3499.12,4.300000000000182,,,,,,,,,,,,4.300000000000182,,,,"{""sdkModuleFetchImport"":""measured in cold phase; warm phase reuses the loaded module"",""pyodideInitialization"":""not_applicable_native_javascript_path"",""webRInitialization"":""not_applicable_native_javascript_path"",""wrappedPackageImport"":""not_applicable_native_javascript_path"",""publicSpectrumCatalogFetch"":""not_measured_synthetic_inputs_are_in_memory"",""nativeFitting"":""measured where the scenario uses native NNLS"",""adapterFitting"":""not_applicable_native_javascript_path"",""qcEvidence"":""measured only for single_sample_fit_report"",""bootstrap"":""measured only for bootstrap_500"",""plotRendering"":""not_measured"",""reportSerialization"":""measured only for single_sample_fit_report"",""endToEndElapsed"":""measured"",""memory"":""observed JS heap sampled at stage boundaries where performance.memory is exposed; not OS process peak""}",80,,2419.620000000001,1079.4599999999991,
firefox,150.0.2,nmf_rank_selection_rank4,8,cold,completed,4830.88,1123.9199999999998,1132.38,1123.08,,3701.0200000000004,5.9399999999996,,,1132.38,,,,,,,,,5.9399999999996,,,,"{""sdkModuleFetchImport"":""measured in cold phase; warm phase reuses the loaded module"",""pyodideInitialization"":""not_applicable_native_javascript_path"",""webRInitialization"":""not_applicable_native_javascript_path"",""wrappedPackageImport"":""not_applicable_native_javascript_path"",""publicSpectrumCatalogFetch"":""not_measured_synthetic_inputs_are_in_memory"",""nativeFitting"":""measured where the scenario uses native NNLS"",""adapterFitting"":""not_applicable_native_javascript_path"",""qcEvidence"":""measured only for single_sample_fit_report"",""bootstrap"":""measured only for bootstrap_500"",""plotRendering"":""not_measured"",""reportSerialization"":""measured only for single_sample_fit_report"",""endToEndElapsed"":""measured"",""memory"":""observed JS heap sampled at stage boundaries where performance.memory is exposed; not OS process peak""}",80,,2235.58,1465.38,
firefox,150.0.2,nmf_rank_selection_rank4,8,warm,completed,3426.2200000000003,,0,0,,3422.3200000000006,3.899999999999636,,,,,,,,,,,,3.899999999999636,,,,"{""sdkModuleFetchImport"":""measured in cold phase; warm phase reuses the loaded module"",""pyodideInitialization"":""not_applicable_native_javascript_path"",""webRInitialization"":""not_applicable_native_javascript_path"",""wrappedPackageImport"":""not_applicable_native_javascript_path"",""publicSpectrumCatalogFetch"":""not_measured_synthetic_inputs_are_in_memory"",""nativeFitting"":""measured where the scenario uses native NNLS"",""adapterFitting"":""not_applicable_native_javascript_path"",""qcEvidence"":""measured only for single_sample_fit_report"",""bootstrap"":""measured only for bootstrap_500"",""plotRendering"":""not_measured"",""reportSerialization"":""measured only for single_sample_fit_report"",""endToEndElapsed"":""measured"",""memory"":""observed JS heap sampled at stage boundaries where performance.memory is exposed; not OS process peak""}",80,,2680.84,741.4399999999996,
firefox,150.0.2,nmf_rank_selection_rank4,9,cold,completed,5410.3,1150.8400000000001,1148.1,1150.22,,4253.22,6.239999999999782,,,1148.1,,,,,,,,,6.239999999999782,,,,"{""sdkModuleFetchImport"":""measured in cold phase; warm phase reuses the loaded module"",""pyodideInitialization"":""not_applicable_native_javascript_path"",""webRInitialization"":""not_applicable_native_javascript_path"",""wrappedPackageImport"":""not_applicable_native_javascript_path"",""publicSpectrumCatalogFetch"":""not_measured_synthetic_inputs_are_in_memory"",""nativeFitting"":""measured where the scenario uses native NNLS"",""adapterFitting"":""not_applicable_native_javascript_path"",""qcEvidence"":""measured only for single_sample_fit_report"",""bootstrap"":""measured only for bootstrap_500"",""plotRendering"":""not_measured"",""reportSerialization"":""measured only for single_sample_fit_report"",""endToEndElapsed"":""measured"",""memory"":""observed JS heap sampled at stage boundaries where performance.memory is exposed; not OS process peak""}",80,,2858.24,1394.9000000000005,
firefox,150.0.2,nmf_rank_selection_rank4,9,warm,completed,2801.3199999999997,,0,0,,2797.4199999999983,3.900000000001455,,,,,,,,,,,,3.900000000001455,,,,"{""sdkModuleFetchImport"":""measured in cold phase; warm phase reuses the loaded module"",""pyodideInitialization"":""not_applicable_native_javascript_path"",""webRInitialization"":""not_applicable_native_javascript_path"",""wrappedPackageImport"":""not_applicable_native_javascript_path"",""publicSpectrumCatalogFetch"":""not_measured_synthetic_inputs_are_in_memory"",""nativeFitting"":""measured where the scenario uses native NNLS"",""adapterFitting"":""not_applicable_native_javascript_path"",""qcEvidence"":""measured only for single_sample_fit_report"",""bootstrap"":""measured only for bootstrap_500"",""plotRendering"":""not_measured"",""reportSerialization"":""measured only for single_sample_fit_report"",""endToEndElapsed"":""measured"",""memory"":""observed JS heap sampled at stage boundaries where performance.memory is exposed; not OS process peak""}",80,,2065.1400000000003,732.2200000000012,
firefox,150.0.2,nmf_rank_selection_rank4,10,cold,completed,4179.3,1044.96,1053.2199999999998,1044.3,,3127.8200000000006,6.519999999999527,,,1053.2199999999998,,,,,,,,,6.519999999999527,,,,"{""sdkModuleFetchImport"":""measured in cold phase; warm phase reuses the loaded module"",""pyodideInitialization"":""not_applicable_native_javascript_path"",""webRInitialization"":""not_applicable_native_javascript_path"",""wrappedPackageImport"":""not_applicable_native_javascript_path"",""publicSpectrumCatalogFetch"":""not_measured_synthetic_inputs_are_in_memory"",""nativeFitting"":""measured where the scenario uses native NNLS"",""adapterFitting"":""not_applicable_native_javascript_path"",""qcEvidence"":""measured only for single_sample_fit_report"",""bootstrap"":""measured only for bootstrap_500"",""plotRendering"":""not_measured"",""reportSerialization"":""measured only for single_sample_fit_report"",""endToEndElapsed"":""measured"",""memory"":""observed JS heap sampled at stage boundaries where performance.memory is exposed; not OS process peak""}",80,,1787.3400000000001,1340.44,
firefox,150.0.2,nmf_rank_selection_rank4,10,warm,completed,4040.420000000001,,0,0,,4036.3,4.1200000000008,,,,,,,,,,,,4.1200000000008,,,,"{""sdkModuleFetchImport"":""measured in cold phase; warm phase reuses the loaded module"",""pyodideInitialization"":""not_applicable_native_javascript_path"",""webRInitialization"":""not_applicable_native_javascript_path"",""wrappedPackageImport"":""not_applicable_native_javascript_path"",""publicSpectrumCatalogFetch"":""not_measured_synthetic_inputs_are_in_memory"",""nativeFitting"":""measured where the scenario uses native NNLS"",""adapterFitting"":""not_applicable_native_javascript_path"",""qcEvidence"":""measured only for single_sample_fit_report"",""bootstrap"":""measured only for bootstrap_500"",""plotRendering"":""not_measured"",""reportSerialization"":""measured only for single_sample_fit_report"",""endToEndElapsed"":""measured"",""memory"":""observed JS heap sampled at stage boundaries where performance.memory is exposed; not OS process peak""}",80,,2767.04,1269.2199999999993,
firefox,150.0.2,nmf_rank_selection_rank4,11,cold,completed,5501.24,1237.98,1235.6000000000001,1237.18,,4256.96,6.300000000000182,,,1235.6000000000001,,,,,,,,,6.300000000000182,,,,"{""sdkModuleFetchImport"":""measured in cold phase; warm phase reuses the loaded module"",""pyodideInitialization"":""not_applicable_native_javascript_path"",""webRInitialization"":""not_applicable_native_javascript_path"",""wrappedPackageImport"":""not_applicable_native_javascript_path"",""publicSpectrumCatalogFetch"":""not_measured_synthetic_inputs_are_in_memory"",""nativeFitting"":""measured where the scenario uses native NNLS"",""adapterFitting"":""not_applicable_native_javascript_path"",""qcEvidence"":""measured only for single_sample_fit_report"",""bootstrap"":""measured only for bootstrap_500"",""plotRendering"":""not_measured"",""reportSerialization"":""measured only for single_sample_fit_report"",""endToEndElapsed"":""measured"",""memory"":""observed JS heap sampled at stage boundaries where performance.memory is exposed; not OS process peak""}",80,,2787.7599999999998,1469.12,
firefox,150.0.2,nmf_rank_selection_rank4,11,warm,completed,2906.9799999999996,,0,0,,2903,3.9799999999995634,,,,,,,,,,,,3.9799999999995634,,,,"{""sdkModuleFetchImport"":""measured in cold phase; warm phase reuses the loaded module"",""pyodideInitialization"":""not_applicable_native_javascript_path"",""webRInitialization"":""not_applicable_native_javascript_path"",""wrappedPackageImport"":""not_applicable_native_javascript_path"",""publicSpectrumCatalogFetch"":""not_measured_synthetic_inputs_are_in_memory"",""nativeFitting"":""measured where the scenario uses native NNLS"",""adapterFitting"":""not_applicable_native_javascript_path"",""qcEvidence"":""measured only for single_sample_fit_report"",""bootstrap"":""measured only for bootstrap_500"",""plotRendering"":""not_measured"",""reportSerialization"":""measured only for single_sample_fit_report"",""endToEndElapsed"":""measured"",""memory"":""observed JS heap sampled at stage boundaries where performance.memory is exposed; not OS process peak""}",80,,2167.5999999999995,735.3800000000001,
firefox,150.0.2,nmf_rank_selection_rank4,12,cold,completed,3835.14,1137.06,1133.7,1136.44,,2694.0399999999995,4.040000000000418,,,1133.7,,,,,,,,,4.040000000000418,,,,"{""sdkModuleFetchImport"":""measured in cold phase; warm phase reuses the loaded module"",""pyodideInitialization"":""not_applicable_native_javascript_path"",""webRInitialization"":""not_applicable_native_javascript_path"",""wrappedPackageImport"":""not_applicable_native_javascript_path"",""publicSpectrumCatalogFetch"":""not_measured_synthetic_inputs_are_in_memory"",""nativeFitting"":""measured where the scenario uses native NNLS"",""adapterFitting"":""not_applicable_native_javascript_path"",""qcEvidence"":""measured only for single_sample_fit_report"",""bootstrap"":""measured only for bootstrap_500"",""plotRendering"":""not_measured"",""reportSerialization"":""measured only for single_sample_fit_report"",""endToEndElapsed"":""measured"",""memory"":""observed JS heap sampled at stage boundaries where performance.memory is exposed; not OS process peak""}",80,,1876.36,817.6199999999999,
firefox,150.0.2,nmf_rank_selection_rank4,12,warm,completed,2952.3399999999997,,0,0,,2945.72,6.619999999999891,,,,,,,,,,,,6.619999999999891,,,,"{""sdkModuleFetchImport"":""measured in cold phase; warm phase reuses the loaded module"",""pyodideInitialization"":""not_applicable_native_javascript_path"",""webRInitialization"":""not_applicable_native_javascript_path"",""wrappedPackageImport"":""not_applicable_native_javascript_path"",""publicSpectrumCatalogFetch"":""not_measured_synthetic_inputs_are_in_memory"",""nativeFitting"":""measured where the scenario uses native NNLS"",""adapterFitting"":""not_applicable_native_javascript_path"",""qcEvidence"":""measured only for single_sample_fit_report"",""bootstrap"":""measured only for bootstrap_500"",""plotRendering"":""not_measured"",""reportSerialization"":""measured only for single_sample_fit_report"",""endToEndElapsed"":""measured"",""memory"":""observed JS heap sampled at stage boundaries where performance.memory is exposed; not OS process peak""}",80,,1701.7599999999998,1243.9000000000005,
firefox,150.0.2,nmf_rank_selection_rank4,13,cold,completed,4520.52,1058.5800000000002,1055.94,1057.7199999999998,,3456.9000000000005,5.039999999999964,,,1055.94,,,,,,,,,5.039999999999964,,,,"{""sdkModuleFetchImport"":""measured in cold phase; warm phase reuses the loaded module"",""pyodideInitialization"":""not_applicable_native_javascript_path"",""webRInitialization"":""not_applicable_native_javascript_path"",""wrappedPackageImport"":""not_applicable_native_javascript_path"",""publicSpectrumCatalogFetch"":""not_measured_synthetic_inputs_are_in_memory"",""nativeFitting"":""measured where the scenario uses native NNLS"",""adapterFitting"":""not_applicable_native_javascript_path"",""qcEvidence"":""measured only for single_sample_fit_report"",""bootstrap"":""measured only for bootstrap_500"",""plotRendering"":""not_measured"",""reportSerialization"":""measured only for single_sample_fit_report"",""endToEndElapsed"":""measured"",""memory"":""observed JS heap sampled at stage boundaries where performance.memory is exposed; not OS process peak""}",80,,2126.8999999999996,1329.96,
firefox,150.0.2,nmf_rank_selection_rank4,13,warm,completed,3352.74,,0,0,,3348.499999999999,4.240000000000691,,,,,,,,,,,,4.240000000000691,,,,"{""sdkModuleFetchImport"":""measured in cold phase; warm phase reuses the loaded module"",""pyodideInitialization"":""not_applicable_native_javascript_path"",""webRInitialization"":""not_applicable_native_javascript_path"",""wrappedPackageImport"":""not_applicable_native_javascript_path"",""publicSpectrumCatalogFetch"":""not_measured_synthetic_inputs_are_in_memory"",""nativeFitting"":""measured where the scenario uses native NNLS"",""adapterFitting"":""not_applicable_native_javascript_path"",""qcEvidence"":""measured only for single_sample_fit_report"",""bootstrap"":""measured only for bootstrap_500"",""plotRendering"":""not_measured"",""reportSerialization"":""measured only for single_sample_fit_report"",""endToEndElapsed"":""measured"",""memory"":""observed JS heap sampled at stage boundaries where performance.memory is exposed; not OS process peak""}",80,,2508.3,840.1799999999994,
firefox,150.0.2,nmf_rank_selection_rank4,14,cold,completed,4638.74,1015.4,1024.22,1014.6999999999999,,3617.92,5.420000000000073,,,1024.22,,,,,,,,,5.420000000000073,,,,"{""sdkModuleFetchImport"":""measured in cold phase; warm phase reuses the loaded module"",""pyodideInitialization"":""not_applicable_native_javascript_path"",""webRInitialization"":""not_applicable_native_javascript_path"",""wrappedPackageImport"":""not_applicable_native_javascript_path"",""publicSpectrumCatalogFetch"":""not_measured_synthetic_inputs_are_in_memory"",""nativeFitting"":""measured where the scenario uses native NNLS"",""adapterFitting"":""not_applicable_native_javascript_path"",""qcEvidence"":""measured only for single_sample_fit_report"",""bootstrap"":""measured only for bootstrap_500"",""plotRendering"":""not_measured"",""reportSerialization"":""measured only for single_sample_fit_report"",""endToEndElapsed"":""measured"",""memory"":""observed JS heap sampled at stage boundaries where performance.memory is exposed; not OS process peak""}",80,,2342.5,1275.3599999999997,
firefox,150.0.2,nmf_rank_selection_rank4,14,warm,completed,3073.7800000000007,,0,0,,3069.7800000000007,4,,,,,,,,,,,,4,,,,"{""sdkModuleFetchImport"":""measured in cold phase; warm phase reuses the loaded module"",""pyodideInitialization"":""not_applicable_native_javascript_path"",""webRInitialization"":""not_applicable_native_javascript_path"",""wrappedPackageImport"":""not_applicable_native_javascript_path"",""publicSpectrumCatalogFetch"":""not_measured_synthetic_inputs_are_in_memory"",""nativeFitting"":""measured where the scenario uses native NNLS"",""adapterFitting"":""not_applicable_native_javascript_path"",""qcEvidence"":""measured only for single_sample_fit_report"",""bootstrap"":""measured only for bootstrap_500"",""plotRendering"":""not_measured"",""reportSerialization"":""measured only for single_sample_fit_report"",""endToEndElapsed"":""measured"",""memory"":""observed JS heap sampled at stage boundaries where performance.memory is exposed; not OS process peak""}",80,,2318.5599999999995,751.2000000000007,
firefox,150.0.2,nmf_rank_selection_rank4,15,cold,completed,5094.14,1181.96,1179.8200000000002,1181.22,,3906.1800000000003,6,,,1179.8200000000002,,,,,,,,,6,,,,"{""sdkModuleFetchImport"":""measured in cold phase; warm phase reuses the loaded module"",""pyodideInitialization"":""not_applicable_native_javascript_path"",""webRInitialization"":""not_applicable_native_javascript_path"",""wrappedPackageImport"":""not_applicable_native_javascript_path"",""publicSpectrumCatalogFetch"":""not_measured_synthetic_inputs_are_in_memory"",""nativeFitting"":""measured where the scenario uses native NNLS"",""adapterFitting"":""not_applicable_native_javascript_path"",""qcEvidence"":""measured only for single_sample_fit_report"",""bootstrap"":""measured only for bootstrap_500"",""plotRendering"":""not_measured"",""reportSerialization"":""measured only for single_sample_fit_report"",""endToEndElapsed"":""measured"",""memory"":""observed JS heap sampled at stage boundaries where performance.memory is exposed; not OS process peak""}",80,,2396.64,1509.4800000000005,
firefox,150.0.2,nmf_rank_selection_rank4,15,warm,completed,2640.4800000000005,,0,0,,2636.420000000001,4.059999999999491,,,,,,,,,,,,4.059999999999491,,,,"{""sdkModuleFetchImport"":""measured in cold phase; warm phase reuses the loaded module"",""pyodideInitialization"":""not_applicable_native_javascript_path"",""webRInitialization"":""not_applicable_native_javascript_path"",""wrappedPackageImport"":""not_applicable_native_javascript_path"",""publicSpectrumCatalogFetch"":""not_measured_synthetic_inputs_are_in_memory"",""nativeFitting"":""measured where the scenario uses native NNLS"",""adapterFitting"":""not_applicable_native_javascript_path"",""qcEvidence"":""measured only for single_sample_fit_report"",""bootstrap"":""measured only for bootstrap_500"",""plotRendering"":""not_measured"",""reportSerialization"":""measured only for single_sample_fit_report"",""endToEndElapsed"":""measured"",""memory"":""observed JS heap sampled at stage boundaries where performance.memory is exposed; not OS process peak""}",80,,1875.0199999999995,761.3400000000001,
firefox,150.0.2,nmf_rank_selection_rank4,16,cold,completed,4611.98,1161.6799999999998,1159.26,1160.96,,3445.0200000000004,5.279999999999745,,,1159.26,,,,,,,,,5.279999999999745,,,,"{""sdkModuleFetchImport"":""measured in cold phase; warm phase reuses the loaded module"",""pyodideInitialization"":""not_applicable_native_javascript_path"",""webRInitialization"":""not_applicable_native_javascript_path"",""wrappedPackageImport"":""not_applicable_native_javascript_path"",""publicSpectrumCatalogFetch"":""not_measured_synthetic_inputs_are_in_memory"",""nativeFitting"":""measured where the scenario uses native NNLS"",""adapterFitting"":""not_applicable_native_javascript_path"",""qcEvidence"":""measured only for single_sample_fit_report"",""bootstrap"":""measured only for bootstrap_500"",""plotRendering"":""not_measured"",""reportSerialization"":""measured only for single_sample_fit_report"",""endToEndElapsed"":""measured"",""memory"":""observed JS heap sampled at stage boundaries where performance.memory is exposed; not OS process peak""}",80,,2359.44,1085.54,
firefox,150.0.2,nmf_rank_selection_rank4,16,warm,completed,4009.7000000000007,,0,0,,4004.880000000001,4.819999999999709,,,,,,,,,,,,4.819999999999709,,,,"{""sdkModuleFetchImport"":""measured in cold phase; warm phase reuses the loaded module"",""pyodideInitialization"":""not_applicable_native_javascript_path"",""webRInitialization"":""not_applicable_native_javascript_path"",""wrappedPackageImport"":""not_applicable_native_javascript_path"",""publicSpectrumCatalogFetch"":""not_measured_synthetic_inputs_are_in_memory"",""nativeFitting"":""measured where the scenario uses native NNLS"",""adapterFitting"":""not_applicable_native_javascript_path"",""qcEvidence"":""measured only for single_sample_fit_report"",""bootstrap"":""measured only for bootstrap_500"",""plotRendering"":""not_measured"",""reportSerialization"":""measured only for single_sample_fit_report"",""endToEndElapsed"":""measured"",""memory"":""observed JS heap sampled at stage boundaries where performance.memory is exposed; not OS process peak""}",80,,3160.7,844.1400000000003,
firefox,150.0.2,nmf_rank_selection_rank4,17,cold,completed,5657.22,1115.34,1113.56,1114.56,,4530.0199999999995,11.860000000000582,,,1113.56,,,,,,,,,11.860000000000582,,,,"{""sdkModuleFetchImport"":""measured in cold phase; warm phase reuses the loaded module"",""pyodideInitialization"":""not_applicable_native_javascript_path"",""webRInitialization"":""not_applicable_native_javascript_path"",""wrappedPackageImport"":""not_applicable_native_javascript_path"",""publicSpectrumCatalogFetch"":""not_measured_synthetic_inputs_are_in_memory"",""nativeFitting"":""measured where the scenario uses native NNLS"",""adapterFitting"":""not_applicable_native_javascript_path"",""qcEvidence"":""measured only for single_sample_fit_report"",""bootstrap"":""measured only for bootstrap_500"",""plotRendering"":""not_measured"",""reportSerialization"":""measured only for single_sample_fit_report"",""endToEndElapsed"":""measured"",""memory"":""observed JS heap sampled at stage boundaries where performance.memory is exposed; not OS process peak""}",80,,2725.2799999999997,1804.6599999999999,
firefox,150.0.2,nmf_rank_selection_rank4,17,warm,completed,3545.7200000000003,,0,0,,3541.5600000000004,4.1599999999998545,,,,,,,,,,,,4.1599999999998545,,,,"{""sdkModuleFetchImport"":""measured in cold phase; warm phase reuses the loaded module"",""pyodideInitialization"":""not_applicable_native_javascript_path"",""webRInitialization"":""not_applicable_native_javascript_path"",""wrappedPackageImport"":""not_applicable_native_javascript_path"",""publicSpectrumCatalogFetch"":""not_measured_synthetic_inputs_are_in_memory"",""nativeFitting"":""measured where the scenario uses native NNLS"",""adapterFitting"":""not_applicable_native_javascript_path"",""qcEvidence"":""measured only for single_sample_fit_report"",""bootstrap"":""measured only for bootstrap_500"",""plotRendering"":""not_measured"",""reportSerialization"":""measured only for single_sample_fit_report"",""endToEndElapsed"":""measured"",""memory"":""observed JS heap sampled at stage boundaries where performance.memory is exposed; not OS process peak""}",80,,2757.6400000000003,783.8999999999996,
firefox,150.0.2,nmf_rank_selection_rank4,18,cold,completed,5409.6,1857.1200000000001,1865.06,1856.3000000000002,,3546.2799999999997,6.200000000000728,,,1865.06,,,,,,,,,6.200000000000728,,,,"{""sdkModuleFetchImport"":""measured in cold phase; warm phase reuses the loaded module"",""pyodideInitialization"":""not_applicable_native_javascript_path"",""webRInitialization"":""not_applicable_native_javascript_path"",""wrappedPackageImport"":""not_applicable_native_javascript_path"",""publicSpectrumCatalogFetch"":""not_measured_synthetic_inputs_are_in_memory"",""nativeFitting"":""measured where the scenario uses native NNLS"",""adapterFitting"":""not_applicable_native_javascript_path"",""qcEvidence"":""measured only for single_sample_fit_report"",""bootstrap"":""measured only for bootstrap_500"",""plotRendering"":""not_measured"",""reportSerialization"":""measured only for single_sample_fit_report"",""endToEndElapsed"":""measured"",""memory"":""observed JS heap sampled at stage boundaries where performance.memory is exposed; not OS process peak""}",80,,2300.1999999999994,1246,
firefox,150.0.2,nmf_rank_selection_rank4,18,warm,completed,4428.42,,0,0,,4423.98,4.440000000000509,,,,,,,,,,,,4.440000000000509,,,,"{""sdkModuleFetchImport"":""measured in cold phase; warm phase reuses the loaded module"",""pyodideInitialization"":""not_applicable_native_javascript_path"",""webRInitialization"":""not_applicable_native_javascript_path"",""wrappedPackageImport"":""not_applicable_native_javascript_path"",""publicSpectrumCatalogFetch"":""not_measured_synthetic_inputs_are_in_memory"",""nativeFitting"":""measured where the scenario uses native NNLS"",""adapterFitting"":""not_applicable_native_javascript_path"",""qcEvidence"":""measured only for single_sample_fit_report"",""bootstrap"":""measured only for bootstrap_500"",""plotRendering"":""not_measured"",""reportSerialization"":""measured only for single_sample_fit_report"",""endToEndElapsed"":""measured"",""memory"":""observed JS heap sampled at stage boundaries where performance.memory is exposed; not OS process peak""}",80,,3484.699999999999,939.2399999999998,
firefox,150.0.2,nmf_rank_selection_rank4,19,cold,completed,6106.6,1125,1122.2,1124.08,,4975.4400000000005,6.1599999999998545,,,1122.2,,,,,,,,,6.1599999999998545,,,,"{""sdkModuleFetchImport"":""measured in cold phase; warm phase reuses the loaded module"",""pyodideInitialization"":""not_applicable_native_javascript_path"",""webRInitialization"":""not_applicable_native_javascript_path"",""wrappedPackageImport"":""not_applicable_native_javascript_path"",""publicSpectrumCatalogFetch"":""not_measured_synthetic_inputs_are_in_memory"",""nativeFitting"":""measured where the scenario uses native NNLS"",""adapterFitting"":""not_applicable_native_javascript_path"",""qcEvidence"":""measured only for single_sample_fit_report"",""bootstrap"":""measured only for bootstrap_500"",""plotRendering"":""not_measured"",""reportSerialization"":""measured only for single_sample_fit_report"",""endToEndElapsed"":""measured"",""memory"":""observed JS heap sampled at stage boundaries where performance.memory is exposed; not OS process peak""}",80,,3329.2999999999997,1646.0599999999995,
firefox,150.0.2,nmf_rank_selection_rank4,19,warm,completed,2733.96,,0,0,,2730.000000000001,3.959999999999127,,,,,,,,,,,,3.959999999999127,,,,"{""sdkModuleFetchImport"":""measured in cold phase; warm phase reuses the loaded module"",""pyodideInitialization"":""not_applicable_native_javascript_path"",""webRInitialization"":""not_applicable_native_javascript_path"",""wrappedPackageImport"":""not_applicable_native_javascript_path"",""publicSpectrumCatalogFetch"":""not_measured_synthetic_inputs_are_in_memory"",""nativeFitting"":""measured where the scenario uses native NNLS"",""adapterFitting"":""not_applicable_native_javascript_path"",""qcEvidence"":""measured only for single_sample_fit_report"",""bootstrap"":""measured only for bootstrap_500"",""plotRendering"":""not_measured"",""reportSerialization"":""measured only for single_sample_fit_report"",""endToEndElapsed"":""measured"",""memory"":""observed JS heap sampled at stage boundaries where performance.memory is exposed; not OS process peak""}",80,,1985.54,744.4200000000001,
firefox,150.0.2,nmf_rank_selection_rank4,20,cold,completed,4102.820000000001,976.84,974.3000000000001,976.1800000000001,,3121.920000000001,4.059999999999491,,,974.3000000000001,,,,,,,,,4.059999999999491,,,,"{""sdkModuleFetchImport"":""measured in cold phase; warm phase reuses the loaded module"",""pyodideInitialization"":""not_applicable_native_javascript_path"",""webRInitialization"":""not_applicable_native_javascript_path"",""wrappedPackageImport"":""not_applicable_native_javascript_path"",""publicSpectrumCatalogFetch"":""not_measured_synthetic_inputs_are_in_memory"",""nativeFitting"":""measured where the scenario uses native NNLS"",""adapterFitting"":""not_applicable_native_javascript_path"",""qcEvidence"":""measured only for single_sample_fit_report"",""bootstrap"":""measured only for bootstrap_500"",""plotRendering"":""not_measured"",""reportSerialization"":""measured only for single_sample_fit_report"",""endToEndElapsed"":""measured"",""memory"":""observed JS heap sampled at stage boundaries where performance.memory is exposed; not OS process peak""}",80,,1864.9399999999998,1256.92,
firefox,150.0.2,nmf_rank_selection_rank4,20,warm,completed,2426.92,,0,0,,2423,3.9200000000000728,,,,,,,,,,,,3.9200000000000728,,,,"{""sdkModuleFetchImport"":""measured in cold phase; warm phase reuses the loaded module"",""pyodideInitialization"":""not_applicable_native_javascript_path"",""webRInitialization"":""not_applicable_native_javascript_path"",""wrappedPackageImport"":""not_applicable_native_javascript_path"",""publicSpectrumCatalogFetch"":""not_measured_synthetic_inputs_are_in_memory"",""nativeFitting"":""measured where the scenario uses native NNLS"",""adapterFitting"":""not_applicable_native_javascript_path"",""qcEvidence"":""measured only for single_sample_fit_report"",""bootstrap"":""measured only for bootstrap_500"",""plotRendering"":""not_measured"",""reportSerialization"":""measured only for single_sample_fit_report"",""endToEndElapsed"":""measured"",""memory"":""observed JS heap sampled at stage boundaries where performance.memory is exposed; not OS process peak""}",80,,1654.3000000000002,768.6800000000003,
firefox,150.0.2,bootstrap_500,20,cold,completed,1434.1,1179.7,1189.86,1178.8400000000001,,253.37999999999988,1.0199999999999818,,,1189.86,,,,,,253.31999999999994,,,1.0199999999999818,,,,"{""sdkModuleFetchImport"":""measured in cold phase; warm phase reuses the loaded module"",""pyodideInitialization"":""not_applicable_native_javascript_path"",""webRInitialization"":""not_applicable_native_javascript_path"",""wrappedPackageImport"":""not_applicable_native_javascript_path"",""publicSpectrumCatalogFetch"":""not_measured_synthetic_inputs_are_in_memory"",""nativeFitting"":""measured where the scenario uses native NNLS"",""adapterFitting"":""not_applicable_native_javascript_path"",""qcEvidence"":""measured only for single_sample_fit_report"",""bootstrap"":""measured only for bootstrap_500"",""plotRendering"":""not_measured"",""reportSerialization"":""measured only for single_sample_fit_report"",""endToEndElapsed"":""measured"",""memory"":""observed JS heap sampled at stage boundaries where performance.memory is exposed; not OS process peak""}",1,9,,,
firefox,150.0.2,bootstrap_500,20,warm,completed,255.27999999999997,,0,0,,254.26,1.0199999999999818,,,,,,,,,254.26,,,1.0199999999999818,,,,"{""sdkModuleFetchImport"":""measured in cold phase; warm phase reuses the loaded module"",""pyodideInitialization"":""not_applicable_native_javascript_path"",""webRInitialization"":""not_applicable_native_javascript_path"",""wrappedPackageImport"":""not_applicable_native_javascript_path"",""publicSpectrumCatalogFetch"":""not_measured_synthetic_inputs_are_in_memory"",""nativeFitting"":""measured where the scenario uses native NNLS"",""adapterFitting"":""not_applicable_native_javascript_path"",""qcEvidence"":""measured only for single_sample_fit_report"",""bootstrap"":""measured only for bootstrap_500"",""plotRendering"":""not_measured"",""reportSerialization"":""measured only for single_sample_fit_report"",""endToEndElapsed"":""measured"",""memory"":""observed JS heap sampled at stage boundaries where performance.memory is exposed; not OS process peak""}",1,9,,,
