callableContextCount,calls,tierAccuracy,meanPanelVsWgsExposureCosine,medianPanelTotal
24,1368,0.6286549707602339,0.813314554919165,137.5
48,1368,0.7412280701754386,0.8985358446150532,137.5
72,1368,0.8457602339181286,0.9586805143529057,137.5
