{
  "generatedAt": "2026-05-13T14:51:26.579Z",
  "seed": 20260513,
  "signatureSetName": "COSMIC_v3_Signatures_GRCh37_SBS96",
  "signatures": [
    "SBS1",
    "SBS2",
    "SBS4",
    "SBS5",
    "SBS13",
    "SBS40"
  ],
  "burdens": [
    50,
    100,
    250,
    500,
    1000,
    2500
  ],
  "samplesPerBurden": 64,
  "activeThreshold": 0.05,
  "fitExposureThreshold": 0.01,
  "summaryRows": [
    {
      "burden": 50,
      "samples": 64,
      "metrics": {
        "exposureCosine": {
          "n": 64,
          "mean": 0.9115183867780497,
          "sd": 0.1197216373009363,
          "ciLower": 0.8821865856393204,
          "ciUpper": 0.9408501879167791
        },
        "exposureMae": {
          "n": 64,
          "mean": 0.06455374785490448,
          "sd": 0.042726952576858684,
          "ciLower": 0.0540856444735741,
          "ciUpper": 0.07502185123623485
        },
        "activeRecall": {
          "n": 64,
          "mean": 0.9375,
          "sd": 0.14085904245475275,
          "ciLower": 0.9029895345985856,
          "ciUpper": 0.9720104654014144
        },
        "falsePositiveFraction": {
          "n": 64,
          "mean": 0.16536458333333331,
          "sd": 0.186334376564741,
          "ciLower": 0.11971266107497178,
          "ciUpper": 0.21101650559169485
        },
        "reconstructionCosine": {
          "n": 64,
          "mean": 0.8840102673317108,
          "sd": 0.08822481341473795,
          "ciLower": 0.8623951880451001,
          "ciUpper": 0.9056253466183216
        }
      }
    },
    {
      "burden": 100,
      "samples": 64,
      "metrics": {
        "exposureCosine": {
          "n": 64,
          "mean": 0.9524509114787645,
          "sd": 0.08409228888364871,
          "ciLower": 0.9318483007022705,
          "ciUpper": 0.9730535222552584
        },
        "exposureMae": {
          "n": 64,
          "mean": 0.042852556644086236,
          "sd": 0.03527427889384891,
          "ciLower": 0.03421035831509325,
          "ciUpper": 0.05149475497307922
        },
        "activeRecall": {
          "n": 64,
          "mean": 0.9791666666666666,
          "sd": 0.08132500607904446,
          "ciLower": 0.9592420401773007,
          "ciUpper": 0.9990912931560325
        },
        "falsePositiveFraction": {
          "n": 64,
          "mean": 0.12890625,
          "sd": 0.18058893922147004,
          "ciLower": 0.08466195989073984,
          "ciUpper": 0.17315054010926018
        },
        "reconstructionCosine": {
          "n": 64,
          "mean": 0.9296252961862932,
          "sd": 0.05958835585567815,
          "ciLower": 0.915026149001652,
          "ciUpper": 0.9442244433709344
        }
      }
    },
    {
      "burden": 250,
      "samples": 64,
      "metrics": {
        "exposureCosine": {
          "n": 64,
          "mean": 0.9817295421702052,
          "sd": 0.034348574666987146,
          "ciLower": 0.9733141413767934,
          "ciUpper": 0.9901449429636171
        },
        "exposureMae": {
          "n": 64,
          "mean": 0.026595878374313996,
          "sd": 0.022297352870729713,
          "ciLower": 0.021133026920985218,
          "ciUpper": 0.032058729827642775
        },
        "activeRecall": {
          "n": 64,
          "mean": 0.9947916666666666,
          "sd": 0.041666666666666664,
          "ciLower": 0.9845833333333333,
          "ciUpper": 1
        },
        "falsePositiveFraction": {
          "n": 64,
          "mean": 0.08203124999999999,
          "sd": 0.15104879339143634,
          "ciLower": 0.045024295619098084,
          "ciUpper": 0.11903820438090189
        },
        "reconstructionCosine": {
          "n": 64,
          "mean": 0.9662756204379737,
          "sd": 0.027762598238848038,
          "ciLower": 0.9594737838694559,
          "ciUpper": 0.9730774570064914
        }
      }
    },
    {
      "burden": 500,
      "samples": 64,
      "metrics": {
        "exposureCosine": {
          "n": 64,
          "mean": 0.993426235162028,
          "sd": 0.012126118959377517,
          "ciLower": 0.9904553360169805,
          "ciUpper": 0.9963971343070754
        },
        "exposureMae": {
          "n": 64,
          "mean": 0.016421207507829143,
          "sd": 0.013704423194983759,
          "ciLower": 0.013063623825058122,
          "ciUpper": 0.019778791190600165
        },
        "activeRecall": {
          "n": 64,
          "mean": 1,
          "sd": 0,
          "ciLower": 1,
          "ciUpper": 1
        },
        "falsePositiveFraction": {
          "n": 64,
          "mean": 0.026041666666666664,
          "sd": 0.08250247177099922,
          "ciLower": 0.005828561082771858,
          "ciUpper": 0.046254772250561474
        },
        "reconstructionCosine": {
          "n": 64,
          "mean": 0.9819250669481868,
          "sd": 0.01774148826440386,
          "ciLower": 0.9775784023234079,
          "ciUpper": 0.9862717315729658
        }
      }
    },
    {
      "burden": 1000,
      "samples": 64,
      "metrics": {
        "exposureCosine": {
          "n": 64,
          "mean": 0.9957171177617724,
          "sd": 0.006427338009980458,
          "ciLower": 0.9941424199493272,
          "ciUpper": 0.9972918155742176
        },
        "exposureMae": {
          "n": 64,
          "mean": 0.013399837513082961,
          "sd": 0.011284460024327205,
          "ciLower": 0.010635144807122795,
          "ciUpper": 0.016164530219043127
        },
        "activeRecall": {
          "n": 64,
          "mean": 1,
          "sd": 0,
          "ciLower": 1,
          "ciUpper": 1
        },
        "falsePositiveFraction": {
          "n": 64,
          "mean": 0.027343749999999997,
          "sd": 0.08664668000612981,
          "ciLower": 0.0061153133984981935,
          "ciUpper": 0.048572186601501796
        },
        "reconstructionCosine": {
          "n": 64,
          "mean": 0.990597877605171,
          "sd": 0.009840148342825301,
          "ciLower": 0.9881870412611788,
          "ciUpper": 0.9930087139491632
        }
      }
    },
    {
      "burden": 2500,
      "samples": 64,
      "metrics": {
        "exposureCosine": {
          "n": 64,
          "mean": 0.9983666871123988,
          "sd": 0.003100149382767317,
          "ciLower": 0.9976071505136208,
          "ciUpper": 0.9991262237111769
        },
        "exposureMae": {
          "n": 64,
          "mean": 0.00806713188107058,
          "sd": 0.007379633809550293,
          "ciLower": 0.0062591215977307576,
          "ciUpper": 0.009875142164410402
        },
        "activeRecall": {
          "n": 64,
          "mean": 1,
          "sd": 0,
          "ciLower": 1,
          "ciUpper": 1
        },
        "falsePositiveFraction": {
          "n": 64,
          "mean": 0.016927083333333332,
          "sd": 0.06669921080659214,
          "ciLower": 0.0005857766857182596,
          "ciUpper": 0.0332683899809484
        },
        "reconstructionCosine": {
          "n": 64,
          "mean": 0.9959908022953073,
          "sd": 0.003962174724600652,
          "ciLower": 0.9950200694877802,
          "ciUpper": 0.9969615351028345
        }
      }
    }
  ]
}
