burden,active_signature_intervals,empirical_coverage,absolute_deviation_from_nominal,meaningful_deviation_flag
50,152,0.8947368421052632,0.05526315789473679,false
100,152,0.881578947368421,0.06842105263157894,false
250,152,0.9342105263157895,0.015789473684210464,false
500,152,0.9539473684210527,0.003947368421052699,false
1000,152,0.9407894736842105,0.009210526315789447,false
2500,152,0.9407894736842105,0.009210526315789447,false
