{
  "environment": {
    "python": "3.13.5",
    "packages": {
      "numpy": "2.4.3",
      "scipy": "1.16.1",
      "scikit-learn": "1.7.1"
    },
    "runtime": "D:\\Programs\\Miniconda3\\python.exe"
  },
  "nnls": {
    "Sample001": {
      "SBS1": 1662.0244510247342,
      "SBS2": 18.652815848977358,
      "SBS3": 122.08539942883476,
      "SBS4": 0,
      "SBS5": 0,
      "SBS6": 185.83519331754854,
      "SBS7": 2349.9629738701697,
      "SBS8": 491.35425943441214,
      "SBS9": 0
    },
    "Sample002": {
      "SBS1": 0,
      "SBS2": 1620.4107361712174,
      "SBS3": 18.971294169219547,
      "SBS4": 0,
      "SBS5": 0,
      "SBS6": 1458.1027843920535,
      "SBS7": 207.77012115118958,
      "SBS8": 0,
      "SBS9": 1438.7352359121026
    },
    "Sample003": {
      "SBS1": 0,
      "SBS2": 771.2477485748584,
      "SBS3": 0,
      "SBS4": 0,
      "SBS5": 20.785386481425927,
      "SBS6": 1898.6856103201244,
      "SBS7": 1666.3314614403014,
      "SBS8": 0,
      "SBS9": 92.24490020498128
    },
    "Sample004": {
      "SBS1": 379.3636517417556,
      "SBS2": 0,
      "SBS3": 0,
      "SBS4": 377.3217064943397,
      "SBS5": 0,
      "SBS6": 0,
      "SBS7": 0,
      "SBS8": 2773.6145877329113,
      "SBS9": 1150.895094836924
    },
    "Sample005": {
      "SBS1": 1307.0280659098144,
      "SBS2": 2932.6127743304887,
      "SBS3": 26.1801870438848,
      "SBS4": 0,
      "SBS5": 698.5539369998521,
      "SBS6": 0,
      "SBS7": 0,
      "SBS8": 0,
      "SBS9": 0
    },
    "Sample006": {
      "SBS1": 1077.1830519859097,
      "SBS2": 0,
      "SBS3": 80.95179353909766,
      "SBS4": 0,
      "SBS5": 0,
      "SBS6": 0,
      "SBS7": 0,
      "SBS8": 1026.8501859031323,
      "SBS9": 2031.1109338215542
    },
    "Sample007": {
      "SBS1": 0,
      "SBS2": 0,
      "SBS3": 391.43125364876244,
      "SBS4": 0,
      "SBS5": 348.0777526502189,
      "SBS6": 0,
      "SBS7": 3611.62399640335,
      "SBS8": 0,
      "SBS9": 6.370589248827784
    },
    "Sample008": {
      "SBS1": 0,
      "SBS2": 0,
      "SBS3": 0,
      "SBS4": 0,
      "SBS5": 35.76022399671788,
      "SBS6": 601.9593436836434,
      "SBS7": 2044.1762012021034,
      "SBS8": 1967.4474298308564,
      "SBS9": 73.81754699825693
    },
    "Sample009": {
      "SBS1": 0,
      "SBS2": 0,
      "SBS3": 0,
      "SBS4": 2391.7078720181603,
      "SBS5": 110.49421952832964,
      "SBS6": 27.525201394367816,
      "SBS7": 0,
      "SBS8": 472.7403283915325,
      "SBS9": 1343.5701611207517
    },
    "Sample010": {
      "SBS1": 0,
      "SBS2": 221.29963256743332,
      "SBS3": 0,
      "SBS4": 0,
      "SBS5": 2410.3584577859397,
      "SBS6": 1279.2293891366335,
      "SBS7": 928.8439862932483,
      "SBS8": 155.87716478419904,
      "SBS9": 0
    },
    "Sample011": {
      "SBS1": 0,
      "SBS2": 1718.335084102876,
      "SBS3": 0,
      "SBS4": 0,
      "SBS5": 0,
      "SBS6": 0,
      "SBS7": 1025.7178629432335,
      "SBS8": 0,
      "SBS9": 1641.8903903026892
    },
    "Sample012": {
      "SBS1": 0,
      "SBS2": 0,
      "SBS3": 942.4892338607856,
      "SBS4": 181.445826332341,
      "SBS5": 0,
      "SBS6": 3350.878322484894,
      "SBS7": 0,
      "SBS8": 0,
      "SBS9": 104.3055908560362
    }
  },
  "nmf": {
    "reconstructionError": 337.4124663432821,
    "components": [
      [
        11.399039415807867,
        6.097258580864431,
        3.7584392948457244,
        3.704510316577619,
        2.9212149810910453,
        2.7117216081817395,
        4.929554504632513,
        3.797908229803458,
        6.969185060470758,
        5.746272539587288,
        2.9919756200177607,
        4.731807644940895,
        2.229423477944882,
        1.2229635227811348,
        2.5235090332114902,
        1.8640620825562102,
        1.6861080137507485,
        8.453379247806211,
        2.716890679868149,
        9.672741240432623,
        8.547874781755292,
        10.774395344162624,
        3.355793808680185,
        6.069580508189013,
        1.9989154351568932,
        4.483274122572444,
        0.6539492910062842,
        4.168038182203869,
        0.11495600760268812,
        2.276066864855241,
        0.12116938972948213,
        1.266598275748648,
        0.7491128203870204,
        1.9580137929130417,
        3.2174745545654404,
        12.027605014223106,
        3.48378000510537,
        9.068409154149231,
        4.415439595959921,
        6.6713293771918725,
        0.8148437828585352,
        5.879368401104466,
        0.5708188143752578,
        0.03413579429515813,
        1.457431066013979,
        1.8732110774336515,
        1.4474800953609872,
        0.01752714989624479,
        7.975771961175322,
        2.269589637480559,
        8.65528359711083,
        2.758264218313404,
        10.242936388864,
        9.073822662583447,
        1.3021718364626402,
        6.843211026628754,
        7.301277415478682,
        0.6655565882626181,
        0.9985443666574093,
        0.35644507224708116,
        1.2492145514362785,
        1.3245132756231874,
        0.028723741638070868,
        1.0276967445214087,
        3.0109590875246734,
        1.4512477171906013,
        12.190394141308504,
        11.87041664626551,
        5.226921970200891,
        18.749703721936797,
        20.753405161641524,
        20.989084047835124,
        7.701195580039781,
        25.877856448462676,
        12.584695937903398,
        9.052195362623417,
        18.232871622372926,
        17.038566487220162,
        48.76931651171401,
        25.714331174378543,
        43.26041781598418,
        33.55594346895539,
        39.59038764295532,
        64.53867589301728,
        33.97879570726002,
        53.89609309338791,
        49.428916177254386,
        41.28372036571424,
        42.398757622478726,
        40.722811504748016,
        31.85806625470914,
        24.971466419305823,
        20.31240008624255,
        15.47867669979178,
        11.269541851140346,
        8.069493638215171
      ],
      [
        74.16521690773932,
        84.8372947625787,
        88.08813411282699,
        90.698908835376,
        84.4745307081108,
        77.28523366022618,
        67.01732922717166,
        56.41032320980613,
        42.94884822444448,
        32.85470010941756,
        24.1603350835023,
        16.331569606215428,
        10.58850907391901,
        7.542894552417767,
        4.643051935944808,
        3.698117367881841,
        17.210311236422992,
        14.320405297800587,
        12.671209078591543,
        12.949769815885835,
        11.475248926685266,
        9.427411001518662,
        7.533920932579615,
        4.7852170924557065,
        4.089939033317872,
        2.224360381282608,
        2.040069520771821,
        1.426116095610767,
        1.5407062351201242,
        0.9947270272225379,
        1.6667526963768453,
        0.4909093369372423,
        15.543758621112726,
        14.665556496172533,
        14.880864659122599,
        12.392062027836475,
        9.080613644171866,
        7.22710969060958,
        6.171053379839792,
        4.969405139458512,
        4.517609540831729,
        3.7621960921380766,
        2.6537425193254847,
        1.8756597267431008,
        0.9181293944589038,
        1.4563660352813153,
        1.2064340540901883,
        0.3899408608299119,
        16.342396435365856,
        14.001120215740263,
        14.572787697829238,
        12.532890288674555,
        11.48618586058725,
        9.587167275439281,
        7.005642820350659,
        4.36089537109621,
        1.6247374862301818,
        1.9103815317425554,
        0.06293786664289136,
        1.2857748615455835,
        0.04024625839180104,
        0.0019227552555046543,
        0.000001582698799898595,
        0.000002891996097988299,
        8.50099993662583,
        9.8467374558637,
        10.027481288530055,
        8.372411149863904,
        5.781504826756372,
        2.238747650045711,
        0.8944435370685351,
        0.1403004591067827,
