{
  "environment": {
    "python": "3.11.15",
    "packages": {
      "numpy": "2.4.6"
    },
    "dockerImage": "python:3.11-slim"
  },
  "nnls": {
    "Sample001": {
      "SBS1": 1662.0244510247348,
      "SBS2": 18.652815848977728,
      "SBS3": 122.08539942883472,
      "SBS4": 0,
      "SBS5": 0,
      "SBS6": 185.83519331754874,
      "SBS7": 2349.9629738701697,
      "SBS8": 491.35425943441174,
      "SBS9": 0
    },
    "Sample002": {
      "SBS1": 0,
      "SBS2": 1620.4107361712176,
      "SBS3": 18.971294169219743,
      "SBS4": 0,
      "SBS5": 0,
      "SBS6": 1458.1027843920533,
      "SBS7": 207.77012115118953,
      "SBS8": 0,
      "SBS9": 1438.7352359121023
    },
    "Sample003": {
      "SBS1": 0,
      "SBS2": 771.2477485748578,
      "SBS3": 0,
      "SBS4": 0,
      "SBS5": 20.78538648142596,
      "SBS6": 1898.6856103201244,
      "SBS7": 1666.3314614403023,
      "SBS8": 0,
      "SBS9": 92.24490020498156
    },
    "Sample004": {
      "SBS1": 379.3636517417555,
      "SBS2": 0,
      "SBS3": 0,
      "SBS4": 377.32170649433994,
      "SBS5": 0,
      "SBS6": 0,
      "SBS7": 0,
      "SBS8": 2773.614587732912,
      "SBS9": 1150.8950948369238
    },
    "Sample005": {
      "SBS1": 1307.0280659098144,
      "SBS2": 2932.612774330489,
      "SBS3": 26.18018704388484,
      "SBS4": 0,
      "SBS5": 698.553936999852,
      "SBS6": 0,
      "SBS7": 0,
      "SBS8": 0,
      "SBS9": 0
    },
    "Sample006": {
      "SBS1": 1077.1830519859097,
      "SBS2": 0,
      "SBS3": 80.95179353909772,
      "SBS4": 0,
      "SBS5": 0,
      "SBS6": 0,
      "SBS7": 0,
      "SBS8": 1026.8501859031335,
      "SBS9": 2031.1109338215542
    },
    "Sample007": {
      "SBS1": 0,
      "SBS2": 0,
      "SBS3": 391.43125364876244,
      "SBS4": 0,
      "SBS5": 348.0777526502188,
      "SBS6": 0,
      "SBS7": 3611.62399640335,
      "SBS8": 0,
      "SBS9": 6.370589248827808
    },
    "Sample008": {
      "SBS1": 0,
      "SBS2": 0,
      "SBS3": 0,
      "SBS4": 0,
      "SBS5": 35.76022399671787,
      "SBS6": 601.9593436836433,
      "SBS7": 2044.1762012021038,
      "SBS8": 1967.4474298308564,
      "SBS9": 73.81754699825689
    },
    "Sample009": {
      "SBS1": 0,
      "SBS2": 0,
      "SBS3": 0,
      "SBS4": 2391.7078720181585,
      "SBS5": 110.49421952832962,
      "SBS6": 27.52520139436792,
      "SBS7": 0,
      "SBS8": 472.74032839153284,
      "SBS9": 1343.570161120751
    },
    "Sample010": {
      "SBS1": 0,
      "SBS2": 221.29963256743298,
      "SBS3": 0,
      "SBS4": 0,
      "SBS5": 2410.35845778594,
      "SBS6": 1279.2293891366337,
      "SBS7": 928.8439862932485,
      "SBS8": 155.8771647841989,
      "SBS9": 0
    },
    "Sample011": {
      "SBS1": 0,
      "SBS2": 1718.3350841028769,
      "SBS3": 0,
      "SBS4": 0,
      "SBS5": 0,
      "SBS6": 0,
      "SBS7": 1025.7178629432328,
      "SBS8": 0,
      "SBS9": 1641.8903903026892
    },
    "Sample012": {
      "SBS1": 0,
      "SBS2": 0,
      "SBS3": 942.4892338607863,
      "SBS4": 181.4458263323411,
      "SBS5": 0,
      "SBS6": 3350.878322484894,
      "SBS7": 0,
      "SBS8": 0,
      "SBS9": 104.3055908560362
    }
  },
  "nmf": {
    "reconstructionError": 337.4124663432821,
    "components": [
      [
        11.399039415807842,
        6.09725858086443,
        3.758439294845711,
        3.7045103165776228,
        2.921214981091041,
        2.71172160818174,
        4.929554504632504,
        3.7979082298034488,
        6.9691850604707515,
        5.746272539587271,
        2.991975620017755,
        4.731807644940885,
        2.2294234779448763,
        1.2229635227811335,
        2.523509033211486,
        1.8640620825562066,
        1.6861080137507514,
        8.4533792478062,
        2.716890679868147,
        9.672741240432602,
        8.547874781755274,
        10.774395344162606,
        3.3557938086801826,
        6.069580508189001,
        1.9989154351568883,
        4.483274122572438,
        0.6539492910062844,
        4.168038182203862,
        0.11495600760268777,
        2.276066864855238,
        0.12116938972948171,
        1.266598275748645,
        0.7491128203870184,
        1.9580137929130454,
        3.2174745545654364,
        12.027605014223077,
        3.4837800051053613,
        9.068409154149217,
        4.41543959595991,
        6.671329377191857,
        0.8148437828585318,
        5.879368401104456,
        0.5708188143752584,
        0.03413579429515795,
        1.4574310660139767,
        1.8732110774336497,
        1.447480095360985,
        0.01752714989624475,
        7.975771961175306,
        2.2695896374805553,
        8.655283597110813,
        2.7582642183134034,
        10.242936388863981,
        9.073822662583426,
        1.3021718364626367,
        6.843211026628739,
        7.301277415478674,
        0.6655565882626181,
        0.9985443666574094,
        0.3564450722470815,
        1.2492145514362802,
        1.3245132756231874,
        0.028723741638070923,
        1.0276967445214102,
        3.0109590875246757,
        1.4512477171906024,
        12.190394141308483,
        11.870416646265475,
        5.226921970200887,
        18.74970372193676,
        20.753405161641492,
        20.989084047835092,
        7.701195580039795,
        25.877856448462634,
        12.584695937903383,
        9.052195362623399,
        18.232871622372905,
        17.038566487220123,
        48.769316511713946,
        25.714331174378493,
        43.260417815984134,
        33.5559434689553,
        39.590387642955235,
        64.53867589301719,
        33.97879570726001,
        53.89609309338784,
        49.428916177254294,
        41.28372036571418,
        42.398757622478634,
        40.72281150474795,
        31.85806625470909,
        24.971466419305763,
        20.312400086242505,
        15.478676699791746,
        11.269541851140323,
        8.069493638215155
      ],
      [
        74.16521690773914,
        84.83729476257847,
        88.0881341128268,
        90.69890883537575,
        84.47453070811058,
        77.28523366022597,
        67.01732922717149,
        56.410323209805966,
        42.94884822444438,
        32.854700109417486,
        24.160335083502233,
        16.33156960621539,
        10.588509073918978,
        7.542894552417743,
        4.643051935944795,
        3.6981173678818307,
        17.210311236422953,
        14.32040529780055,
        12.671209078591508,
        12.949769815885807,
        11.475248926685234,
        9.427411001518635,
        7.533920932579594,
        4.785217092455697,
        4.089939033317861,
        2.224360381282603,
        2.0400695207718154,
        1.426116095610763,
        1.5407062351201197,
        0.9947270272225357,
        1.6667526963768415,
        0.49090933693724137,
        15.543758621112689,
        14.66555649617249,
        14.88086465912256,
        12.392062027836444,
        9.080613644171843,
        7.227109690609564,
        6.171053379839775,
        4.969405139458502,
        4.517609540831717,
        3.762196092138065,
        2.6537425193254767,
        1.8756597267430957,
        0.9181293944589017,
        1.4563660352813115,
        1.206434054090185,
        0.3899408608299113,
        16.34239643536582,
        14.001120215740226,
        14.572787697829204,
        12.532890288674519,
        11.486185860587222,
        9.587167275439258,
        7.005642820350644,
        4.360895371096203,
        1.6247374862301782,
        1.9103815317425525,
        0.06293786664289154,
        1.285774861545582,
        0.04024625839180119,
        0.0019227552555046643,
        0.0000015826987998986,
        0.0000028919960979883114,
        8.50099993662581,
        9.846737455863684,
        10.027481288530037,
        8.372411149863888,
        5.781504826756365,
        2.2387476500457115,
        0.8944435370685354,
        0.1403004591067827,
        0.02761042571707232,
        0.07807368097734167,
