burden,samples,exposure_cosine_mean,exposure_cosine_ci_low,exposure_cosine_ci_high,exposure_mae_mean,exposure_mae_ci_low,exposure_mae_ci_high,active_recall_mean,active_recall_ci_low,active_recall_ci_high,false_positive_fraction_mean,false_positive_fraction_ci_low,false_positive_fraction_ci_high,reconstruction_cosine_mean,reconstruction_cosine_ci_low,reconstruction_cosine_ci_high
50,64,0.8799273495503235,0.8576767509912044,0.9021779481094425,0.09145946264827066,0.08271592999960294,0.1002029952969384,0.9869791666666666,0.968711152504334,1,0.3580729166666666,0.30666896511573855,0.4094768682175946,0.8672493631996393,0.8409589014218346,0.893539824977444
100,64,0.8955345296106937,0.872917553606072,0.9181515056153153,0.08269983073306554,0.07308673418187567,0.09231292728425541,0.9765624999999999,0.9537088144484955,0.9994161855515042,0.3567708333333332,0.3045003247578102,0.4090413419088562,0.9169351237529818,0.8989290165378496,0.934941230968114
250,64,0.8966654751593531,0.8778068831020702,0.915524067216636,0.08011304564137706,0.07186602494771654,0.08836006633503757,1,1,1,0.3697916666666667,0.3216863115292058,0.4178970218041276,0.9563278737591651,0.947864785769495,0.9647909617488352
500,64,0.9147481652150155,0.8960995199363315,0.9333968104936994,0.0716752861634922,0.06269850584106235,0.08065206648592205,1,1,1,0.30078125,0.2545353395566393,0.3470271604433607,0.9714801163799996,0.9642002218025578,0.9787600109574415
1000,64,0.9326782250605637,0.9157037559167276,0.9496526942043999,0.06126491841787837,0.0528828658854364,0.06964697095032035,1,1,1,0.2669270833333333,0.21137825290270545,0.3224759137639612,0.9829107059823331,0.9783306707921505,0.9874907411725157
2500,64,0.9263077307149304,0.912814308429593,0.9398011530002679,0.06826240425420449,0.0607630006211346,0.07576180788727438,1,1,1,0.32421874999999994,0.27186622516888864,0.37657127483111125,0.9877016637282579,0.9838446232022854,0.9915587042542303
