burden,samples,exposure_cosine_mean,exposure_cosine_ci_low,exposure_cosine_ci_high,exposure_mae_mean,exposure_mae_ci_low,exposure_mae_ci_high,active_recall_mean,active_recall_ci_low,active_recall_ci_high,false_positive_fraction_mean,false_positive_fraction_ci_low,false_positive_fraction_ci_high,reconstruction_cosine_mean,reconstruction_cosine_ci_low,reconstruction_cosine_ci_high
50,64,0.9115183867780497,0.8821865856393204,0.9408501879167791,0.06455374785490448,0.0540856444735741,0.07502185123623485,0.9375,0.9029895345985856,0.9720104654014144,0.16536458333333331,0.11971266107497178,0.21101650559169485,0.8840102673317108,0.8623951880451001,0.9056253466183216
100,64,0.9524509114787645,0.9318483007022705,0.9730535222552584,0.042852556644086236,0.03421035831509325,0.05149475497307922,0.9791666666666666,0.9592420401773007,0.9990912931560325,0.12890625,0.08466195989073984,0.17315054010926018,0.9296252961862932,0.915026149001652,0.9442244433709344
250,64,0.9817295421702052,0.9733141413767934,0.9901449429636171,0.026595878374313996,0.021133026920985218,0.032058729827642775,0.9947916666666666,0.9845833333333333,1,0.08203124999999999,0.045024295619098084,0.11903820438090189,0.9662756204379737,0.9594737838694559,0.9730774570064914
500,64,0.993426235162028,0.9904553360169805,0.9963971343070754,0.016421207507829143,0.013063623825058122,0.019778791190600165,1,1,1,0.026041666666666664,0.005828561082771858,0.046254772250561474,0.9819250669481868,0.9775784023234079,0.9862717315729658
1000,64,0.9957171177617724,0.9941424199493272,0.9972918155742176,0.013399837513082961,0.010635144807122795,0.016164530219043127,1,1,1,0.027343749999999997,0.0061153133984981935,0.048572186601501796,0.990597877605171,0.9881870412611788,0.9930087139491632
2500,64,0.9983666871123988,0.9976071505136208,0.9991262237111769,0.00806713188107058,0.0062591215977307576,0.009875142164410402,1,1,1,0.016927083333333332,0.0005857766857182596,0.0332683899809484,0.9959908022953073,0.9950200694877802,0.9969615351028345
